[    0.000000] Booting Linux on physical CPU 0x0000000000 [0x51af8014]
[    0.000000] Linux version 4.19.292-Grass-perf (Royna@GrassLand) (Neutron clang version 18.0.0 (https://github.com/llvm/llvm-project.git a3da6284c23affdd9092b2641017e99d85c2d89b), Neutron LLD 18.0.0) #1 SMP PREEMPT Sat Sep 2 06:49:22 UTC 2023
[    0.000000] random: crng init done
[    0.000000] Machine model: Qualcomm Technologies, Inc. KHAJE IDP nopmi
[    0.000000] OF: reserved mem: OVERLAP DETECTED!\x0adisp_rdump_region@5c000000 (0x000000005c000000--0x000000005cf00000) overlaps with cont_splash_region@5c000000 (0x000000005c000000--0x000000005cf00000)
[    0.000000] Reserved memory: created CMA memory pool at 0x00000000ff400000, size 8 MiB
[    0.000000] OF: reserved mem: initialized node adsp_region, compatible id shared-dma-pool
[    0.000000] Reserved memory: created CMA memory pool at 0x00000000fe400000, size 16 MiB
[    0.000000] OF: reserved mem: initialized node qseecom_ta_region, compatible id shared-dma-pool
[    0.000000] Reserved memory: created CMA memory pool at 0x00000000fc400000, size 32 MiB
[    0.000000] OF: reserved mem: initialized node linux,cma, compatible id shared-dma-pool
[    0.000000] Reserved memory: created CMA memory pool at 0x00000000fb400000, size 16 MiB
[    0.000000] OF: reserved mem: initialized node user_contig_region, compatible id shared-dma-pool
[    0.000000] Reserved memory: created CMA memory pool at 0x00000000f5800000, size 92 MiB
[    0.000000] OF: reserved mem: initialized node secure_display_region, compatible id shared-dma-pool
[    0.000000] Reserved memory: created CMA memory pool at 0x00000000f5000000, size 8 MiB
[    0.000000] OF: reserved mem: initialized node mem_dump_region, compatible id shared-dma-pool
[    0.000000] Reserved memory: created CMA memory pool at 0x00000000f3c00000, size 20 MiB
[    0.000000] OF: reserved mem: initialized node qseecom_region, compatible id shared-dma-pool
[    0.000000] Removed memory: created DMA memory pool at 0x0000000045700000, size 6 MiB
[    0.000000] OF: reserved mem: initialized node hyp_region@45700000, compatible id removed-dma-pool
[    0.000000] Removed memory: created DMA memory pool at 0x0000000045e00000, size 1 MiB
[    0.000000] OF: reserved mem: initialized node xbl_aop_region@45e00000, compatible id removed-dma-pool
[    0.000000] Removed memory: created DMA memory pool at 0x0000000045fff000, size 0 MiB
[    0.000000] OF: reserved mem: initialized node sec_apps_region@45fff000, compatible id removed-dma-pool
[    0.000000] Removed memory: created DMA memory pool at 0x0000000046000000, size 2 MiB
[    0.000000] OF: reserved mem: initialized node smem_region@46000000, compatible id removed-dma-pool
[    0.000000] Removed memory: created DMA memory pool at 0x0000000046200000, size 30 MiB
[    0.000000] OF: reserved mem: initialized node cdsp_sec_regions@46200000, compatible id removed-dma-pool
[    0.000000] Removed memory: created DMA memory pool at 0x000000004ab00000, size 105 MiB
[    0.000000] OF: reserved mem: initialized node modem_region@4ab00000, compatible id removed-dma-pool
[    0.000000] Removed memory: created DMA memory pool at 0x0000000051400000, size 5 MiB
[    0.000000] OF: reserved mem: initialized node pil_video_region@51400000, compatible id removed-dma-pool
[    0.000000] Removed memory: created DMA memory pool at 0x0000000051900000, size 1 MiB
[    0.000000] OF: reserved mem: initialized node wlan_msa_region@51900000, compatible id removed-dma-pool
[    0.000000] Removed memory: created DMA memory pool at 0x0000000051a00000, size 30 MiB
[    0.000000] OF: reserved mem: initialized node cdsp_regions@51a00000, compatible id removed-dma-pool
[    0.000000] Removed memory: created DMA memory pool at 0x0000000053800000, size 30 MiB
[    0.000000] OF: reserved mem: initialized node pil_adsp_region@53800000, compatible id removed-dma-pool
[    0.000000] Removed memory: created DMA memory pool at 0x0000000055600000, size 0 MiB
[    0.000000] OF: reserved mem: initialized node ipa_fw_region@55600000, compatible id removed-dma-pool
[    0.000000] Removed memory: created DMA memory pool at 0x0000000055610000, size 0 MiB
[    0.000000] OF: reserved mem: initialized node ipa_gsi_region@55610000, compatible id removed-dma-pool
[    0.000000] Removed memory: created DMA memory pool at 0x0000000055615000, size 0 MiB
[    0.000000] OF: reserved mem: initialized node gpu_region@55615000, compatible id removed-dma-pool
[    0.000000] Removed memory: created DMA memory pool at 0x0000000060000000, size 57 MiB
[    0.000000] OF: reserved mem: initialized node removed_region@60000000, compatible id removed-dma-pool
[    0.000000] Removed memory: created DMA memory pool at 0x0000000064000000, size 1 MiB
[    0.000000] OF: reserved mem: initialized node pstore_region@64000000, compatible id removed-dma-pool
[    0.000000] On node 0 totalpages: 1490856
[    0.000000] Normal zone: 24576 pages used for memmap
[    0.000000] Normal zone: 0 pages reserved
[    0.000000] Normal zone: 1490856 pages, LIFO batch:63
[    0.000000] psci: probing for conduit method from DT.
[    0.000000] psci: PSCIv1.0 detected in firmware.
[    0.000000] psci: Using standard PSCI v0.2 function IDs
[    0.000000] psci: MIGRATE_INFO_TYPE not supported.
[    0.000000] psci: SMC Calling Convention v1.1
[    0.000000] percpu: Embedded 25 pages/cpu s63064 r8192 d31144 u102400
[    0.000000] pcpu-alloc: s63064 r8192 d31144 u102400 alloc=25*4096
[    0.000000] pcpu-alloc: [0] 0 [0] 1 [0] 2 [0] 3 [0] 4 [0] 5 [0] 6 [0] 7 
[    0.000000] Detected VIPT I-cache on CPU0
[    0.000000] CPU features: enabling workaround for ARM erratum 845719
[    0.000000] CPU features: kernel page table isolation disabled by kernel configuration
[    0.000000] Built 1 zonelists, mobility grouping on.  Total pages: 1466280
[    0.000000] Kernel command line:  rcupdate.rcu_expedited=1 rcu_nocbs=0-7 kpti=off androidboot.hardware=qcom androidboot.memcg=1 lpm_levels.sleep_disabled=1 msm_rtb.filter=0x237 service_locator.enable=1 swiotlb=2048 androidboot.selinux=permissive androidboot.usbcontroller=4e00000.dwc3 androidboot.console=ttyMSM0 loop.max_part=7 buildvariant=eng androidboot.wt_rollback_version=0 androidboot.verifiedbootstate=orange androidboot.keymaster=1 androidboot.nv_region=PRC androidboot.bootdevice=4804000.ufshc androidboot.fstab_suffix=default androidboot.boot_devices=soc/4804000.ufshc androidboot.serialno=HA1NL640 androidboot.zero_flag=0 androidboot.cteisn=0123456789ABCDE androidboot.countrycode=ECXX androidboot.pcbaserialno=01A2B3C4D5E6F7G8H9J0K1L androidboot.debug_flag=1 fastboot_enable=1 sd_update_enable=1 hard_reset_enable=1 androidboot.otgdis=0 androidboot.chargerdis=0 androidboot.recoverydis=0 androidboot.logoen=0 androidboot.baseband=msm msm_drm.dsi_display0=qcom,mdss_dsi_hx83102p_boe_2k_vid
[    0.000000] log_buf_len individual max cpu contribution: 131072 bytes
[    0.000000] log_buf_len total cpu_extra contributions: 917504 bytes
[    0.000000] log_buf_len min size: 131072 bytes
[    0.000000] log_buf_len: 1048576 bytes
[    0.000000] early log buf free: 123900(94%)
[    0.000000] Dentry cache hash table entries: 1048576 (order: 11, 8388608 bytes)
[    0.000000] Inode-cache hash table entries: 524288 (order: 10, 4194304 bytes)
[    0.000000] mem auto-init: stack:all(zero), heap alloc:on, heap free:off
[    0.000000] Memory: 5566476K/5963424K available (23998K kernel code, 2730K rwdata, 8684K rodata, 1344K init, 4441K bss, 200340K reserved, 196608K cma-reserved)
[    0.000000] SLUB: HWalign=64, Order=0-3, MinObjects=0, CPUs=8, Nodes=1
[    0.000000] rcu: Preemptible hierarchical RCU implementation.
[    0.000000] rcu: \x09RCU dyntick-idle grace-period acceleration is enabled.
[    0.000000] \x09All grace periods are expedited (rcu_expedited).
[    0.000000] \x09Tasks RCU enabled.
[    0.000000] NR_IRQS: 64, nr_irqs: 64, preallocated irqs: 0
[    0.000000] GICv3: Distributor has no Range Selector support
[    0.000000] GICv3: no VLPI support, no direct LPI support
[    0.000000] rcu: \x09Offload RCU callbacks from CPUs: 0-7.
[    0.000000] arch_timer: CPU0: Trapping CNTVCT access
[    0.000000] arch_timer: cp15 and mmio timer(s) running at 19.20MHz (virt/virt).
[    0.000000] clocksource: arch_sys_counter: mask: 0xffffffffffffff max_cycles: 0x46d987e47, max_idle_ns: 440795202767 ns
[    0.000003] sched_clock: 56 bits at 19MHz, resolution 52ns, wraps every 4398046511078ns
[    0.000015] clocksource: Switched to clocksource arch_sys_counter
[    0.001591] Calibrating delay loop (skipped), value calculated using timer frequency.. 38.40 BogoMIPS (lpj=76800)
[    0.001607] pid_max: default: 32768 minimum: 301
[    0.001736] Security Framework initialized
[    0.001746] SELinux:  Initializing.
[    0.001864] Mount-cache hash table entries: 16384 (order: 5, 131072 bytes)
[    0.001887] Mountpoint-cache hash table entries: 16384 (order: 5, 131072 bytes)
[    0.003137] ASID allocator initialised with 65536 entries
[    0.003220] rcu: Hierarchical SRCU implementation.
[    0.005272] scm_call failed: func id 0x42001907, ret: -1, syscall returns: 0x0, 0x0, 0x0
[    0.005283] scm_mem_protection_init_do_qrks: SCM call failed
[    0.005423] scm_mem_protection_init: SCM call failed
[    0.006518] shmbridge is enabled
[    0.006989] smp: Bringing up secondary CPUs ...
[    0.009233] Detected VIPT I-cache on CPU1
[    0.009311] arch_timer: CPU1: Trapping CNTVCT access
[    0.009317] CPU1: Booted secondary processor 0x0000000001 [0x51af8014]
[    0.011521] Detected VIPT I-cache on CPU2
[    0.011589] arch_timer: CPU2: Trapping CNTVCT access
[    0.011596] CPU2: Booted secondary processor 0x0000000002 [0x51af8014]
[    0.013805] Detected VIPT I-cache on CPU3
[    0.013873] arch_timer: CPU3: Trapping CNTVCT access
[    0.013879] CPU3: Booted secondary processor 0x0000000003 [0x51af8014]
[    0.016842] CPU features: enabling workaround for ARM erratum 858921
[    0.016876] SSBD disabled by kernel configuration
[    0.016885] CPU features: enabling workaround for Speculative Store Bypass Disable
[    0.016914] CPU features: enabling workaround for Spectre-BHB
[    0.016931] Detected VIPT I-cache on CPU4
[    0.016963] CPU features: Unsupported CPU feature variation detected.
[    0.017030] arch_timer: Enabling local workaround for ARM erratum 858921
[    0.017062] arch_timer: CPU4: Trapping CNTVCT access
[    0.017079] CPU4: Booted secondary processor 0x0000000100 [0x411fd090]
[    0.019616] Detected VIPT I-cache on CPU5
[    0.019705] arch_timer: Enabling local workaround for ARM erratum 858921
[    0.019731] arch_timer: CPU5: Trapping CNTVCT access
[    0.019748] CPU5: Booted secondary processor 0x0000000101 [0x411fd090]
[    0.022339] Detected VIPT I-cache on CPU6
[    0.022430] arch_timer: Enabling local workaround for ARM erratum 858921
[    0.022456] arch_timer: CPU6: Trapping CNTVCT access
[    0.022472] CPU6: Booted secondary processor 0x0000000102 [0x411fd090]
[    0.024979] Detected VIPT I-cache on CPU7
[    0.025073] arch_timer: Enabling local workaround for ARM erratum 858921
[    0.025098] arch_timer: CPU7: Trapping CNTVCT access
[    0.025116] CPU7: Booted secondary processor 0x0000000103 [0x411fd090]
[    0.025562] smp: Brought up 1 node, 8 CPUs
[    0.025619] SMP: Total of 8 processors activated.
[    0.025628] CPU features: detected: GIC system register CPU interface
[    0.025633] CPU features: detected: 32-bit EL0 Support
[    0.025874] CPU features: emulated: Privileged Access Never (PAN) using TTBR0_EL1 switching
[    0.025880] CPU: All CPU(s) started at EL1
[    0.025940] alternatives: patching kernel code
[    0.064988] Registered cp15_barrier emulation handler
[    0.065012] Registered setend emulation handler
[    0.065301] clocksource: jiffies: mask: 0xffffffff max_cycles: 0xffffffff, max_idle_ns: 7645041785100000 ns
[    0.065381] futex hash table entries: 2048 (order: 5, 131072 bytes)
[    0.075797] pinctrl core: initialized pinctrl subsystem
[    0.075948] regulator: Failed to create debugfs directory
[    0.076878] NET: Registered protocol family 16
[    0.079235] schedtune: configured to support 6 boost groups
[    0.080437] cpuidle: using governor menu
[    0.080706] cpuidle: using governor qcom
[    0.080967] NET: Registered protocol family 42
[    0.081885] hw-breakpoint: found 6 breakpoint and 4 watchpoint registers.
[    0.085329] DMA: preallocated 256 KiB pool for atomic allocations
[    0.087059] DMA: preallocated 256 KiB pool for atomic allocations
[    0.087701] exit: IPA_USB init success!
[    0.110321] platform 61800000.qseecom: assigned reserved memory node qseecom_region
[    0.114250] platform ab00000.qcom,lpass: assigned reserved memory node pil_adsp_region@53800000
[    0.114614] platform b300000.qcom,turing: assigned reserved memory node cdsp_regions@51a00000
[    0.114820] platform soc:mem_dump: assigned reserved memory node mem_dump_region
[    0.118985] platform soc:qcom,smem: assigned reserved memory node smem_region@46000000
[    0.119673] platform soc:qcom,msm-adsprpc-mem: assigned reserved memory node adsp_region
[    0.123745] platform 5ab0000.qcom,venus: assigned reserved memory node pil_video_region@51400000
[    0.124422] platform 6080000.qcom,mss: assigned reserved memory node modem_region@4ab00000
[    0.126771] platform soc:qcom,ipa_fws: assigned reserved memory node ipa_fw_region@55600000
[    0.201964] msm-dcc 1be2000.dcc_v2: DCC list passed 2
[    0.203635] msm-dcc 1be2000.dcc_v2: All values written to enable.
[    0.203964] msm-dcc 1be2000.dcc_v2: DCC list passed 3
[    0.207938] msm-dcc 1be2000.dcc_v2: All values written to enable.
[    0.210781] Unable to find DT property: qcom,msm-imem-download_mode
[    0.212695] Unable to find DT property: qcom,msm-imem-emergency_download_mode
[    0.214565] msm_watchdog f017000.qcom,wdt: wdog absent resource not present
[    0.214923] msm_watchdog f017000.qcom,wdt: MSM Watchdog Initialized
[    0.220833] MSM Memory Dump base table set up
[    0.220871] MSM Memory Dump apps data table set up
[    0.223845] qcom_glink_rpm soc:rpm-glink: failed to register early notif -22
[    0.224689] qcom_smd_rpm_probe: RPM-SMD running version 0
[    0.225491] sps:sps is ready.
[    0.225987] spmi spmi-0: PMIC arbiter version v5 (0x50010000)
[    0.279843] KPI: Bootloader start count = 81664
[    0.279863] KPI: Bootloader end count = 1132195
[    0.279877] KPI: Bootloader display count = 1355356125
[    0.279890] KPI: Bootloader load kernel count = 2700799901
[    0.279902] KPI: Kernel MPM timestamp = 1149324
[    0.279913] KPI: Kernel MPM Clock frequency = 32768
[    0.279958] socinfo_print: v0.15, id=518, ver=1.0, raw_id=440, raw_ver=0, hw_plat=34, hw_plat_ver=65536\x0a accessory_chip=0, hw_plat_subtype=0, pmic_model=65581, pmic_die_revision=65537 foundry_id=1 serial_number=2393905119 num_pmics=1 chip_family=0x7e raw_device_family=0x9 raw_device_number=0x7 nproduct_id=0x43a num_clusters=0x0 ncluster_array_offset=0xb0 num_subset_parts=0xc nsubset_parts_array_offset=0xb0 nmodem_supported=0xff
[    0.283747] arm-smmu 59a0000.kgsl-smmu: Couldn't get clock: gcc_gpu_memnoc_gfx
[    0.285252] AXI: msm_bus_scale_register_client(): msm_bus_scale_register_client: Bus driver not ready.
[    0.285275] arm-smmu c600000.apps-smmu: Bus client registration failed
[    0.286158] Error: Driver 'arm-smmu' is already registered, aborting...
[    0.286720] SCSI subsystem initialized
[    0.286986] usbcore: registered new interface driver usbfs
[    0.287054] usbcore: registered new interface driver hub
[    0.287116] usbcore: registered new device driver usb
[    0.287511] usb_phy_generic soc:usb_nop_phy: soc:usb_nop_phy supply vcc not found, using dummy regulator
[    0.287550] usb_phy_generic soc:usb_nop_phy: Linked as a consumer to regulator.0
[    0.288078] tcpc_class_init (2.0.16_G)
[    0.288094] SVDM supported mode [0]: name = DisplayPort, svid = 0xff01
[    0.288107] SVDM supported mode [1]: name = Direct Charge, svid = 0x29cf
[    0.288119] dpm_check_supported_modes : found "disorder"...
[    0.288150] TCPC class init OK
[    0.288166] Init Richtek RegMap 1.2.1_G
[    0.288922] qcom,qpnp-power-on 1c40000.qcom,spmi:qcom,pm6125@0:qcom,power-on@800: PMIC@SID0 Power-on reason: Triggered from Hard Reset and 'cold' boot
[    0.288968] qcom,qpnp-power-on 1c40000.qcom,spmi:qcom,pm6125@0:qcom,power-on@800: PMIC@SID0: Power-off reason: Triggered from PS_HOLD (PS_HOLD/MSM Controlled Shutdown)
[    0.289381] input: qpnp_pon as /devices/platform/soc/1c40000.qcom,spmi/spmi-0/spmi0-00/1c40000.qcom,spmi:qcom,pm6125@0:qcom,power-on@800/input/input0
[    0.290748] media: Linux media interface: v0.10
[    0.290810] videodev: Linux video capture interface: v2.00
[    0.305959] qcom-cpufreq-hw f521000.qcom,cpufreq-hw: CPUFreq resource init failed
[    0.309003] platform soc:qcom,ion:qcom,ion-heap@10: assigned reserved memory node secure_display_region
[    0.309468] platform soc:qcom,ion:qcom,ion-heap@26: assigned reserved memory node user_contig_region
[    0.309722] platform soc:qcom,ion:qcom,ion-heap@27: assigned reserved memory node qseecom_region
[    0.309962] platform soc:qcom,ion:qcom,ion-heap@19: assigned reserved memory node qseecom_ta_region
[    0.316229] ION heap system created
[    0.316517] ION heap secure_heap created
[    0.316545] ION heap secure_display created at 0x00000000f5800000 with size 5c00000
[    0.485971] platform soc:qcom,ion:qcom,ion-heap@14: ion_secure_carveout: creating heap@0x46200000, size 0x1e00000
[    0.486001] ION heap secure_carveout created
[    0.486028] ION heap user_contig created at 0x00000000fb400000 with size 1000000
[    0.486046] ION heap qsecom created at 0x00000000f3c00000 with size 1400000
[    0.486061] ION heap qsecom_ta created at 0x00000000fe400000 with size 1000000
[    0.488977] PMIC@SID0: PM6125 v1.1 options: 0, 0, 0, 0
[    0.493694] Advanced Linux Sound Architecture Driver Initialized.
[    0.494583] Bluetooth: Core ver 2.22
[    0.494648] NET: Registered protocol family 31
[    0.494662] Bluetooth: HCI device and connection manager initialized
[    0.494687] Bluetooth: HCI socket layer initialized
[    0.494704] Bluetooth: L2CAP socket layer initialized
[    0.494726] Bluetooth: SCO socket layer initialized
[    0.504902] qcom-clk-smd-rpm soc:clock-controller: Registered RPM clocks
[    0.506142] pm6125_s3_level: Bringing 1uV into 16-16uV
[    0.506823] pm6125_s3_floor_level: Bringing 1uV into 16-16uV
[    0.507295] gpu_cx_gdsc: supplied by pm6125_s3_level
[    0.507340] gpu_gx_gdsc: supplied by pm6125_s3_level
[    0.507770] pm6125_s3_level_ao: Bringing 1uV into 16-16uV
[    0.509254] pm6125_s5_level: Bringing 1uV into 16-16uV
[    0.509864] pm6125_s5_floor_level: Bringing 1uV into 16-16uV
[    0.510731] pm6125_s5_level_ao: Bringing 1uV into 16-16uV
[    0.514727] pm6125_l2_level: Bringing 1uV into 16-16uV
[    0.515511] pm6125_l3_level: Bringing 1uV into 16-16uV
[    0.531154] disp_cc-khaje 5f00000.clock-controller: Linked as a consumer to regulator.14
[    0.531200] disp_cc-khaje 5f00000.clock-controller: Dropping the link to regulator.14
[    0.531671] gcc-khaje 1400000.clock-controller: Linked as a consumer to regulator.14
[    0.531729] gcc-khaje 1400000.clock-controller: Linked as a consumer to regulator.17
[    0.553092] gcc-khaje 1400000.clock-controller: Registered GCC clocks
[    0.553539] gpu_cc-khaje 5990000.clock-controller: Linked as a consumer to regulator.14
[    0.553596] gpu_cc-khaje 5990000.clock-controller: Linked as a consumer to regulator.17
[    0.556766] gpu_cc_gx_gfx3d_clk_src: set OPP pair(320000000 Hz: 64 uV) on 5900000.qcom,kgsl-3d0
[    0.556824] gpu_cc_gx_gfx3d_clk_src: set OPP pair(1260000000 Hz: 464 uV) on 5900000.qcom,kgsl-3d0
[    0.556997] gpu_cc-khaje 5990000.clock-controller: Registered GPU CC clocks
[    0.557900] arm-smmu 59a0000.kgsl-smmu: Linked as a consumer to regulator.12
[    0.558061] arm-smmu 59a0000.kgsl-smmu: \x09non-coherent table walk
[    0.558084] arm-smmu 59a0000.kgsl-smmu: \x09(IDR0.CTTW overridden by FW configuration)
[    0.558107] arm-smmu 59a0000.kgsl-smmu: \x09stream matching with 4 register groups
[    0.563750] AXI: msm_bus_scale_register_client(): msm_bus_scale_register_client: Bus driver not ready.
[    0.563782] arm-smmu c600000.apps-smmu: Bus client registration failed
[    0.565780] cpufreq: driver qcom-cpufreq-hw up and running
[    0.566407] disp_cc-khaje 5f00000.clock-controller: Linked as a consumer to regulator.14
[    0.567175] disp_cc-khaje 5f00000.clock-controller: Registered DISP CC clocks
[    0.567466] AXI: msm_bus_scale_register_client(): msm_bus_scale_register_client: Bus driver not ready.
[    0.567470] arm-smmu c600000.apps-smmu: Bus client registration failed
[    0.567770] clocksource: Switched to clocksource arch_sys_counter
[    0.594589] VFS: Disk quotas dquot_6.6.0
[    0.594629] VFS: Dquot-cache hash table entries: 512 (order 0, 4096 bytes)
[    0.596280] khaje-debugcc soc:clock-controller@0: Registered debug measure clocks
[    0.596530] msm_bus_fabric_init_driver
[    0.599754] msm_bus_dev_init_qos: Skipping QOS init for 26
[    0.599804] msm_bus_device 1880000.ad-hoc-bus: Bus scaling driver probe successful
[    0.600743] mdss_pll_probe: MDSS pll label = MDSS DSI 0 PLL
[    0.601511] dsi_pll_clock_register_7nm: Registered DSI PLL ndx=0, clocks successfully
[    0.601714] NET: Registered protocol family 2
[    0.601906] IP idents hash table entries: 131072 (order: 8, 1048576 bytes)
[    0.603207] tcp_listen_portaddr_hash hash table entries: 4096 (order: 4, 65536 bytes)
[    0.603332] TCP established hash table entries: 65536 (order: 7, 524288 bytes)
[    0.603526] TCP bind hash table entries: 65536 (order: 8, 1048576 bytes)
[    0.603777] TCP: Hash tables configured (established 65536 bind 65536)
[    0.603835] UDP hash table entries: 4096 (order: 5, 131072 bytes)
[    0.603903] UDP-Lite hash table entries: 4096 (order: 5, 131072 bytes)
[    0.604008] NET: Registered protocol family 1
[    0.604605] arm-smmu c600000.apps-smmu: \x09non-coherent table walk
[    0.604608] arm-smmu c600000.apps-smmu: \x09(IDR0.CTTW overridden by FW configuration)
[    0.604611] arm-smmu c600000.apps-smmu: \x09stream matching with 50 register groups
[    0.605208] qsmmuv500-tbu c789000.mm_rt_tbu: Linked as a consumer to regulator.9
[    0.605325] qsmmuv500-tbu c78d000.mm_nrt_tbu: Linked as a consumer to regulator.10
[    0.605431] qsmmuv500-tbu c791000.cdsp_tbu: Linked as a consumer to regulator.8
[    0.605608] ipa soc:ipa_smmu_ap: Linked as a consumer to c600000.apps-smmu
[    0.607935] iommu: Adding device soc:ipa_smmu_ap to group 0
[    0.608057] ipa: get resource failed for ipa-hw-ver!
[    0.608122] ipa soc:ipa_smmu_wlan: Linked as a consumer to c600000.apps-smmu
[    0.608307] iommu: Adding device soc:ipa_smmu_wlan to group 1
[    0.608378] ipa: get resource failed for ipa-hw-ver!
[    0.608416] ipa soc:ipa_smmu_uc: Linked as a consumer to c600000.apps-smmu
[    0.608589] iommu: Adding device soc:ipa_smmu_uc to group 2
[    0.608659] ipa: get resource failed for ipa-hw-ver!
[    0.608687] qupv3_geni_se 4ac0000.qcom,qupv3_0_geni_se: Linked as a consumer to c600000.apps-smmu
[    0.612045] iommu: Adding device 4ac0000.qcom,qupv3_0_geni_se to group 3
[    0.612390] Trying to unpack rootfs image as initramfs...
[    0.961275] Freeing initrd memory: 27428K
[    0.962075] hw perfevents: enabled with armv8_pmuv3 PMU driver, 7 counters available
[    0.962813] Initialise system trusted keyrings
[    0.962934] workingset: timestamp_bits=45 max_order=21 bucket_order=0
[    0.964525] exFAT: Version 1.2.9
[    0.964545] ntfs3: +index binary search
[    0.964545] ntfs3: +check free clusters
[    0.964547] ntfs3: max link count 1024
[    0.964549] ntfs3: 32 bits per cluster
[    0.964568] fuse init (API version 7.27)
[    0.968947] Key type asymmetric registered
[    0.968950] Asymmetric key parser 'x509' registered
[    0.968955] io scheduler noop registered
[    0.968989] io scheduler cfq registered (default)
[    0.968992] io scheduler mq-deadline registered
[    0.968994] io scheduler kyber registered
[    0.969019] io scheduler bfq registered
[    0.972111] gpi_dma 4a00000.qcom,gpi-dma: Linked as a consumer to c600000.apps-smmu
[    0.972323] iommu: Adding device 4a00000.qcom,gpi-dma to group 4
[    0.973240] subsys-pil-tz ab00000.qcom,lpass: Linked as a consumer to regulator.25
[    0.973250] subsys-pil-tz ab00000.qcom,lpass: Linked as a consumer to regulator.24
[    0.973574] subsys-pil-tz b300000.qcom,turing: Linked as a consumer to regulator.14
[    0.973785] subsys-pil-tz 5ab0000.qcom,venus: Linked as a consumer to regulator.6
[    0.973820] minidump-id not found for venus
[    0.973839] subsys-pil-tz 5ab0000.qcom,venus: for venus segments only will be dumped.
[    0.973856] subsys-pil-tz 5ab0000.qcom,venus: for md_venus segments only will be dumped.
[    0.973925] subsys-pil-tz 6080000.qcom,mss: Linked as a consumer to regulator.14
[    0.974143] minidump-id not found for ipa_fws
[    0.974160] subsys-pil-tz soc:qcom,ipa_fws: for ipa_fws segments only will be dumped.
[    0.974217] subsys-pil-tz soc:qcom,ipa_fws: for md_ipa_fws segments only will be dumped.
[    0.974290] minidump-id not found for a610_zap
[    0.974306] subsys-pil-tz soc:qcom,kgsl-hyp: for a610_zap segments only will be dumped.
[    0.974323] subsys-pil-tz soc:qcom,kgsl-hyp: for md_a610_zap segments only will be dumped.
[    0.974838] memshare_child soc:qcom,memshare:qcom,client_1: for memshare_GPS segments only will be dumped.
[    0.974867] memshare_child soc:qcom,memshare:qcom,client_2: for memshare_FTM segments only will be dumped.
[    0.974896] memshare_child soc:qcom,memshare:qcom,client_3: for memshare_DIAG segments only will be dumped.
[    0.975401] scm_call failed: func id 0xc2000502, ret: -2, syscall returns: 0xffffffffffffffff, 0x0, 0x0
[    0.975404] msm-eud 1610000.qcom,msm-eud: TCSR scm_io_write failed with rc:-22
[    0.976381] icnss c800000.qcom,icnss: Linked as a consumer to c600000.apps-smmu
[    0.976743] iommu: Adding device c800000.qcom,icnss to group 5
[    0.976803] icnss: Recursive recovery allowed for WLAN
[    0.976821] icnss c800000.qcom,icnss: Linked as a consumer to regulator.30
[    0.976835] icnss c800000.qcom,icnss: Linked as a consumer to regulator.38
[    0.976848] icnss c800000.qcom,icnss: Linked as a consumer to regulator.39
[    0.976875] icnss c800000.qcom,icnss: Linked as a consumer to regulator.45
[    0.976933] icnss c800000.qcom,icnss: for wcss_msa0 segments only will be dumped.
[    0.976978] icnss: Unable to create debugfs -19
[    0.977000] icnss: Platform driver probed successfully
[    0.977659] msm_geni_serial 4a8c000.qcom,qup_uart: Wakeup byte 0xfd
[    0.977721] msm_geni_serial 4a8c000.qcom,qup_uart: Serial port0 added.FifoSize 64 is_console0
[    0.977726] msm_geni_serial 4a8c000.qcom,qup_uart: Failed to create dbg dir
[    0.979629] 4a8c000.qcom,qup_uart: ttyHS0 at MMIO 0x4a8c000 (irq = 144, base_baud = 0) is a MSM
[    0.979824] msm_geni_serial_init: Driver initialized
[    1.002092] brd: module loaded
[    1.006288] loop: module loaded
[    1.006413] zram: Added device: zram0
[    1.007090] QSEECOM: qseecom_init_control: qseecom.qsee_version = 0x1402000
[    1.007166] QSEECOM: qseecom_retrieve_ce_data: Device does not support PFE
[    1.012218] qce 1b20000.qcedev: Linked as a consumer to c600000.apps-smmu
[    1.012758] iommu: Adding device 1b20000.qcedev to group 6
[    1.016458] qce 1b20000.qcedev: QTI Crypto 5.5.1 device found @0x1b20000
[    1.016740] sps:BAM 0x0000000001b04000 is registered.
[    1.016976] sps:BAM 0x0000000001b04000 (va:0x000000001bc9aab8) enabled: ver:0x27, number of pipes:16
[    1.017348] QCE50: qce_sps_init:  QTI MSM CE-BAM at 0x0000000001b04000 irq 19
[    1.020472] qce 1b20000.qcedev:qcom_cedev_ns_cb: Linked as a consumer to c600000.apps-smmu
[    1.020941] iommu: Adding device 1b20000.qcedev:qcom_cedev_ns_cb to group 7
[    1.021467] qce 1b20000.qcedev:qcom_cedev_s_cb: Linked as a consumer to c600000.apps-smmu
[    1.022322] iommu: Adding device 1b20000.qcedev:qcom_cedev_s_cb to group 8
[    1.023424] Error: Driver 'qcrypto' is already registered, aborting...
[    1.024278] ufshcd-qcom 4804000.ufshc: ufshcd_populate_vreg: Unable to find vccq-supply regulator, assuming enabled
[    1.024361] ufshcd-qcom 4804000.ufshc: Linked as a consumer to regulator.3
[    1.024592] ufshcd-qcom 4804000.ufshc: Linked as a consumer to regulator.46
[    1.024612] ufshcd-qcom 4804000.ufshc: Linked as a consumer to regulator.33
[    1.025741] ufshcd-qcom 4804000.ufshc: Linked as a consumer to regulator.40
[    1.025782] ufs_qcom_phy_qmp_v4 4807000.ufsphy_mem: Linked as a consumer to regulator.40
[    1.025800] ufs_qcom_phy_qmp_v4 4807000.ufsphy_mem: Linked as a consumer to regulator.26
[    1.026075] ufshcd-qcom 4804000.ufshc: ufs_qcom_parse_reg_info: Unable to find qcom,vccq-parent-supply regulator, assuming enabled
[    1.028278] scsi host0: ufshcd
[    1.040727] SCSI Media Changer driver v0.25 
[    1.041507] spi_geni 4a80000.spi: spi_geni_probe: completed
[    1.041619] Ethernet Channel Bonding Driver: v3.7.1 (April 27, 2011)
[    1.042837] wireguard: WireGuard 1.0.20220627 loaded. See www.wireguard.com for information.
[    1.042841] wireguard: Copyright (C) 2015-2019 Jason A. Donenfeld <Jason@zx2c4.com>. All Rights Reserved.
[    1.043042] tun: Universal TUN/TAP device driver, 1.6
[    1.043100] PPP generic driver version 2.4.2
[    1.043136] PPP BSD Compression module registered
[    1.043141] PPP Deflate Compression module registered
[    1.043176] PPP MPPE Compression module registered
[    1.043182] NET: Registered protocol family 24
[    1.043194] PPTP driver version 0.8.5
[    1.043761] cnss_utils: Unable to create debugfs -19
[    1.044864] wcnss_pre_alloc_init: Failed to create debugfs dir
[    1.044870] CLD80211: Initializing
[    1.044959] usbcore: registered new interface driver r8152
[    1.044973] usbcore: registered new interface driver asix
[    1.045066] usbcore: registered new interface driver ax_usb_nic
[    1.045080] usbcore: registered new interface driver cdc_ether
[    1.045089] usbcore: registered new interface driver net1080
[    1.045100] usbcore: registered new interface driver cdc_subset
[    1.045111] usbcore: registered new interface driver zaurus
[    1.045127] usbcore: registered new interface driver cdc_ncm
[    1.052857] ufshcd-qcom 4804000.ufshc: ufshcd_print_pwr_info:[RX, TX]: gear=[1, 1], lane[1, 1], pwr[SLOWAUTO_MODE, SLOWAUTO_MODE], rate = 0
[    1.057211] msm_sharedmem: msm_sharedmem_probe: Device created for client 'rmtfs'
[    1.058658] msm-usb-hsphy 1613000.hsphy: Linked as a consumer to regulator.26
[    1.058696] msm-usb-hsphy 1613000.hsphy: Linked as a consumer to regulator.37
[    1.058713] msm-usb-hsphy 1613000.hsphy: Linked as a consumer to regulator.34
[    1.059355] msm-dwc3 4e00000.ssusb: Linked as a consumer to c600000.apps-smmu
[    1.059857] iommu: Adding device 4e00000.ssusb to group 9
[    1.060275] msm-dwc3 4e00000.ssusb: Linked as a consumer to regulator.4
[    1.061963] dwc3 4e00000.dwc3: Failed to get clk 'ref': -2
[    1.062140] dwc3 4e00000.dwc3: changing max_speed on rev 00000000
[    1.063507] Invalid index Defaulting curr to 0
[    1.064732] msm-dwc3 4e00000.ssusb: Dropping the link to regulator.4
[    1.065605] usbcore: registered new interface driver uas
[    1.065626] usbcore: registered new interface driver usb-storage
[    1.065638] usbcore: registered new interface driver usb_ehset_test
[    1.065648] usbcore: registered new interface driver lvs
[    1.066715] rt-pd-manager soc:rt-pd-manager: rt_pd_manager_probe (0.0.8_G) probe_cnt = 1
[    1.066769] rt-pd-manager soc:rt-pd-manager: rt_pd_manager_probe get usb psy fail
[    1.067103] usbcore: registered new interface driver xpad
[    1.067754] rtc-pm8xxx 1c40000.qcom,spmi:qcom,pm6125@0:qcom,pm6125_rtc: rtc core: registered pm8xxx_rtc as rtc0
[    1.067841] rtc-pm8xxx 1c40000.qcom,spmi:qcom,pm6125@0:qcom,pm6125_rtc: setting system clock to 1970-01-01 05:52:11 UTC (21131)
[    1.067980] i2c /dev entries driver
[    1.068394] i2c_geni 4a84000.i2c: Bus frequency is set to 400000Hz
[    1.070287] i2c_geni 4a84000.i2c: i2c error :-107
[    1.070465] i2c_geni 4a84000.i2c: i2c error :-107
[    1.070637] i2c_geni 4a84000.i2c: i2c error :-107
[    1.070815] i2c_geni 4a84000.i2c: i2c error :-107
[    1.070819] I2C PMIC: i2c_pmic_read: i2c_pmic_read failed for 3 retries, rc = -107
[    1.070821] I2C PMIC: i2c_pmic_determine_initial_status: Couldn't read irq data rc=-107
[    1.070824] I2C PMIC: i2c_pmic_probe: Couldn't determine initial status rc=-107
[    1.070834] i2c_pmic: probe of 0-0008 failed with error -107
[    1.070934] i2c i2c-0: of_i2c: invalid reg on /soc/i2c@4a84000/battery
[    1.070938] i2c i2c-0: Failed to create I2C device for /soc/i2c@4a84000/battery
[    1.071122] i2c_geni 4a88000.i2c: Bus frequency is set to 400000Hz
[    1.071305] ocp2138_i2c_probe begin
[    1.071611] ocp2138_i2c_probe() OKAY.
[    1.072560] i2c_geni 4a94000.i2c: Bus frequency is set to 400000Hz
[    1.073377] rt1711_i2c_probe (2.0.5_G)
[    1.073380] I2C functionality : OK...
[    1.076505] 0
[    1.076509] t2-t1 = 2
[    1.076511] 1
[    1.076512] t2-t1 = 1
[    1.076514] 2
[    1.076515] t2-t1 = 2
[    1.076517] 3
[    1.076519] t2-t1 = 1
[    1.076520] 4
[    1.076522] t2-t1 = 1
[    1.076523] 5
[    1.076524] t2-t1 = 1
[    1.076527] 6
[    1.076528] t2-t1 = 2
[    1.076529] 7
[    1.076530] t2-t1 = 1
[    1.076531] 8
[    1.076532] t2-t1 = 1
[    1.076533] 9
[    1.076534] t2-t1 = 1
[    1.076539] rt_parse_dt
[    1.076551] lsw rt_parse_dt no rt1711h-en info
[    1.076577] rt1711h_chipID = 0x2173
[    1.076579] rt1711h pid = 0x1711
[    1.076585] rt_regmap_device_register_ex name = rt1711-4e
[    1.076602] rt_regmap_cache_init
[    1.076610] rt_regmap_cache_init successfully
[    1.076613] rt_regmap_rt1711-4e: rt_regmap_set_cache_mode mode_mask = 0
[    1.076616] rt_regmap_rt1711-4e: rt_regmap_cache_reload
[    1.076621] usb_type_c 2-004e: rt1711_tcpcdev_init
[    1.076628] tcpc_device_register register tcpc device (type_c_port0)
[    1.076734] PD Timer number = 55
[    1.076905] tcpci_timer_init : init OK
[    1.076909] pd_parse_pdata
[    1.076917] pd_parse_pdata src pdo data =
[    1.076920] pd_parse_pdata 0: 0x00019032
[    1.076925] pd_parse_pdata snk pdo data =
[    1.076927] pd_parse_pdata 0: 0x000190c8
[    1.076928] pd_parse_pdata 1: 0x000190c8
[    1.076930] pd_parse_pdata 2: 0x0002d0c8
[    1.076934] pd_parse_pdata id vdos data =
[    1.076936] pd_parse_pdata 0: 0xd54029cf
[    1.076937] pd_parse_pdata 1: 0x00000000
[    1.076939] pd_parse_pdata 2: 0x17110000
[    1.076940] pd_parse_pdata 3: 0x41800000
[    1.076941] pd_parse_pdata 4: 0x00000000
[    1.076943] pd_parse_pdata 5: 0x21800000
[    1.076945] pd_parse_pdata charging_policy = 49
[    1.076947] pd_parse_pdata_bats Battery NR = 1
[    1.076957] pd_parse_pdata_bats fix_bat_info[0].mfrs_info.vid = 0x29cf, .mfrs_info.pid = 0x1711, .mfrs_string = bat1, .bat_design_cap = 3000
[    1.076959] pd_parse_pdata_countries Country NR = 0
[    1.076963] pd_parse_log_src_cap_ext vid = 0x29cf, pid = 0x1711, xid = 0x0, fw_ver = 0x0, hw_ver = 0x0
[    1.076967] pd_parse_log_src_cap_ext voltage_regulation = 0, hold_time_ms = 0, compliance = 0x0, touch_current = 0x0, peak_current = 0 0 0
[    1.076970] pd_parse_log_src_cap_ext touch_temp = 0, source_inputs = 0x0, batteries = 0x0, source_pdp = 0x2
[    1.076974] pd_parse_pdata_mfrs VID = 0x29cf, PID = 0x1711
[    1.076976] pd_parse_pdata_mfrs PD mfrs_string = RichtekTCPC
[    1.076980] dpm_caps: local_dr_power
[    1.076982] dpm_caps: local_dr_data
[    1.076985] dpm_caps: local_ext_power
[    1.076987] dpm_caps: local_usb_comm
[    1.076988] dpm_caps: local_usb_suspend
[    1.076989] dpm_caps: local_high_cap
[    1.076991] dpm_caps: local_give_back
[    1.076992] dpm_caps: local_no_suspend
[    1.076994] dpm_caps: local_vconn_supply
[    1.076995] dpm_caps: attemp_discover_cable_dfp
[    1.076997] dpm_caps: attemp_enter_dp_mode
[    1.076998] dpm_caps: attemp_discover_cable
[    1.076999] dpm_caps: attemp_discover_id
[    1.077001] dpm_caps: attemp_discover_svid
[    1.077003] dpm_caps: pr_reject_as_source
[    1.077004] dpm_caps: pr_reject_as_sink
[    1.077005] dpm_caps: pr_check_gp_source
[    1.077006] dpm_caps: pr_check_gp_sink
[    1.077008] dpm_caps: dr_reject_as_dfp
[    1.077009] dpm_caps: dr_reject_as_ufp
[    1.077011] dpm_caps = 0x0000e18b
[    1.077016] dp, svid
[    1.077019] dp, ufp_np
[    1.077023] dp, dfp_np
[    1.077030] dp, 1st_connection
[    1.077033] dp, 2nd_connection
[    1.077168] TCPC-PE:pd_core_init
[    1.077171] usb_type_c 2-004e: PD_REV30
[    1.077500] rt1711_init_alert name = type_c_port0, gpio = 1184
[    1.077529] rt1711_init_alert : IRQ number = 203
[    1.077674] IRQF_NO_THREAD Test
[    1.077718] genirq: irq_chip msmgpio did not update eff. affinity mask of irq 203
[    1.077734] rt1711_i2c_probe probe OK!
[    1.078495] bq27xxx-battery 0-0055: data memory update not supported for chip
[    1.085802] bq27xxx-battery 0-0055: batt_id = 0x103, batt_id_string: P89990_NVT_4V43_7700mAh battery_exist = 1 
[    1.159835] ufshcd-qcom 4804000.ufshc: ufshcd_print_pwr_info:[RX, TX]: gear=[3, 3], lane[2, 2], pwr[FAST MODE, FAST MODE], rate = 2
[    1.159949] ufshcd-qcom 4804000.ufshc: ufshcd_wb_config: Write Booster Configured
[    1.160398] scsi 0:0:0:49488: Well-known LUN    SAMSUNG  KM2L9001CM-B518  0100 PQ: 0 ANSI: 6
[    1.161244] scsi 0:0:0:49476: Well-known LUN    SAMSUNG  KM2L9001CM-B518  0100 PQ: 0 ANSI: 6
[    1.161915] scsi 0:0:0:49456: Well-known LUN    SAMSUNG  KM2L9001CM-B518  0100 PQ: 0 ANSI: 6
[    1.162725] scsi 0:0:0:0: Direct-Access     SAMSUNG  KM2L9001CM-B518  0100 PQ: 0 ANSI: 6
[    1.163229] scsi 0:0:0:1: Direct-Access     SAMSUNG  KM2L9001CM-B518  0100 PQ: 0 ANSI: 6
[    1.163666] scsi 0:0:0:2: Direct-Access     SAMSUNG  KM2L9001CM-B518  0100 PQ: 0 ANSI: 6
[    1.164106] scsi 0:0:0:3: Direct-Access     SAMSUNG  KM2L9001CM-B518  0100 PQ: 0 ANSI: 6
[    1.164547] scsi 0:0:0:4: Direct-Access     SAMSUNG  KM2L9001CM-B518  0100 PQ: 0 ANSI: 6
[    1.164980] scsi 0:0:0:5: Direct-Access     SAMSUNG  KM2L9001CM-B518  0100 PQ: 0 ANSI: 6
[    1.165413] sd 0:0:0:0: Power-on or device reset occurred
[    1.165606] sd 0:0:0:1: Power-on or device reset occurred
[    1.165847] sd 0:0:0:2: Power-on or device reset occurred
[    1.166128] sd 0:0:0:3: Power-on or device reset occurred
[    1.166312] sd 0:0:0:4: Power-on or device reset occurred
[    1.166463] sd 0:0:0:0: [sda] Write Protect is off
[    1.166472] sd 0:0:0:0: [sda] Mode Sense: 00 32 00 10
[    1.166556] sd 0:0:0:5: Power-on or device reset occurred
[    1.166564] sd 0:0:0:1: [sdb] Write Protect is off
[    1.166568] sd 0:0:0:1: [sdb] Mode Sense: 00 32 00 10
[    1.166758] sd 0:0:0:0: [sda] Optimal transfer size 524288 bytes
[    1.166981] sd 0:0:0:3: [sdd] Write Protect is off
[    1.166987] sd 0:0:0:3: [sdd] Mode Sense: 00 32 00 10
[    1.167057] sd 0:0:0:1: [sdb] Optimal transfer size 524288 bytes
[    1.167406] sd 0:0:0:3: [sdd] Optimal transfer size 524288 bytes
[    1.167513] sd 0:0:0:4: [sde] Write Protect is off
[    1.167519] sd 0:0:0:4: [sde] Mode Sense: 00 32 00 10
[    1.167924] sd 0:0:0:4: [sde] Optimal transfer size 524288 bytes
[    1.167937] sd 0:0:0:5: [sdf] Write Protect is off
[    1.167943] sd 0:0:0:5: [sdf] Mode Sense: 00 32 00 10
[    1.168188] sd 0:0:0:2: [sdc] Write Protect is off
[    1.168194] sd 0:0:0:2: [sdc] Mode Sense: 00 32 00 10
[    1.168372] sd 0:0:0:5: [sdf] Optimal transfer size 524288 bytes
[    1.168700] sd 0:0:0:2: [sdc] Optimal transfer size 524288 bytes
[    1.169753] sda: sda1 sda2 sda3 sda4 sda5 sda6 sda7 sda8 sda9 sda10 sda11 sda12 sda13 sda14 sda15 sda16 sda17 sda18
[    1.170868] sdd: sdd1 sdd2 sdd3
[    1.171023] sdb: sdb1 sdb2
[    1.171313] sde: sde1 sde2 sde3 sde4 sde5 sde6 sde7 sde8 sde9 sde10 sde11 sde12 sde13 sde14 sde15 sde16 sde17 sde18 sde19 sde20 sde21 sde22 sde23 sde24 sde25 sde26 sde27 sde28 sde29 sde30 sde31 sde32 sde33 sde34 sde35 sde36 sde37 sde38 sde39 sde40 sde41 sde42 sde43 sde44 sde45 sde46 sde47 sde48 sde49 sde50 sde51 sde52 sde53 sde54 sde55 sde56 sde57 sde58 sde59
[    1.172360] sdc: sdc1 sdc2
[    1.174825] sdf: sdf1 sdf2 sdf3 sdf4 sdf5
[    1.292051] wt6670f-charge 2-0036: wt6670f_get_firmware_version:firmware_version = 0x5
[    1.292057] wt6670f-charge 2-0036: lsw_wt6670 [wt6670f_charge_probe] ---- FW_VERSION is new,no need to update!
[    1.292916] wt6670f-charge 2-0036: wt6670f_get_firmware_version:firmware_version = 0x5
[    1.292919] wt6670f charge probe successfully
[    1.293073] bq2589x driver probe start 
[    1.293309] bq2589x-1 1-006a: bq2589x_charger_probe: charger device SYV690 detected, revision:0
[    1.293377] charge_voltage: 4432
[    1.293381] charge_current: 500
[    1.293383] charge_current: 256
[    1.293390] bq2589x_parse_dt no otg_gpio info
[    1.293396] bq2589x_parse_dt get intr_gpio fail !
[    1.293401] bq2589x_parse_dt get usb-switch1 fail !
[    1.298670] bq2589x-1 1-006a: bq2589x_charger_probe:irq = 206
[    1.298674] bq2589x driver probe succeed !!! 
[    1.299016] sgm4151x-1 1-006b: charger: sy6974 detected, part_no: 9, revision:0
[    1.299077] charge_voltage: 4432
[    1.299079] charge_current: 500
[    1.299082] term-curren: 240
[    1.299084] prechg_current: 240
[    1.299092] sgm4151x_parse_dt intr_gpio info 1233
[    1.304107] get prop 4 is not supported in usb
[    1.304505] wt6670f-charge 2-0036: wt6670f_get_vbus_voltage: buf[0]: 0x1, buf[1]: 0xc, adc_volt: 0x10c, vbus_volt: 4396
[    1.304513] get prop 155 is not supported in usb
[    1.304515] get prop 184 is not supported in usb
[    1.304518] get prop 82 is not supported in usb
[    1.304640] get prop 8 is not supported in usb
[    1.304644] bq2589x-1 1-006a: Couldn't get prop 8 rc = -22
[    1.304646] get prop 184 is not supported in usb
[    1.304648] bq2589x-1 1-006a: Couldn't get prop 184 rc = -22
[    1.304650] get prop 106 is not supported in usb
[    1.304652] bq2589x-1 1-006a: Couldn't get prop 106 rc = -22
[    1.304653] get prop 35 is not supported in usb
[    1.304655] bq2589x-1 1-006a: Couldn't get prop 35 rc = -22
[    1.304657] get prop 66 is not supported in usb
[    1.304659] bq2589x-1 1-006a: Couldn't get prop 66 rc = -22
[    1.304660] get prop 62 is not supported in usb
[    1.304662] bq2589x-1 1-006a: Couldn't get prop 62 rc = -22
[    1.304663] get prop 12 is not supported in usb
[    1.304665] bq2589x-1 1-006a: Couldn't get prop 12 rc = -22
[    1.304667] get prop 67 is not supported in usb
[    1.304669] bq2589x-1 1-006a: Couldn't get prop 67 rc = -22
[    1.352035] sgm4151x-1 1-006b: set slave charge: term current: 240
[    1.352453] sgm4151x-1 1-006b: set slave charge: voltage: 4432
[    1.352870] sgm4151x-1 1-006b: set slave charge: chg current: 500
[    1.355345] sgm4151x-1 1-006b: set input suspend: 1
[    1.359269] sgm4151x-1 1-006b: Request irq = 207
[    1.359272] sgm4151x driver probe succeed !!! 
[    1.359404] wt_chg probe start
[    1.359406] wt_chg probe start 1
[    1.359409] wt_chg probe start 2
[    1.359411] fv-max-uv: 4432000
[    1.359414] fcc-max-ua: 4000000
[    1.359416] batt_iterm: 300000
[    1.359428] get main_chg_therm fail: -517
[    1.359432] get usb_port_therm fail: -517
[    1.359436] get board_pcb_therm fail: -517
[    1.359674] main chg set usb switch 1 
[    1.359677] wt_chg probe succeed !
[    1.359728] wt_chg init end
[    1.363848] reg-cooling-device soc:qcom,rpm-smd:rpm-regulator-smpa3:cx-cdev-lvl: Linked as a consumer to regulator.15
[    1.364136] reg-cooling-device soc:qcom,rpm-smd:rpm-regulator-smpa5:mx-cdev-lvl: Linked as a consumer to regulator.17
[    1.367872] device-mapper: uevent: version 1.0.3
[    1.367986] device-mapper: ioctl: 4.39.0-ioctl (2018-04-03) initialised: dm-devel@redhat.com
[    1.368463] bt_power_populate_dt_pinfo: bt-reset-gpio not provided in devicetree
[    1.368468] bt_power_populate_dt_pinfo: wl-reset-gpio not provided in devicetree
[    1.368502] bt_dt_parse_vreg_info: qca,bt-vdd-ldo: is not provided in device tree
[    1.368505] bt_dt_parse_vreg_info: qca,bt-chip-pwd: is not provided in device tree
[    1.368508] bt_dt_parse_vreg_info: qca,bt-vdd-aon: is not provided in device tree
[    1.368511] bt_dt_parse_vreg_info: qca,bt-vdd-dig: is not provided in device tree
[    1.368513] bt_dt_parse_vreg_info: qca,bt-vdd-rfa1: is not provided in device tree
[    1.368515] bt_dt_parse_vreg_info: qca,bt-vdd-rfa2: is not provided in device tree
[    1.368517] bt_dt_parse_vreg_info: qca,bt-vdd-asd: is not provided in device tree
[    1.368520] bt_dt_parse_clk_info: clocks is not provided in device tree
[    1.369141] sdhci: Secure Digital Host Controller Interface driver
[    1.369143] sdhci: Copyright(c) Pierre Ossman
[    1.369145] sdhci-pltfm: SDHCI platform and OF driver helper
[    1.369183] aw2016_led_init: driver version: V1.0.3
[    1.370342] i2c_geni 4a84000.i2c: i2c error :-107
[    1.370504] i2c_geni 4a84000.i2c: i2c error :-107
[    1.370665] i2c_geni 4a84000.i2c: i2c error :-107
[    1.370814] i2c_geni 4a84000.i2c: i2c error :-107
[    1.370965] i2c_geni 4a84000.i2c: i2c error :-107
[    1.370970] aw2016_led 0-0064: aw2016 chip id 0
[    1.371121] i2c_geni 4a84000.i2c: i2c error :-107
[    1.371629] sdhci_msm 4784000.sdhci: CD GPIO is:1255  pwr gpio is:1260 
[    1.371641] sdhci_msm 4784000.sdhci:  gpio: 1260 for Redriver power enable gpio 
[    1.371723] aw2016_led 0-0064: aw2016 chip id 0
[    1.371901] sdhci_msm 4784000.sdhci: core_reset unavailable,err = -2
[    1.371909] sdhci_msm 4784000.sdhci: Reset data parsing error
[    1.372343] get prop 201 is not supported in usb
[    1.372350] sgm4151x-1 1-006b: Couldn't get prop 201 rc = -22
[    1.372357] get prop 8 is not supported in usb
[    1.372360] sgm4151x-1 1-006b: Couldn't get prop 8 rc = -22
[    1.372361] get prop 184 is not supported in usb
[    1.372363] sgm4151x-1 1-006b: Couldn't get prop 184 rc = -22
[    1.372364] get prop 106 is not supported in usb
[    1.372366] sgm4151x-1 1-006b: Couldn't get prop 106 rc = -22
[    1.372368] get prop 77 is not supported in usb
[    1.372369] sgm4151x-1 1-006b: Couldn't get prop 77 rc = -22
[    1.372371] get prop 35 is not supported in usb
[    1.372373] sgm4151x-1 1-006b: Couldn't get prop 35 rc = -22
[    1.372374] get prop 66 is not supported in usb
[    1.372376] sgm4151x-1 1-006b: Couldn't get prop 66 rc = -22
[    1.372377] get prop 62 is not supported in usb
[    1.372379] sgm4151x-1 1-006b: Couldn't get prop 62 rc = -22
[    1.372380] get prop 12 is not supported in usb
[    1.372382] sgm4151x-1 1-006b: Couldn't get prop 12 rc = -22
[    1.372383] get prop 97 is not supported in usb
[    1.372385] sgm4151x-1 1-006b: Couldn't get prop 97 rc = -22
[    1.372386] get prop 65 is not supported in usb
[    1.372387] sgm4151x-1 1-006b: Couldn't get prop 65 rc = -22
[    1.372389] get prop 67 is not supported in usb
[    1.372390] sgm4151x-1 1-006b: Couldn't get prop 67 rc = -22
[    1.372524] aw2016_led 0-0064: aw2016 chip id 0
[    1.373258] aw2016_led 0-0064: aw2016 chip id 0
[    1.374071] aw2016_led 0-0064: aw2016 chip id 0
[    1.374073] aw2016_led 0-0064: Check chip id error
[    1.375522] sdhci_msm 4784000.sdhci: Linked as a consumer to regulator.44
[    1.375560] sdhci_msm 4784000.sdhci: Linked as a consumer to regulator.27
[    1.388713] mmc0: SDHCI controller on 4784000.sdhci [4784000.sdhci] using 64-bit ADMA in legacy mode
[    1.389015] mmc0: detect_gpio pin 1255 status is 1
[    1.389048] mmc0: apply bht power on patch
[    1.389052] mmc0: present status is 1
[    1.389081] mmc0: pwr_gpio pin 1260 status is 1
[    1.396891] aw2016_led: probe of 0-0064 failed with error -22
[    1.397668] usbcore: registered new interface driver usbhid
[    1.397670] usbhid: USB HID core driver
[    1.397766] ashmem: initialized
[    1.397800] wlan_hdd_state wlan major(510) initialized
[    1.398054] bimc-bwmon 1b8e300.qcom,cpu-cpu-ddr-bwmon: BW HWmon governor registered.
[    1.398963] arm-memlat-mon soc:qcom,cpu0-cpugrp:qcom,cpu0-cpu-ddr-latmon: Memory Latency governor registered.
[    1.399085] arm-memlat-mon soc:qcom,cpu0-cpugrp:qcom,cpu0-computemon: Compute governor registered.
[    1.399222] arm-memlat-mon soc:qcom,cpu4-cpugrp:qcom,cpu4-cpu-ddr-latmon: Memory Latency governor registered.
[    1.399312] arm-memlat-mon soc:qcom,cpu4-cpugrp:qcom,cpu4-computemon: Compute governor registered.
[    1.401727] [l2 counters error]: Registered L2 cache PMU cluster 0
[    1.401761] [l2 counters error]: Registered L2 cache PMU cluster 1
[    1.401785] l2cache-pmu soc:l2cache_pmu: CPU0 associated with cluster 0
[    1.401869] l2cache-pmu soc:l2cache_pmu: CPU1 associated with cluster 0
[    1.401904] l2cache-pmu soc:l2cache_pmu: CPU2 associated with cluster 0
[    1.401940] l2cache-pmu soc:l2cache_pmu: CPU3 associated with cluster 0
[    1.401972] l2cache-pmu soc:l2cache_pmu: CPU4 associated with cluster 1
[    1.401998] l2cache-pmu soc:l2cache_pmu: CPU5 associated with cluster 1
[    1.402020] l2cache-pmu soc:l2cache_pmu: CPU6 associated with cluster 1
[    1.402039] l2cache-pmu soc:l2cache_pmu: CPU7 associated with cluster 1
[    1.402080] l2cache-pmu soc:l2cache_pmu: Registered L2 cache PMU using 2 HW PMUs
[    1.402176] KernelSU: ksu_lsm_hook_init
[    1.402184] KernelSU: KPROBES is disabled, KernelSU may not work, please check https://kernelsu.org/guide/how-to-integrate-for-non-gki.html
[    1.402366] usbcore: registered new interface driver snd-usb-audio
[    1.402421] uaudio-qmi soc:usb_audio_qmi_dev: Linked as a consumer to c600000.apps-smmu
[    1.402467] iommu: Adding device soc:usb_audio_qmi_dev to group 10
[    1.403072] msm_vidc:   err : ffffffff: .....: Failed to create debugfs for msm_vidc
[    1.403390] msm_vidc:   err : ffffffff: .....: no device Registered
[    1.403663] msm_vidc:   err : ffffffff: .....: Failed to create debugfs for msm_vidc
[    1.404007] msm_vidc_v4l2 5a00000.qcom,vidc:non_secure_cb: Linked as a consumer to c600000.apps-smmu
[    1.404215] iommu: Adding device 5a00000.qcom,vidc:non_secure_cb to group 11
[    1.404368] msm_vidc_v4l2 5a00000.qcom,vidc:secure_bitstream_cb: Linked as a consumer to c600000.apps-smmu
[    1.404814] iommu: Adding device 5a00000.qcom,vidc:secure_bitstream_cb to group 12
[    1.404972] msm_vidc_v4l2 5a00000.qcom,vidc:secure_pixel_cb: Linked as a consumer to c600000.apps-smmu
[    1.405284] iommu: Adding device 5a00000.qcom,vidc:secure_pixel_cb to group 13
[    1.405436] msm_vidc_v4l2 5a00000.qcom,vidc:secure_non_pixel_cb: Linked as a consumer to c600000.apps-smmu
[    1.405741] iommu: Adding device 5a00000.qcom,vidc:secure_non_pixel_cb to group 14
[    1.405982] rmnet_perf_init(): initializing rmnet_perf
[    1.405986] rmnet_perf_config_notify_cb(): rmnet_perf netdevice register, name = lo
[    1.405988] rmnet_perf_config_notify_cb(): rmnet_perf netdevice register, name = bond0
[    1.405990] rmnet_perf_config_notify_cb(): rmnet_perf netdevice register, name = dummy0
[    1.405994] rmnet_shs_module_init(): Starting rmnet SHS module
[    1.406230] dsi_phy 5e94400.qcom,mdss_dsi_phy0: 5e94400.qcom,mdss_dsi_phy0 supply gdsc not found, using dummy regulator
[    1.406238] dsi_phy 5e94400.qcom,mdss_dsi_phy0: Linked as a consumer to regulator.0
[    1.406251] dsi_phy 5e94400.qcom,mdss_dsi_phy0: Linked as a consumer to regulator.26
[    1.406263] [drm:dsi_phy_driver_probe] [msm-dsi-info]: DSI_0: Probe successful
[    1.406535] drm_dsi_ctrl 5e94000.qcom,mdss_dsi0_ctrl: Linked as a consumer to regulator.1
[    1.406547] drm_dsi_ctrl 5e94000.qcom,mdss_dsi0_ctrl: Linked as a consumer to regulator.40
[    1.406550] AXI: get_pdata(): Error: Client name not found
[    1.406552] AXI: msm_bus_cl_get_pdata(): client has to provide missing entry for successful registration
[    1.406559] [drm:dsi_ctrl_dev_probe] [msm-dsi-info]: dsi-ctrl-0: Probe successful
[    1.406901] OF: graph: no port node found in /soc/qcom,dsi-display-primary
[    1.406919] [drm] [msm-dsi-warn]: [hx83102p boe 2k video mode dsi panel] fallback to default te-pin-select
[    1.407407] msm_drm 5e00000.qcom,mdss_mdp: Linked as a consumer to regulator.11
[    1.407708] [drm:sde_dbg_init:4764] evtlog_status: enable:11, panic:1, dump:2
[    1.407727] msm-dsi-display soc:qcom,dsi-display-primary: Linked as a consumer to regulator.31
[    1.407801] lcd hardwareinfo is 'qcom,mdss_dsi_hx83102p_boe_2k_video'
[    1.407805] [drm:dsi_display_bind] [msm-dsi-info]: Successfully bind display panel 'qcom,mdss_dsi_hx83102p_boe_2k_video'
[    1.407888] msm_drm 5e00000.qcom,mdss_mdp: bound soc:qcom,dsi-display-primary (ops dsi_display_comp_ops)
[    1.407901] [drm] mapped mdp address space @00000000b7d5ec42
[    1.408276] [drm:_sde_kms_hw_init_blocks:3623] sde hardware revision:0x600a0000
[    1.408938] msmdrm_smmu 5e00000.qcom,mdss_mdp:qcom,smmu_sde_unsec_cb: Linked as a consumer to c600000.apps-smmu
[    1.409126] iommu: Adding device 5e00000.qcom,mdss_mdp:qcom,smmu_sde_unsec_cb to group 15
[    1.409187] [drm] probing device qcom,smmu_sde_unsec
[    1.409190] [drm] Created domain mdp_ns, secure=0
[    1.409441] msmdrm_smmu 5e00000.qcom,mdss_mdp:qcom,smmu_sde_sec_cb: Linked as a consumer to c600000.apps-smmu
[    1.409816] iommu: Adding device 5e00000.qcom,mdss_mdp:qcom,smmu_sde_sec_cb to group 16
[    1.409882] [drm] probing device qcom,smmu_sde_sec
[    1.409885] [drm] Created domain mdp_s, secure=1
[    1.410130] [drm:dsi_panel_get_mode] [msm-dsi-info]: default topology: lm: 1 comp_enc:0 intf: 1
[    1.410691] [drm] Supports vblank timestamp caching Rev 2 (21.10.2013).
[    1.410694] [drm] No driver support for vblank timestamp query.
[    1.410815] [drm] Initialized msm_drm 1.3.0 20130625 for 5e00000.qcom,mdss_mdp on minor 0
[    1.410828] [drm] cont_splash enabled in 1 of 1 display(s)
[    1.410903] [drm:dsi_ctrl_isr_configure] [msm-dsi-info]: dsi-ctrl-0: IRQ 211 registered
[    1.446045] msm_cam_smmu soc:qcom,cam_smmu:msm_cam_smmu_tfe: Linked as a consumer to c600000.apps-smmu
[    1.446331] iommu: Adding device soc:qcom,cam_smmu:msm_cam_smmu_tfe to group 17
[    1.446728] msm_cam_smmu soc:qcom,cam_smmu:msm_cam_smmu_ope: Linked as a consumer to c600000.apps-smmu
[    1.446991] iommu: Adding device soc:qcom,cam_smmu:msm_cam_smmu_ope to group 18
[    1.447351] msm_cam_smmu soc:qcom,cam_smmu:msm_cam_smmu_cpas_cdm: Linked as a consumer to c600000.apps-smmu
[    1.447578] iommu: Adding device soc:qcom,cam_smmu:msm_cam_smmu_cpas_cdm to group 19
[    1.448743] cam-cpas 5c11000.qcom,cam-cpas: Linked as a consumer to regulator.2
[    1.453066] msm_cam_cdm 5c23000.qcom,cpas-cdm0: Linked as a consumer to regulator.2
[    1.457224] msm_cam_cdm 5c42000.qcom,ope-cdm0: Linked as a consumer to regulator.2
[    1.461641] tpg_v1 5c66000.qcom,tpg0: Linked as a consumer to regulator.2
[    1.463853] tpg_v1 5c68000.qcom,tpg0: Linked as a consumer to regulator.2
[    1.466883] csid_530 5c6e000.qcom,tfe_csid0: Linked as a consumer to regulator.2
[    1.466974] CAM_INFO: CAM-ISP: cam_tfe_csid_hw_probe_init: 3266 PPI init failed for PPI 3
[    1.467051] csid_530 5c75000.qcom,tfe_csid1: Linked as a consumer to regulator.2
[    1.467134] CAM_INFO: CAM-ISP: cam_tfe_csid_hw_probe_init: 3266 PPI init failed for PPI 3
[    1.467208] csid_530 5c7c000.qcom,tfe_csid2: Linked as a consumer to regulator.2
[    1.467287] CAM_INFO: CAM-ISP: cam_tfe_csid_hw_probe_init: 3266 PPI init failed for PPI 3
[    1.467655] CAM_INFO: CAM-UTIL: cam_soc_util_get_option_clk_by_name: 559 No clk data for tfe_dsp_clk
[    1.467660] CAM_WARN: CAM-ISP: cam_tfe_init_soc_resources: 50 Option clk get failed with rc -22
[    1.467680] cam_tfe 5c6e000.qcom,tfe0: Linked as a consumer to regulator.2
[    1.470103] CAM_INFO: CAM-UTIL: cam_soc_util_get_option_clk_by_name: 559 No clk data for tfe_dsp_clk
[    1.470108] CAM_WARN: CAM-ISP: cam_tfe_init_soc_resources: 50 Option clk get failed with rc -22
[    1.470132] cam_tfe 5c75000.qcom,tfe1: Linked as a consumer to regulator.2
[    1.472235] CAM_INFO: CAM-UTIL: cam_soc_util_get_option_clk_by_name: 559 No clk data for tfe_dsp_clk
[    1.472240] CAM_WARN: CAM-ISP: cam_tfe_init_soc_resources: 50 Option clk get failed with rc -22
[    1.472260] cam_tfe 5c7c000.qcom,tfe2: Linked as a consumer to regulator.2
[    1.474627] CAM_INFO: CAM-ISP: cam_isp_dev_probe: 207 Camera ISP probe complete
[    1.475026] CAM_INFO: CAM: cam_res_mgr_probe: 684 Disable shared gpio support.
[    1.475543] cam-cci-driver 5c1b000.qcom,cci0: Linked as a consumer to regulator.2
[    1.477020] CAM_INFO: CAM-CCI: cam_cci_platform_probe: 521 Device Type :0
[    1.477031] CAM_WARN: CAM-CCI: cam_cci_create_debugfs_entry: 443 DebugFS not enabled
[    1.477512] cam-csiphy-driver 5c52000.qcom,csiphy0: Linked as a consumer to regulator.2
[    1.477534] cam-csiphy-driver 5c52000.qcom,csiphy0: Linked as a consumer to regulator.26
[    1.477561] cam-csiphy-driver 5c52000.qcom,csiphy0: Linked as a consumer to regulator.40
[    1.477725] cam-csiphy-driver 5c54000.qcom,csiphy1: Linked as a consumer to regulator.2
[    1.477740] cam-csiphy-driver 5c54000.qcom,csiphy1: Linked as a consumer to regulator.26
[    1.477760] cam-csiphy-driver 5c54000.qcom,csiphy1: Linked as a consumer to regulator.40
[    1.477907] cam-csiphy-driver 5c56000.qcom,csiphy2: Linked as a consumer to regulator.2
[    1.477921] cam-csiphy-driver 5c56000.qcom,csiphy2: Linked as a consumer to regulator.26
[    1.477937] cam-csiphy-driver 5c56000.qcom,csiphy2: Linked as a consumer to regulator.40
[    1.478524] CAM_INFO: CAM-ACTUATOR: cam_actuator_parse_dt: 60 No GPIO found
[    1.481423] ope 5c42000.qcom,ope: Linked as a consumer to regulator.2
[    1.484177] CAM_INFO: CAM-SMMU: cam_smmu_create_add_handle_in_table: 860 ope already got handle 0x1a2bb
[    1.484586] GACT probability NOT on
[    1.484597] Mirror/redirect action on
[    1.484612] netem: version 1.3
[    1.484617] u32 classifier
[    1.484620] Actions configured
[    1.485258] xt_time: kernel timezone is -0000
[    1.485329] gre: GRE over IPv4 demultiplexor driver
[    1.485333] IPv4 over IPsec tunneling driver
[    1.485499] rmnet_perf_config_notify_cb(): rmnet_perf netdevice register, name = ip_vti0
[    1.485853] Initializing XFRM netlink socket
[    1.485867] IPsec XFRM device driver
[    1.486150] NET: Registered protocol family 10
[    1.486772] Segment Routing with IPv6
[    1.486822] mip6: Mobile IPv6
[    1.487056] rmnet_perf_config_notify_cb(): rmnet_perf netdevice register, name = ip6_vti0
[    1.487179] sit: IPv6, IPv4 and MPLS over IPv4 tunneling driver
[    1.487313] rmnet_perf_config_notify_cb(): rmnet_perf netdevice register, name = sit0
[    1.487535] rmnet_perf_config_notify_cb(): rmnet_perf netdevice register, name = ip6tnl0
[    1.487630] NET: Registered protocol family 17
[    1.487643] NET: Registered protocol family 15
[    1.487691] l2tp_core: L2TP core driver, V2.0
[    1.487699] l2tp_ppp: PPPoL2TP kernel driver, V2.0
[    1.487702] l2tp_ip: L2TP IP encapsulation support (L2TPv3)
[    1.487711] l2tp_netlink: L2TP netlink interface
[    1.487731] l2tp_eth: L2TP ethernet pseudowire support (L2TPv3)
[    1.487735] l2tp_ip6: L2TP IP encapsulation support for IPv6 (L2TPv3)
[    1.487768] sctp: Hash tables configured (bind 256/256)
[    1.487924] Key type dns_resolver registered
[    1.489944] kgsl-3d 5900000.qcom,kgsl-3d0: Linked as a consumer to regulator.12
[    1.489963] kgsl-3d 5900000.qcom,kgsl-3d0: Linked as a consumer to regulator.13
[    1.490849] platform 59a0000.qcom,kgsl-iommu:gfx3d_user: Linked as a consumer to 59a0000.kgsl-smmu
[    1.490901] iommu: Adding device 59a0000.qcom,kgsl-iommu:gfx3d_user to group 20
[    1.491241] platform 59a0000.qcom,kgsl-iommu:gfx3d_secure: Linked as a consumer to 59a0000.kgsl-smmu
[    1.491281] iommu: Adding device 59a0000.qcom,kgsl-iommu:gfx3d_secure to group 21
[    1.505029] msm-dwc3 4e00000.ssusb: Linked as a consumer to regulator.4
[    1.505903] dwc3 4e00000.dwc3: Failed to get clk 'ref': -2
[    1.505994] dwc3 4e00000.dwc3: changing max_speed on rev 00000000
[    1.506687] usb_bam_init: setting SPS_BAM_SMMU_EN flag with (4f04000.qcom,usbbam)
[    1.506764] sps:BAM 0x0000000004f04000 is registered.
[    1.506779] ipa_get_transport_type:2925 IPA HW is not supported
[    1.507350] Invalid index Defaulting curr to 0
[    1.507928] ipa_rm ipa_rm_delete_resource:139 IPA RM was not initialized
[    1.507934] ipa_get_ipc_logbuf:3437 IPA HW is not supported
[    1.507937] ipa_get_ipc_logbuf_low:3450 IPA HW is not supported
[    1.507940] usb_bam_ipa_delete_resources: Failed to delete USB_PROD resource
[    1.507945] ipa_rm ipa_rm_delete_resource:139 IPA RM was not initialized
[    1.507947] ipa_get_ipc_logbuf:3437 IPA HW is not supported
[    1.507951] ipa_get_ipc_logbuf_low:3450 IPA HW is not supported
[    1.507954] usb_bam_ipa_delete_resources: Failed to delete USB_CONS resource
[    1.508424] msm-dwc3 4e00000.ssusb: Dropping the link to regulator.4
[    1.508662] rt-pd-manager soc:rt-pd-manager: rt_pd_manager_probe (0.0.8_G) probe_cnt = 2
[    1.508773] rt-pd-manager soc:rt-pd-manager: rt_pd_manager_probe OK!!
[    1.515937] msm-dwc3 4e00000.ssusb: Linked as a consumer to regulator.4
[    1.516828] dwc3 4e00000.dwc3: Failed to get clk 'ref': -2
[    1.516905] dwc3 4e00000.dwc3: changing max_speed on rev 00000000
[    1.517542] usb_bam_init: setting SPS_BAM_SMMU_EN flag with (4f04000.qcom,usbbam)
[    1.517607] sps:BAM 0x0000000004f04000 is registered.
[    1.517620] ipa_get_transport_type:2925 IPA HW is not supported
[    1.518212] msm-dwc3 4e00000.ssusb: Linked as a consumer to regulator.47
[    1.519201] core_ctl: Creating CPU group 0
[    1.519206] core_ctl: Init CPU0 state
[    1.519209] core_ctl: Init CPU1 state
[    1.519212] core_ctl: Init CPU2 state
[    1.519214] core_ctl: Init CPU3 state
[    1.519353] core_ctl: Creating CPU group 4
[    1.519357] core_ctl: Init CPU4 state
[    1.519360] core_ctl: Init CPU5 state
[    1.519362] core_ctl: Init CPU6 state
[    1.519365] core_ctl: Init CPU7 state
[    1.519611] registered taskstats version 1
[    1.519615] Loading compiled-in X.509 certificates
[    1.521288] Loaded X.509 cert 'Build time autogenerated kernel key: 7b22a3ec9573ceeb166e75b5efadb3bfd0fa696d'
[    1.521394] Key type ._fscrypt registered
[    1.521398] Key type .fscrypt registered
[    1.521401] Key type fscrypt-provisioning registered
[    1.522276] msm-dwc3 4e00000.ssusb: DWC3 exited from low power mode
[    1.522712] Error: swapper/0: fastrpc_device_init: failed to create debugfs root dir
[    1.523197] fastrpc soc:qcom,msm-adsprpc-mem: for adsp_rh segments only will be dumped.
[    1.523293] adsprpc: init_secure_vmid_list: secure VMID = 22
[    1.523297] adsprpc: init_secure_vmid_list: secure VMID = 37
[    1.523322] adsprpc: fastrpc_probe: service location enabled for avs/audio (audio_pdr_adsprpc)
[    1.523329] adsprpc: fastrpc_probe: service location enabled for tms/servreg (sensors_pdr_adsprpc)
[    1.524862] msm-dwc3 4e00000.ssusb: DWC3 in low power mode
[    1.524879] fastrpc soc:qcom,msm_fastrpc:qcom,msm_fastrpc_compute_cb1: Linked as a consumer to c600000.apps-smmu
[    1.525134] iommu: Adding device soc:qcom,msm_fastrpc:qcom,msm_fastrpc_compute_cb1 to group 22
[    1.525530] fastrpc soc:qcom,msm_fastrpc:qcom,msm_fastrpc_compute_cb2: Linked as a consumer to c600000.apps-smmu
[    1.525762] iommu: Adding device soc:qcom,msm_fastrpc:qcom,msm_fastrpc_compute_cb2 to group 23
[    1.526119] fastrpc soc:qcom,msm_fastrpc:qcom,msm_fastrpc_compute_cb3: Linked as a consumer to c600000.apps-smmu
[    1.526352] iommu: Adding device soc:qcom,msm_fastrpc:qcom,msm_fastrpc_compute_cb3 to group 24
[    1.526704] fastrpc soc:qcom,msm_fastrpc:qcom,msm_fastrpc_compute_cb4: Linked as a consumer to c600000.apps-smmu
[    1.526927] iommu: Adding device soc:qcom,msm_fastrpc:qcom,msm_fastrpc_compute_cb4 to group 25
[    1.527285] fastrpc soc:qcom,msm_fastrpc:qcom,msm_fastrpc_compute_cb5: Linked as a consumer to c600000.apps-smmu
[    1.527512] iommu: Adding device soc:qcom,msm_fastrpc:qcom,msm_fastrpc_compute_cb5 to group 26
[    1.527876] fastrpc soc:qcom,msm_fastrpc:qcom,msm_fastrpc_compute_cb6: Linked as a consumer to c600000.apps-smmu
[    1.528132] iommu: Adding device soc:qcom,msm_fastrpc:qcom,msm_fastrpc_compute_cb6 to group 27
[    1.528508] fastrpc soc:qcom,msm_fastrpc:qcom,msm_fastrpc_compute_cb9: Linked as a consumer to c600000.apps-smmu
[    1.528742] iommu: Adding device soc:qcom,msm_fastrpc:qcom,msm_fastrpc_compute_cb9 to group 28
[    1.529118] fastrpc soc:qcom,msm_fastrpc:qcom,msm_fastrpc_compute_cb10: Linked as a consumer to c600000.apps-smmu
[    1.529350] iommu: Adding device soc:qcom,msm_fastrpc:qcom,msm_fastrpc_compute_cb10 to group 29
[    1.529716] fastrpc soc:qcom,msm_fastrpc:qcom,msm_fastrpc_compute_cb11: Linked as a consumer to c600000.apps-smmu
[    1.529942] iommu: Adding device soc:qcom,msm_fastrpc:qcom,msm_fastrpc_compute_cb11 to group 30
[    1.530296] fastrpc soc:qcom,msm_fastrpc:qcom,msm_fastrpc_compute_cb12: Linked as a consumer to c600000.apps-smmu
[    1.530549] iommu: Adding device soc:qcom,msm_fastrpc:qcom,msm_fastrpc_compute_cb12 to group 31
[    1.530897] fastrpc soc:qcom,msm_fastrpc:qcom,msm_fastrpc_compute_cb13: Linked as a consumer to c600000.apps-smmu
[    1.531128] iommu: Adding device soc:qcom,msm_fastrpc:qcom,msm_fastrpc_compute_cb13 to group 32
[    1.531482] fastrpc soc:qcom,msm_fastrpc:qcom,msm_fastrpc_compute_cb14: Linked as a consumer to c600000.apps-smmu
[    1.531714] iommu: Adding device soc:qcom,msm_fastrpc:qcom,msm_fastrpc_compute_cb14 to group 33
[    1.532534] adsprpc: fastrpc_device_init: SSR notifier registered for adsp
[    1.532540] adsprpc: fastrpc_device_init: SSR notifier registered for modem
[    1.532545] adsprpc: fastrpc_device_init: SSR notifier registered for slpi
[    1.532549] adsprpc: fastrpc_device_init: SSR notifier registered for cdsp
[    1.533404] i2c_pmic 0-0009: ignoring dependency for device, assuming no driver
[    1.533540] msm-cdc-pinctrl soc:msm_cdc_pinctrl_pri: ignoring dependency for device, assuming no driver
[    1.535616] input: gpio-keys as /devices/platform/soc/soc:gpio_keys/input/input1
[    1.541354] i2c_pmic 0-0009: ignoring dependency for device, assuming no driver
[    1.541559] msm-cdc-pinctrl soc:msm_cdc_pinctrl_pri: ignoring dependency for device, assuming no driver
[    1.554294] spi_geni 4a80000.spi: tx_fifo 16 rx_fifo 32 tx_width 32
[    1.580556] input: himax-touchscreen as /devices/virtual/input/input2
[    1.580647] input: himax-stylus as /devices/virtual/input/input3
[    1.580859] i2c_pmic 0-0009: ignoring dependency for device, assuming no driver
[    1.581062] msm-cdc-pinctrl soc:msm_cdc_pinctrl_pri: ignoring dependency for device, assuming no driver
[    1.581468] [NVT-ts] nvt_driver_init 2900: start nvt_driver_init
[    1.581496] [NVT-ts] nvt_driver_init 2902: It is not nt36523w panel,NOT init nvt TP
[    1.582171] lpm_levels: Cluster (system) stats not registered
[    1.582176] lpm_levels: Cluster (perf) stats not registered
[    1.582180] lpm_levels: Cluster (pwr) stats not registered
[    1.582858] i2c_pmic 0-0009: ignoring dependency for device, assuming no driver
[    1.583051] msm-cdc-pinctrl soc:msm_cdc_pinctrl_pri: ignoring dependency for device, assuming no driver
[    1.584844] ipa-wan ipa3_wwan_init:4773 ipa3_ctx was not initialized
[    1.584850] ipa_get_ipc_logbuf:3437 IPA HW is not supported
[    1.584853] ipa_get_ipc_logbuf_low:3450 IPA HW is not supported
[    1.584920] RNDIS_IPA module is loaded.
[    1.585611] sde_mdp_parse_dt_prop_len: <SDEROT_INFO> prop qcom,mdss-rot-vbif-memtype : doesn't exist in device tree
[    1.585622] sde_mdp_parse_dt_prop_len: <SDEROT_INFO> prop qcom,mdss-inline-rot-qos-lut : doesn't exist in device tree
[    1.585628] sde_mdp_parse_dt_prop_len: <SDEROT_INFO> prop qcom,mdss-inline-rot-danger-lut : doesn't exist in device tree
[    1.585633] sde_mdp_parse_dt_prop_len: <SDEROT_INFO> prop qcom,mdss-inline-rot-safe-lut : doesn't exist in device tree
[    1.585979] sde_smmu 5e00000.qcom,mdss_rotator:qcom,smmu_rot_unsec_cb: Linked as a consumer to c600000.apps-smmu
[    1.586309] iommu: Adding device 5e00000.qcom,mdss_rotator:qcom,smmu_rot_unsec_cb to group 34
[    1.586426] sde_smmu_probe: <SDEROT_INFO> iommu v2 domain[0] mapping and clk register successful!
[    1.586477] i2c_pmic 0-0009: ignoring dependency for device, assuming no driver
[    1.586672] msm-cdc-pinctrl soc:msm_cdc_pinctrl_pri: ignoring dependency for device, assuming no driver
[    1.587277] sde_smmu 5e00000.qcom,mdss_rotator:qcom,smmu_rot_sec_cb: Linked as a consumer to c600000.apps-smmu
[    1.587901] iommu: Adding device 5e00000.qcom,mdss_rotator:qcom,smmu_rot_sec_cb to group 35
[    1.588057] sde_smmu_probe: <SDEROT_INFO> iommu v2 domain[1] mapping and clk register successful!
[    1.588108] i2c_pmic 0-0009: ignoring dependency for device, assuming no driver
[    1.588301] msm-cdc-pinctrl soc:msm_cdc_pinctrl_pri: ignoring dependency for device, assuming no driver
[    1.589225] No change in context(0==0), skip
[    1.591172] sde_rotator 5e00000.qcom,mdss_rotator: <SDEROT_INFO> SDE v4l2 rotator probe success
[    1.591247] i2c_pmic 0-0009: ignoring dependency for device, assuming no driver
[    1.591449] msm-cdc-pinctrl soc:msm_cdc_pinctrl_pri: ignoring dependency for device, assuming no driver
[    1.592518] [Awinic]aw882xx_i2c_init: aw882xx driver version v1.8.0
[    1.592567] [Awinic]aw882xx_i2c_probe: enter addr=0x34
[    1.592582] [Awinic][0-0034]aw882xx_parse_gpio_dt: reset gpio provided ok
[    1.592588] [Awinic][0-0034]aw882xx_parse_gpio_dt: no irq gpio provided.
[    1.592592] [Awinic][0-0034]aw882xx_parse_dt: dc-flag = 0
[    1.592597] [Awinic][0-0034]aw882xx_parse_dt: read sync flag failed,default phase sync off
[    1.592611] [Awinic][0-0034]aw882xx_hw_reset: enter
[    1.595845] [Awinic][0-0034]aw882xx_read_chipid: aw882xx 2013 detected
[    1.596067] [Awinic][0-0034]aw_pid_2013_efver_check: A2013 EFVER B
[    1.596070] [Awinic][0-0034]aw_pid_2013_efver_check: bstcfg enable: 0
[    1.596076] [Awinic][0-0034]aw_device_parse_topo_id_dt: tx-topo-id: 0x1000ff00, rx-topo-id: 0x1000ff01
[    1.596081] [Awinic][0-0034]aw_device_parse_port_id_dt: tx-port-id: 0x9001, rx-port-id: 0x9000
[    1.596086] [Awinic][0-0034]aw_cali_parse_dt: cali mode str:aw_attr num:1
[    1.596089] [Awinic][0-0034]aw_cali_attr_init: enter
[    1.596135] [Awinic][0-0034]aw_cali_parse_re_dt: re min: 4000, re max: 30000
[    1.596140] [Awinic][0-0034]aw_monitor_init: enter
[    1.596147] [Awinic][0-0034]aw_parse_spin_dts: spin mode is 1
[    1.596150] [Awinic][0-0034]aw_spin_init: aw_spin_kcontrol_st:1
[    1.596154] [Awinic][0-0034]aw882xx_interrupt_init: gpio invalid
[    1.596164] [Awinic][0-0034]aw882xx_dai_drv_append_suffix: dai name [aw882xx-aif-0-34]
[    1.596167] [Awinic][0-0034]aw882xx_dai_drv_append_suffix: pstream_name name [Speaker_Playback-0-34]
[    1.596171] [Awinic][0-0034]aw882xx_dai_drv_append_suffix: cstream_name name [Speaker_Capture-0-34]
[    1.596201] [Awinic][0-0034]aw882xx_i2c_probe: dev_cnt 1
[    1.596249] i2c_pmic 0-0009: ignoring dependency for device, assuming no driver
[    1.596435] msm-cdc-pinctrl soc:msm_cdc_pinctrl_pri: ignoring dependency for device, assuming no driver
[    1.596850] [Awinic]aw882xx_i2c_probe: enter addr=0x35
[    1.596862] [Awinic][0-0035]aw882xx_parse_gpio_dt: reset gpio provided ok
[    1.596869] [Awinic][0-0035]aw882xx_parse_gpio_dt: no irq gpio provided.
[    1.596873] [Awinic][0-0035]aw882xx_parse_dt: dc-flag = 0
[    1.596877] [Awinic][0-0035]aw882xx_parse_dt: read sync flag failed,default phase sync off
[    1.596883] [Awinic][0-0035]aw882xx_gpio_request: rst request failed
[    1.596886] [Awinic][0-0035]aw882xx_hw_reset: enter
[    1.600111] [Awinic][0-0035]aw882xx_read_chipid: aw882xx 2013 detected
[    1.600327] [Awinic][0-0035]aw_pid_2013_efver_check: A2013 EFVER B
[    1.600331] [Awinic][0-0035]aw_pid_2013_efver_check: bstcfg enable: 0
[    1.600338] [Awinic][0-0035]aw_device_parse_topo_id_dt: tx-topo-id: 0x1000ff00, rx-topo-id: 0x1000ff01
[    1.600343] [Awinic][0-0035]aw_device_parse_port_id_dt: tx-port-id: 0x9001, rx-port-id: 0x9000
[    1.600349] [Awinic][0-0035]aw_cali_parse_dt: cali mode str:aw_attr num:1
[    1.600351] [Awinic][0-0035]aw_cali_attr_init: enter
[    1.600364] [Awinic][0-0035]aw_cali_parse_re_dt: re min: 4000, re max: 30000
[    1.600368] [Awinic][0-0035]aw_monitor_init: enter
[    1.600375] [Awinic][0-0035]aw_parse_spin_dts: spin mode is 1
[    1.600379] [Awinic][0-0035]aw_spin_init: aw_spin_kcontrol_st:1
[    1.600383] [Awinic][0-0035]aw882xx_interrupt_init: gpio invalid
[    1.600391] [Awinic][0-0035]aw882xx_dai_drv_append_suffix: dai name [aw882xx-aif-0-35]
[    1.600395] [Awinic][0-0035]aw882xx_dai_drv_append_suffix: pstream_name name [Speaker_Playback-0-35]
[    1.600398] [Awinic][0-0035]aw882xx_dai_drv_append_suffix: cstream_name name [Speaker_Capture-0-35]
[    1.600416] [Awinic][0-0035]aw882xx_i2c_probe: dev_cnt 2
[    1.600455] i2c_pmic 0-0009: ignoring dependency for device, assuming no driver
[    1.600616] msm-cdc-pinctrl soc:msm_cdc_pinctrl_pri: ignoring dependency for device, assuming no driver
[    1.600623] [Awinic]aw882xx_i2c_probe: enter addr=0x34
[    1.600636] [Awinic][1-0034]aw882xx_parse_gpio_dt: reset gpio provided ok
[    1.600643] [Awinic][1-0034]aw882xx_parse_gpio_dt: no irq gpio provided.
[    1.600649] [Awinic][1-0034]aw882xx_parse_dt: dc-flag = 0
[    1.600653] [Awinic][1-0034]aw882xx_parse_dt: read sync flag failed,default phase sync off
[    1.600658] [Awinic][1-0034]aw882xx_gpio_request: rst request failed
[    1.600661] [Awinic][1-0034]aw882xx_hw_reset: enter
[    1.603872] [Awinic][1-0034]aw882xx_read_chipid: aw882xx 2013 detected
[    1.604078] [Awinic][1-0034]aw_pid_2013_efver_check: A2013 EFVER B
[    1.604082] [Awinic][1-0034]aw_pid_2013_efver_check: bstcfg enable: 0
[    1.604088] [Awinic][1-0034]aw_device_parse_topo_id_dt: tx-topo-id: 0x1000ff00, rx-topo-id: 0x1000ff01
[    1.604093] [Awinic][1-0034]aw_device_parse_port_id_dt: tx-port-id: 0x9001, rx-port-id: 0x9000
[    1.604097] [Awinic][1-0034]aw_cali_parse_dt: cali mode str:aw_attr num:1
[    1.604101] [Awinic][1-0034]aw_cali_attr_init: enter
[    1.604114] [Awinic][1-0034]aw_cali_parse_re_dt: re min: 4000, re max: 30000
[    1.604117] [Awinic][1-0034]aw_monitor_init: enter
[    1.604125] [Awinic][1-0034]aw_parse_spin_dts: spin mode is 1
[    1.604129] [Awinic][1-0034]aw_spin_init: aw_spin_kcontrol_st:1
[    1.604133] [Awinic][1-0034]aw882xx_interrupt_init: gpio invalid
[    1.604147] [Awinic][1-0034]aw882xx_dai_drv_append_suffix: dai name [aw882xx-aif-1-34]
[    1.604151] [Awinic][1-0034]aw882xx_dai_drv_append_suffix: pstream_name name [Speaker_Playback-1-34]
[    1.604155] [Awinic][1-0034]aw882xx_dai_drv_append_suffix: cstream_name name [Speaker_Capture-1-34]
[    1.604174] [Awinic][1-0034]aw882xx_i2c_probe: dev_cnt 3
[    1.604218] i2c_pmic 0-0009: ignoring dependency for device, assuming no driver
[    1.604365] msm-cdc-pinctrl soc:msm_cdc_pinctrl_pri: ignoring dependency for device, assuming no driver
[    1.604740] [Awinic]aw882xx_i2c_probe: enter addr=0x35
[    1.604752] [Awinic][1-0035]aw882xx_parse_gpio_dt: reset gpio provided ok
[    1.604759] [Awinic][1-0035]aw882xx_parse_gpio_dt: no irq gpio provided.
[    1.604762] [Awinic][1-0035]aw882xx_parse_dt: dc-flag = 0
[    1.604766] [Awinic][1-0035]aw882xx_parse_dt: read sync flag failed,default phase sync off
[    1.604771] [Awinic][1-0035]aw882xx_gpio_request: rst request failed
[    1.604774] [Awinic][1-0035]aw882xx_hw_reset: enter
[    1.607984] [Awinic][1-0035]aw882xx_read_chipid: aw882xx 2013 detected
[    1.608190] [Awinic][1-0035]aw_pid_2013_efver_check: A2013 EFVER B
[    1.608194] [Awinic][1-0035]aw_pid_2013_efver_check: bstcfg enable: 0
[    1.608200] [Awinic][1-0035]aw_device_parse_topo_id_dt: tx-topo-id: 0x1000ff00, rx-topo-id: 0x1000ff01
[    1.608205] [Awinic][1-0035]aw_device_parse_port_id_dt: tx-port-id: 0x9001, rx-port-id: 0x9000
[    1.608211] [Awinic][1-0035]aw_cali_parse_dt: cali mode str:aw_attr num:1
[    1.608214] [Awinic][1-0035]aw_cali_attr_init: enter
[    1.608228] [Awinic][1-0035]aw_cali_parse_re_dt: re min: 4000, re max: 30000
[    1.608231] [Awinic][1-0035]aw_monitor_init: enter
[    1.608239] [Awinic][1-0035]aw_parse_spin_dts: spin mode is 1
[    1.608242] [Awinic][1-0035]aw_spin_init: aw_spin_kcontrol_st:1
[    1.608246] [Awinic][1-0035]aw882xx_interrupt_init: gpio invalid
[    1.608254] [Awinic][1-0035]aw882xx_dai_drv_append_suffix: dai name [aw882xx-aif-1-35]
[    1.608257] [Awinic][1-0035]aw882xx_dai_drv_append_suffix: pstream_name name [Speaker_Playback-1-35]
[    1.608261] [Awinic][1-0035]aw882xx_dai_drv_append_suffix: cstream_name name [Speaker_Capture-1-35]
[    1.608283] [Awinic][1-0035]aw882xx_i2c_probe: dev_cnt 4
[    1.608319] i2c_pmic 0-0009: ignoring dependency for device, assuming no driver
[    1.608466] msm-cdc-pinctrl soc:msm_cdc_pinctrl_pri: ignoring dependency for device, assuming no driver
[    1.609210] CAM_ERR: CAM-CCI: cam_cci_assign_fops: 601 Invalid dev node:00000000e81ed627 offset: 0
[    1.609241] cfg80211: Loading compiled-in X.509 certificates for regulatory database
[    1.610004] cfg80211: Loaded X.509 cert 'sforshee: 00b28ddf47aef9cea7'
[    1.613554] regulator_proxy_consumer_remove_all: removing regulator proxy consumer requests
[    1.613578] __tcpc_class_complete_work = type_c_port0
[    1.617790] TCPC-TYPEC:typec_init: TrySNK
[    1.618188] TCPC-TYPEC:PowerOffCharge
[    1.618191] TCPC-TYPEC:** Unattached.SNK
[    1.620188] tcpc_device_irq_enable : tcpc irq enable OK!
[    1.620194] ALSA device list:
[    1.620197] No soundcards found.
[    1.620253] Warning: unable to open an initial console.
[    1.620534] Freeing unused kernel memory: 1344K
[    1.620599] TCPC-TCPC:Alert:0x0003, Mask:0x21067f
[    1.620607] Run /init as init process
[    1.620920] TCPC-TYPEC:[CC_Alert] 0/5
[    1.621496] TCPC-TYPEC:** AttachWait.SNK
[    1.621525] rt-pd-manager soc:rt-pd-manager: lsw pd_tcp_notifier_call 425!!
[    1.621829] TCPC-TCPC:ps_change=2
[    1.640980] ### Bayhub debug: degrade count is 0 ###
[    1.641828] mmc0: Load BHT patch RC8.3.1-DS=4
[    1.641998] gg_sw_def[8] = 0x30503106, gg_sw_def[9]=0x64141711, gg_sw_def[15]=4a414177
[    1.658587] mmc0: the new mode is 0x00000003
[    1.685508] mmc0: tuning execution failed: 1
[    1.685569] mmc0: det_gpio pin 1255 status is 1
[    1.685573] mmc0: apply bht power off patch
[    1.685576] mmc0: present status is 1
[    1.685583] mmc0: pwr_gpio pin 1260 status is 0
[    1.699389] mmc0: detect_gpio pin 1255 status is 1
[    1.699393] mmc0: apply bht power on patch
[    1.699396] mmc0: present status is 1
[    1.699403] mmc0: pwr_gpio pin 1260 status is 1
[    1.715327] init: init first stage started!
[    1.715378] init: Unable to open /lib/modules, skipping module loading.
[    1.715399] init: First stage mount skipped (recovery mode)
[    1.715575] init: [libfs_mgr]dt_fstab: Skip disabled entry for partition vendor
[    1.715587] init: [libfs_mgr]ReadFstabFromDt(): failed to read fstab from dt
[    1.715641] init: [libfs_mgr]dt_fstab: Skip disabled entry for partition vendor
[    1.715999] init: Using Android DT directory /proc/device-tree/firmware/android/
[    1.735419] init: [libfs_avb]Invalid hash size: 
[    1.735428] init: [libfs_avb]Failed to verify vbmeta digest
[    1.735435] init: [libfs_avb]Returning avb_handle with status: VerificationDisabled
[    1.735494] KernelSU: /system/bin/init argc: 2
[    1.735497] KernelSU: first arg: selinux_setup
[    1.741539] TCPC-TYPEC:[CC_Change] 0/5
[    1.741545] TCPC-TYPEC:** Attached.SNK
[    1.741990] TCPC-TYPEC:Attached-> SINK
[    1.741995] TCPC-TCPC:usb_port_attached
[    1.742009] rt-pd-manager soc:rt-pd-manager: lsw pd_tcp_notifier_call 425!!
[    1.742015] rt-pd-manager soc:rt-pd-manager: pd_tcp_notifier_call sink vbus 5000mV 100mA type(0x01)
[    1.742024] rt-pd-manager soc:rt-pd-manager: lsw pd_tcp_notifier_call 425!!
[    1.742029] rt-pd-manager soc:rt-pd-manager: pd_tcp_notifier_call Charger plug in, polarity = 1
[    1.752051] rt-pd-manager soc:rt-pd-manager: usb_dwork_handler Device
[    1.764045] rt-pd-manager soc:rt-pd-manager: usb_dwork_handler Device
[    1.776046] rt-pd-manager soc:rt-pd-manager: usb_dwork_handler Device
[    1.780134] himax_ts spi0.0: Falling back to syfs fallback for: Himax_firmware.bin
[    1.788050] rt-pd-manager soc:rt-pd-manager: usb_dwork_handler Device
[    1.800099] rt-pd-manager soc:rt-pd-manager: usb_dwork_handler Device
[    1.812045] rt-pd-manager soc:rt-pd-manager: usb_dwork_handler Device
[    1.823195] init: [libfs_mgr]dt_fstab: Skip disabled entry for partition vendor
[    1.823643] init: DM_DEV_STATUS failed for system_ext_a: No such device or address
[    1.823649] init: Could not update logical partition
[    1.823772] init: DM_DEV_STATUS failed for product_a: No such device or address
[    1.823778] init: Could not update logical partition
[    1.823792] init: Opening SELinux policy
[    1.824052] rt-pd-manager soc:rt-pd-manager: usb_dwork_handler Device
[    1.824554] init: Loading SELinux policy
[    1.832852] SELinux:  Permission nlmsg_getneigh in class netlink_route_socket not defined in policy.
[    1.832978] SELinux: the above unknown classes and permissions will be denied
[    1.833000] SELinux:  policy capability network_peer_controls=1
[    1.833002] SELinux:  policy capability open_perms=1
[    1.833004] SELinux:  policy capability extended_socket_class=1
[    1.833006] SELinux:  policy capability always_check_network=0
[    1.833007] SELinux:  policy capability cgroup_seclabel=0
[    1.833008] SELinux:  policy capability nnp_nosuid_transition=1
[    1.836047] rt-pd-manager soc:rt-pd-manager: usb_dwork_handler Device
[    1.848042] rt-pd-manager soc:rt-pd-manager: usb_dwork_handler Device
[    1.860064] rt-pd-manager soc:rt-pd-manager: usb_dwork_handler Device
[    1.872051] rt-pd-manager soc:rt-pd-manager: usb_dwork_handler Device
[    1.874379] selinux: SELinux: Loaded file_contexts
[    1.874384] selinux: 
[    1.875548] KernelSU: /system/bin/init argc: 2
[    1.875551] KernelSU: first arg: second_stage
[    1.875553] KernelSU: /system/bin/init second_stage executed
[    1.875554] KernelSU: SELinux permissive or disabled, apply rules!
[    1.884046] rt-pd-manager soc:rt-pd-manager: usb_dwork_handler Device
[    1.895636] KernelSU: android context saved disabled
[    1.896047] rt-pd-manager soc:rt-pd-manager: usb_dwork_handler Device
[    1.908059] rt-pd-manager soc:rt-pd-manager: usb_dwork_handler Device
[    1.920063] rt-pd-manager soc:rt-pd-manager: usb_dwork_handler Device
[    1.932041] rt-pd-manager soc:rt-pd-manager: usb_dwork_handler Device
[    1.944042] rt-pd-manager soc:rt-pd-manager: usb_dwork_handler Device
[    1.948417] ### Bayhub debug: degrade count is 0 ###
[    1.949268] mmc0: Load BHT patch RC8.3.1-DS=4
[    1.949271] mmc0: driver strength should be init to 5
[    1.949445] gg_sw_def[8] = 0x30503106, gg_sw_def[9]=0x64141711, gg_sw_def[15]=5a514177
[    1.956041] rt-pd-manager soc:rt-pd-manager: usb_dwork_handler Device
[    1.966098] mmc0: the new mode is 0x00000003
[    1.968048] rt-pd-manager soc:rt-pd-manager: usb_dwork_handler Device
[    1.980062] rt-pd-manager soc:rt-pd-manager: usb_dwork_handler Device
[    1.983499] init: init second stage started!
[    1.992049] rt-pd-manager soc:rt-pd-manager: usb_dwork_handler Device
[    1.998471] init: Using Android DT directory /proc/device-tree/firmware/android/
[    2.000411] init: Overriding previous property 'persist.sys.usb.config':'adb' with new value 'none'
[    2.000760] init: Couldn't load property file '/system/build.prop': open() failed: No such file or directory: No such file or directory
[    2.000777] init: Couldn't load property file '/system_ext/etc/build.prop': open() failed: No such file or directory: No such file or directory
[    2.000790] init: Couldn't load property file '/system_ext/default.prop': open() failed: No such file or directory: No such file or directory
[    2.000802] init: Couldn't load property file '/system_ext/build.prop': open() failed: No such file or directory: No such file or directory
[    2.000814] init: Couldn't load property file '/system_ext/default.prop': open() failed: No such file or directory: No such file or directory
[    2.000825] init: Couldn't load property file '/system_ext/build.prop': open() failed: No such file or directory: No such file or directory
[    2.000841] init: Couldn't load property file '/vendor/default.prop': open() failed: No such file or directory: No such file or directory
[    2.004047] rt-pd-manager soc:rt-pd-manager: usb_dwork_handler Device
[    2.013108] KernelSU: /system/bin/init argc: 4
[    2.016096] rt-pd-manager soc:rt-pd-manager: usb_dwork_handler Device
[    2.028129] rt-pd-manager soc:rt-pd-manager: usb_dwork_handler Device
[    2.040137] rt-pd-manager soc:rt-pd-manager: usb_dwork_handler Device
[    2.052045] rt-pd-manager soc:rt-pd-manager: usb_dwork_handler Device
[    2.064046] rt-pd-manager soc:rt-pd-manager: usb_dwork_handler Device
[    2.076043] rt-pd-manager soc:rt-pd-manager: usb_dwork_handler Device
[    2.088045] rt-pd-manager soc:rt-pd-manager: usb_dwork_handler Device
[    2.100063] rt-pd-manager soc:rt-pd-manager: usb_dwork_handler Device
[    2.112042] rt-pd-manager soc:rt-pd-manager: usb_dwork_handler Device
[    2.115449] ueventd: ueventd started!
[    2.116588] selinux: SELinux: Loaded file_contexts
[    2.116592] selinux: 
[    2.116657] ueventd: Parsing file /system/etc/ueventd.rc...
[    2.124042] rt-pd-manager soc:rt-pd-manager: usb_dwork_handler Device
[    2.132403] wt6670f-charge 2-0036: wt6670f_get_vbus_voltage: buf[0]: 0x0, buf[1]: 0xf1, adc_volt: 0xf1, vbus_volt: 3953
[    2.132412] get prop 155 is not supported in usb
[    2.132414] get prop 184 is not supported in usb
[    2.132415] get prop 82 is not supported in usb
[    2.136044] rt-pd-manager soc:rt-pd-manager: usb_dwork_handler Device
[    2.148047] rt-pd-manager soc:rt-pd-manager: usb_dwork_handler Device
[    2.160066] rt-pd-manager soc:rt-pd-manager: usb_dwork_handler Device
[    2.165187] get prop 8 is not supported in usb
[    2.165192] bq2589x-1 1-006a: Couldn't get prop 8 rc = -22
[    2.165193] get prop 184 is not supported in usb
[    2.165196] bq2589x-1 1-006a: Couldn't get prop 184 rc = -22
[    2.165197] get prop 106 is not supported in usb
[    2.165199] bq2589x-1 1-006a: Couldn't get prop 106 rc = -22
[    2.165202] get prop 35 is not supported in usb
[    2.165204] bq2589x-1 1-006a: Couldn't get prop 35 rc = -22
[    2.165205] get prop 66 is not supported in usb
[    2.165207] bq2589x-1 1-006a: Couldn't get prop 66 rc = -22
[    2.165208] get prop 62 is not supported in usb
[    2.165210] bq2589x-1 1-006a: Couldn't get prop 62 rc = -22
[    2.165211] get prop 12 is not supported in usb
[    2.165213] bq2589x-1 1-006a: Couldn't get prop 12 rc = -22
[    2.165216] get prop 67 is not supported in usb
[    2.165218] bq2589x-1 1-006a: Couldn't get prop 67 rc = -22
[    2.165686] get prop 201 is not supported in usb
[    2.165689] sgm4151x-1 1-006b: Couldn't get prop 201 rc = -22
[    2.165692] get prop 8 is not supported in usb
[    2.165694] sgm4151x-1 1-006b: Couldn't get prop 8 rc = -22
[    2.165695] get prop 184 is not supported in usb
[    2.165697] sgm4151x-1 1-006b: Couldn't get prop 184 rc = -22
[    2.165699] get prop 106 is not supported in usb
[    2.165701] sgm4151x-1 1-006b: Couldn't get prop 106 rc = -22
[    2.165702] get prop 77 is not supported in usb
[    2.165704] sgm4151x-1 1-006b: Couldn't get prop 77 rc = -22
[    2.165705] get prop 35 is not supported in usb
[    2.165707] sgm4151x-1 1-006b: Couldn't get prop 35 rc = -22
[    2.165708] get prop 66 is not supported in usb
[    2.165710] sgm4151x-1 1-006b: Couldn't get prop 66 rc = -22
[    2.165711] get prop 62 is not supported in usb
[    2.165713] sgm4151x-1 1-006b: Couldn't get prop 62 rc = -22
[    2.165714] get prop 12 is not supported in usb
[    2.165716] sgm4151x-1 1-006b: Couldn't get prop 12 rc = -22
[    2.165717] get prop 97 is not supported in usb
[    2.165719] sgm4151x-1 1-006b: Couldn't get prop 97 rc = -22
[    2.165720] get prop 65 is not supported in usb
[    2.165722] sgm4151x-1 1-006b: Couldn't get prop 65 rc = -22
[    2.165723] get prop 67 is not supported in usb
[    2.165725] sgm4151x-1 1-006b: Couldn't get prop 67 rc = -22
[    2.172042] rt-pd-manager soc:rt-pd-manager: usb_dwork_handler Device
[    2.184044] rt-pd-manager soc:rt-pd-manager: usb_dwork_handler Device
[    2.196042] rt-pd-manager soc:rt-pd-manager: usb_dwork_handler Device
[    2.208097] rt-pd-manager soc:rt-pd-manager: usb_dwork_handler Device
[    2.220111] rt-pd-manager soc:rt-pd-manager: usb_dwork_handler Device
[    2.232111] rt-pd-manager soc:rt-pd-manager: usb_dwork_handler Device
[    2.244066] rt-pd-manager soc:rt-pd-manager: usb_dwork_handler Device
[    2.247992] ueventd: firmware: loading 'Himax_firmware.bin' for '/devices/platform/soc/4a80000.spi/spi_master/spi0/spi0.0/firmware/Himax_firmware.bin'
[    2.248836] ueventd: loading /devices/platform/soc/4a80000.spi/spi_master/spi0/spi0.0/firmware/Himax_firmware.bin took 1ms
[    2.251339] ueventd: Coldboot took 0.134 seconds
[    2.256086] rt-pd-manager soc:rt-pd-manager: usb_dwork_handler Device
[    2.267120] file system registered
[    2.268105] rt-pd-manager soc:rt-pd-manager: usb_dwork_handler Device
[    2.270449] Mass Storage Function, version: 2009/09/11
[    2.270455] LUN: removable file: (no medium)
[    2.280151] rt-pd-manager soc:rt-pd-manager: usb_dwork_handler Device
[    2.287151] msm-dwc3 4e00000.ssusb: DWC3 exited from low power mode
[    2.292059] rt-pd-manager soc:rt-pd-manager: usb_dwork_handler Device
[    2.300811] logd: libprocessgroup: Controller freezer is not found
[    2.300837] logd: libprocessgroup: SetAttribute: unknown attribute: FreezerState
[    2.300847] logd: libprocessgroup: SetAttribute: unknown attribute: FreezerState
[    2.301212] logd: Cannot read /system/etc/event-log-tags
[    2.301750] logd.auditd: start
[    2.301766] logd.klogd: 2301753540
[    2.304498] rt-pd-manager soc:rt-pd-manager: usb_dwork_handler Device
[    2.316069] rt-pd-manager soc:rt-pd-manager: usb_dwork_handler Device
[    2.317136] logd: SocketListener: Failed to start unbound listener
[    2.328046] rt-pd-manager soc:rt-pd-manager: usb_dwork_handler Device
[    2.340150] rt-pd-manager soc:rt-pd-manager: usb_dwork_handler Device
[    2.352052] rt-pd-manager soc:rt-pd-manager: usb_dwork_handler Device
[    2.364050] rt-pd-manager soc:rt-pd-manager: usb_dwork_handler Device
[    2.376048] rt-pd-manager soc:rt-pd-manager: usb_dwork_handler Device
[    2.388046] rt-pd-manager soc:rt-pd-manager: usb_dwork_handler Device
[    2.400062] rt-pd-manager soc:rt-pd-manager: usb_dwork_handler Device
[    2.412080] rt-pd-manager soc:rt-pd-manager: usb_dwork_handler Device
[    2.424059] rt-pd-manager soc:rt-pd-manager: usb_dwork_handler Device
[    2.436054] rt-pd-manager soc:rt-pd-manager: usb_dwork_handler Device
[    2.448067] rt-pd-manager soc:rt-pd-manager: usb_dwork_handler Device
[    2.460075] rt-pd-manager soc:rt-pd-manager: usb_dwork_handler Device
[    2.472066] rt-pd-manager soc:rt-pd-manager: usb_dwork_handler Device
[    2.484054] rt-pd-manager soc:rt-pd-manager: usb_dwork_handler Device
[    2.496041] rt-pd-manager soc:rt-pd-manager: usb_dwork_handler Device
[    2.508093] rt-pd-manager soc:rt-pd-manager: usb_dwork_handler Device
[    2.520073] rt-pd-manager soc:rt-pd-manager: usb_dwork_handler Device
[    2.532061] rt-pd-manager soc:rt-pd-manager: usb_dwork_handler Device
[    2.544051] rt-pd-manager soc:rt-pd-manager: usb_dwork_handler Device
[    2.556058] rt-pd-manager soc:rt-pd-manager: usb_dwork_handler Device
[    2.568075] rt-pd-manager soc:rt-pd-manager: usb_dwork_handler Device
[    2.580061] rt-pd-manager soc:rt-pd-manager: usb_dwork_handler Device
[    2.592051] rt-pd-manager soc:rt-pd-manager: usb_dwork_handler Device
[    2.604082] rt-pd-manager soc:rt-pd-manager: usb_dwork_handler Device
[    2.620131] rt-pd-manager soc:rt-pd-manager: usb_dwork_handler Device
[    2.630974] EXT4-fs (dm-1): mounted filesystem without journal. Opts: barrier=1,discard
[    2.632069] rt-pd-manager soc:rt-pd-manager: usb_dwork_handler Device
[    2.642164] EXT4-fs (dm-2): mounted filesystem without journal. Opts: barrier=1,discard
[    2.644064] rt-pd-manager soc:rt-pd-manager: usb_dwork_handler Device
[    2.653266] EXT4-fs (dm-3): mounted filesystem without journal. Opts: barrier=1,discard
[    2.660169] rt-pd-manager soc:rt-pd-manager: usb_dwork_handler Device
[    2.663344] EXT4-fs (dm-0): mounted filesystem without journal. Opts: barrier=1,discard
[    2.672065] rt-pd-manager soc:rt-pd-manager: usb_dwork_handler Device
[    2.675069] EXT4-fs (sda2): mounted filesystem with ordered data mode. Opts: 
[    2.677589] SELinux:  Context u:object_r:vendor_persist_time_file:s0 is not valid (left unmapped).
[    2.688056] rt-pd-manager soc:rt-pd-manager: usb_dwork_handler Device
[    2.689651] EXT4-fs (dm-3): mounted filesystem without journal. Opts: barrier=1,discard
[    2.697227] mmc0: new ultra high speed SDR104 SDHC card at address 59b4
[    2.699258] sdhci_msm_pm_qos_cpu_init (): voted for group #0 (mask=0xf) latency=-1
[    2.699266] sdhci_msm_pm_qos_cpu_init (): voted for group #1 (mask=0xf0) latency=-1
[    2.699279] mmcblk0: mmc0:59b4 NCard 29.5 GiB 
[    2.699936] mmcblk0: p1
[    2.704065] rt-pd-manager soc:rt-pd-manager: usb_dwork_handler Device
[    2.708335] i2c_pmic 0-0009: ignoring dependency for device, assuming no driver
[    2.708645] msm-cdc-pinctrl soc:msm_cdc_pinctrl_pri: ignoring dependency for device, assuming no driver
[    2.716053] rt-pd-manager soc:rt-pd-manager: usb_dwork_handler Device
[    2.728044] rt-pd-manager soc:rt-pd-manager: usb_dwork_handler Device
[    2.740072] rt-pd-manager soc:rt-pd-manager: usb_dwork_handler Device
[    2.752067] rt-pd-manager soc:rt-pd-manager: usb_dwork_handler Device
[    2.764072] rt-pd-manager soc:rt-pd-manager: usb_dwork_handler Device
[    2.776048] rt-pd-manager soc:rt-pd-manager: usb_dwork_handler Device
[    2.788065] rt-pd-manager soc:rt-pd-manager: usb_dwork_handler Device
[    2.800119] rt-pd-manager soc:rt-pd-manager: usb_dwork_handler Device
[    2.812046] rt-pd-manager soc:rt-pd-manager: usb_dwork_handler Device
[    2.824063] rt-pd-manager soc:rt-pd-manager: usb_dwork_handler Device
[    2.836042] rt-pd-manager soc:rt-pd-manager: usb_dwork_handler Device
[    2.840920] bq2589x-1 1-006a: bq2589x_adapter_in_workfunc:other adapter plugged in,vbus_type is 0
[    2.841236] bq2589x-1 1-006a: bq2589x_adapter_in_workfunc: Set input current to 1000mA successfully
[    2.841889] bq2589x-1 1-006a: bq2589x_ico_workfunc:ICO command issued successfully
[    2.848073] rt-pd-manager soc:rt-pd-manager: usb_dwork_handler Device
[    2.860145] rt-pd-manager soc:rt-pd-manager: usb_dwork_handler Device
[    2.860166] [drm:dsi_display_set_mode] [msm-dsi-info]: mdp_transfer_time_us=0 us
[    2.860173] [drm:dsi_display_set_mode] [msm-dsi-info]: hactive= 1200,vactive= 2000,fps=60
[    2.860735] bl_scale = 1024, bl_scale_sv = 65535, bl_lvl = 2954
[    2.864044] wtchg_set_usb_online capacity=1 protect=0 batt_protected_mode=0
[    2.864053] wt_chg soc:qcom_wt_chg: wtchg_set_charge_work: start !!
[    2.864063] bq2589x-1 1-006a: bq2589x_charger_irq_workfunc:adapter plugged in
[    2.864068] bq2589x-1 1-006a: bq2589x_charger_irq_workfunc:usb_online: 1, chg_status: 1, chg_fault: 0x8
[    2.864073] wt_chg soc:qcom_wt_chg: wt_chg_main now = 2864 resume_time = 7864 
[    2.865622] wt_chg soc:qcom_wt_chg: wtchg_float_charge_type_check vbus_online=1 real_type=0 float_recheck_cnt=0
[    2.868541] wt_chg soc:qcom_wt_chg: batt_protected_mode=0 batt_protected_mode_disable_charge=0 batt_protected_mode_disable_suspend=0 
[    2.868545] wt_chg soc:qcom_wt_chg: batt_jeita_stat_prev=0, batt_jeita_stat=2
[    2.868548] wt_chg soc:qcom_wt_chg: batt_temp=279, jeita_status=2, board_temp=277,lcd_on=0
[    2.868551] wt_chg soc:qcom_wt_chg: jeita_batt_cv=4432, jeita_batt_cv_pre=0, input_curr=500, input_curr_pre=0, slave_enable=0
[    2.868554] bq2589x-1 1-006a: set charge voltage: 4432
[    2.868869] sgm4151x-1 1-006b: set slave charge: voltage: 4432
[    2.869367] chg_type: 0, vbus_online: 1, vbus_volt: 4500, chg_status: 2, batt_volt: 4339000, batt_current: 0, temp: 279, health: 1, capacity: 100
[    2.869369] chg_temp: 300, usb_temp: 261, board_temp: 277, usb_online: 1, ac_online: 0, pd_active:0 typec_pr_role:2 
[    2.872062] rt-pd-manager soc:rt-pd-manager: usb_dwork_handler Device
[    2.884052] rt-pd-manager soc:rt-pd-manager: usb_dwork_handler Device
[    2.894740] bl_scale = 1024, bl_scale_sv = 65535, bl_lvl = 2954
[    2.896065] rt-pd-manager soc:rt-pd-manager: usb_dwork_handler Device
[    2.908053] rt-pd-manager soc:rt-pd-manager: usb_dwork_handler Device
[    2.920114] rt-pd-manager soc:rt-pd-manager: usb_dwork_handler Device
[    2.932057] rt-pd-manager soc:rt-pd-manager: usb_dwork_handler Device
[    2.944044] rt-pd-manager soc:rt-pd-manager: usb_dwork_handler Device
[    2.956040] rt-pd-manager soc:rt-pd-manager: usb_dwork_handler Device
[    2.968041] rt-pd-manager soc:rt-pd-manager: usb_dwork_handler Device
[    2.980059] rt-pd-manager soc:rt-pd-manager: usb_dwork_handler Device
[    2.992044] rt-pd-manager soc:rt-pd-manager: usb_dwork_handler Device
[    3.004040] rt-pd-manager soc:rt-pd-manager: usb_dwork_handler Device
[    3.016040] rt-pd-manager soc:rt-pd-manager: usb_dwork_handler Device
[    3.028043] rt-pd-manager soc:rt-pd-manager: usb_dwork_handler Device
[    3.040061] rt-pd-manager soc:rt-pd-manager: usb_dwork_handler Device
[    3.052053] rt-pd-manager soc:rt-pd-manager: usb_dwork_handler Device
[    3.064047] rt-pd-manager soc:rt-pd-manager: usb_dwork_handler Device
[    3.076043] rt-pd-manager soc:rt-pd-manager: usb_dwork_handler Device
[    3.088042] rt-pd-manager soc:rt-pd-manager: usb_dwork_handler Device
[    3.100078] rt-pd-manager soc:rt-pd-manager: usb_dwork_handler Device
[    3.111072] wt6670f-charge 2-0036: wt6670f_charge_irq_handler: start !!!
[    3.112076] wt_chg soc:qcom_wt_chg: wtchg_set_charge_work: start !!
[    3.112091] bq2589x-1 1-006a: bq2589x_set_charger_work:wt_hvdcp = 4
[    3.112094] rt-pd-manager soc:rt-pd-manager: usb_dwork_handler Device
[    3.112097] rt-pd-manager soc:rt-pd-manager: usb_dwork_handler usb peripheral
[    3.112121] wt_chg soc:qcom_wt_chg: wt_chg_main now = 3112 resume_time = 8112 
[    3.113668] wt_chg soc:qcom_wt_chg: wtchg_float_charge_type_check vbus_online=1 real_type=4 float_recheck_cnt=0
[    3.116597] wt_chg soc:qcom_wt_chg: batt_protected_mode=0 batt_protected_mode_disable_charge=0 batt_protected_mode_disable_suspend=0 
[    3.116606] wt_chg soc:qcom_wt_chg: batt_temp=279, jeita_status=2, board_temp=278,lcd_on=0
[    3.116612] wt_chg soc:qcom_wt_chg: jeita_batt_cv=4432, jeita_batt_cv_pre=4432, input_curr=500, input_curr_pre=0, slave_enable=0
[    3.116620] bq2589x-1 1-006a: set input current: 500
[    3.116940] bq2589x-1 1-006a: set usb suspend: 0
[    3.117271] sgm4151x-1 1-006b: set input suspend: 1
[    3.117588] wt_chg soc:qcom_wt_chg: type_ibatt=500, jeita_ibatt=4000, main_chg_ibatt=500, slave_chg_ibatt=0, chg_ibatt=500,chg_ibatt_pre=0
[    3.117595] bq2589x-1 1-006a: set charge current: 500
[    3.117909] bq2589x-1 1-006a: set term current: 350
[    3.118226] bq2589x-1 1-006a: set charging enable: 1
[    3.118540] sgm4151x-1 1-006b: set slave charge: enable: 0
[    3.122497] EXT4-fs (sda14): recovery complete
[    3.122505] EXT4-fs (sda14): mounted filesystem with ordered data mode. Opts: 
[    3.124853] bq2589x-1 1-006a: bq2589x_monitor_workfunc:vbus_type: 4, vbus volt:4500,vbat volt:4384,charge current:0, usb-switch1 1279, usb_switch_flag 0
[    3.125045] bq2589x-1 1-006a: bq2589x_monitor_workfunc:IINDPM occurred
[    3.128609] chg_type: 4, vbus_online: 1, vbus_volt: 4500, chg_status: 1, batt_volt: 4339000, batt_current: 0, temp: 279, health: 1, capacity: 100
[    3.128615] chg_temp: 300, usb_temp: 262, board_temp: 278, usb_online: 1, ac_online: 0, pd_active:0 typec_pr_role:2 
[    3.160709] F2FS-fs (sda18): Found nat_bits in checkpoint
[    3.291866] F2FS-fs (sda18): Mounted with checkpoint version = 767d97ab
[    3.303745] EXT4-fs (dm-1): mounted filesystem without journal. Opts: barrier=1,discard
[    3.307979] healthd: Unknown power supply type 'Main'
[    3.308182] healthd: Unknown power supply type 'Main'
[    3.308651] healthd: Unknown power supply type 'Main'
[    3.308668] healthd: batteryChargeTimeToFullNowPath. not found
[    3.311526] healthd: battery l=100 v=4339 t=27.9 h=2 st=2 c=0 fc=6624000 cc=547 chg=u
[    3.312111] EXT4-fs (dm-3): mounted filesystem without journal. Opts: barrier=1,discard
[    3.323311] EXT4-fs (dm-1): mounted filesystem without journal. Opts: barrier=1,discard
[    3.333981] EXT4-fs (dm-1): mounted filesystem without journal. Opts: barrier=1,discard
[    3.343799] EXT4-fs (dm-2): mounted filesystem without journal. Opts: barrier=1,discard
[    3.357471] EXT4-fs (dm-3): mounted filesystem without journal. Opts: barrier=1,discard
[    3.364647] EXT4-fs (dm-0): mounted filesystem without journal. Opts: barrier=1,discard
[    3.371842] EXT4-fs (sde9): mounted filesystem with ordered data mode. Opts: 
[    3.371856] SELinux:  Context u:object_r:adsprpcd_file:s0 is not valid (left unmapped).
[    3.636877] EXT4-fs (sda2): mounted filesystem with ordered data mode. Opts: 
[    3.644133] EXT4-fs (sda10): mounted filesystem with ordered data mode. Opts: discard
[    3.874193] bq2589x-1 1-006a: bq2589x_adjust_absolute_vindpm:Set absolute vindpm threshold 4600 successfully
[    6.516953] EXT4-fs (dm-1): mounted filesystem without journal. Opts: barrier=1,discard
[    6.529293] EXT4-fs (dm-1): mounted filesystem without journal. Opts: barrier=1,discard
[    6.541941] EXT4-fs (dm-1): mounted filesystem without journal. Opts: barrier=1,discard
[    6.556232] EXT4-fs (dm-1): mounted filesystem without journal. Opts: barrier=1,discard
[    6.569396] EXT4-fs (dm-1): mounted filesystem without journal. Opts: barrier=1,discard
[    6.582610] EXT4-fs (dm-1): mounted filesystem without journal. Opts: barrier=1,discard
[    6.786215] mmc0: det_gpio pin 1255 status is 1
[    6.786223] mmc0: apply bht power off patch
[    6.786226] mmc0: present status is 1
[    6.786234] mmc0: pwr_gpio pin 1260 status is 0
[    7.281334] init: starting service 'adbd'...
[    7.281815] init: Created socket '/dev/socket/adbd', mode 660, user 1000, group 1000
[    7.352614] init: Control message: Could not find 'android.hardware.keymaster@4.0::IKeymasterDevice/default' for ctl.interface_start from pid: 399 (/system/bin/hwservicemanager)
[    7.387488] read descriptors
[    7.387565] read strings
[    7.388358] init: processing action (sys.usb.config=adb && sys.usb.configfs=1 && sys.usb.ffs.ready=1) from (/system/etc/init/hw/init.rc:201)
[    7.444816] init: Command 'write /config/usb_gadget/g1/UDC ${sys.usb.controller}' action=sys.usb.config=adb && sys.usb.configfs=1 && sys.usb.ffs.ready=1 (/system/etc/init/hw/init.rc:205) took 55ms and succeeded
[    7.445302] init: processing action (sys.usb.config=adb && sys.usb.configfs=1 && sys.usb.ffs.ready=1) from (/init.tb128fu_usb.rc:77)
[    7.446109] init: Command 'rm /config/usb_gadget/g1/configs/b.1/f2' action=sys.usb.config=adb && sys.usb.configfs=1 && sys.usb.ffs.ready=1 (/init.tb128fu_usb.rc:81) took 0ms and failed: unlink() failed: No such file or directory
[    7.446162] init: Command 'rm /config/usb_gadget/g1/configs/b.1/f3' action=sys.usb.config=adb && sys.usb.configfs=1 && sys.usb.ffs.ready=1 (/init.tb128fu_usb.rc:82) took 0ms and failed: unlink() failed: No such file or directory
[    7.446461] android_work: did not send uevent (0 0 0000000000000000)
[    7.451002] msm-dwc3 4e00000.ssusb: Avail curr from USB = 2
[    7.451009] Set prop 145 is not supported in usb psy
[    7.523126] logd: logdr: UID=0 GID=0 PID=517 n tail=0 logMask=99 pid=0 start=0ns deadline=0ns
[    7.577770] msm-dwc3 4e00000.ssusb: Avail curr from USB = 100
[    7.577779] Set prop 145 is not supported in usb psy
[    7.697942] android_work: sent uevent USB_STATE=CONNECTED
[    7.701487] msm-dwc3 4e00000.ssusb: Avail curr from USB = 100
[    7.701494] Set prop 145 is not supported in usb psy
[    7.701548] android_work: sent uevent USB_STATE=DISCONNECTED
[    7.833900] android_work: sent uevent USB_STATE=CONNECTED
[    7.837029] configfs-gadget gadget: high-speed config #1: b
[    7.837409] msm-dwc3 4e00000.ssusb: Avail curr from USB = 500
[    7.837601] Set prop 145 is not supported in usb psy
[    7.837651] android_work: sent uevent USB_STATE=CONFIGURED
[    7.854376] EXT4-fs (dm-1): mounted filesystem without journal. Opts: (null)
[    8.189396] EXT4-fs (dm-3): mounted filesystem without journal. Opts: (null)
[    8.353303] init: Control message: Could not find 'android.hardware.keymaster@4.0::IKeymasterDevice/default' for ctl.interface_start from pid: 399 (/system/bin/hwservicemanager)
[    9.353834] init: Control message: Could not find 'android.hardware.keymaster@4.0::IKeymasterDevice/default' for ctl.interface_start from pid: 399 (/system/bin/hwservicemanager)
[    9.686004] dwc3 4e00000.dwc3: request 0000000000000000 was not queued to ep0out
[    9.764835] mmc0: detect_gpio pin 1255 status is 1
[    9.764843] mmc0: apply bht power on patch
[    9.764846] mmc0: present status is 1
[    9.764853] mmc0: pwr_gpio pin 1260 status is 1
[   10.015080] ### Bayhub debug: degrade count is 0 ###
[   10.015399] mmc0: Load BHT patch RC8.3.1-DS=4
[   10.015573] mmc0: skip load default configuration for tuning done
[   10.017190] mmc0: the new mode is 0x00000003
[   10.086052] FAT-fs (mmcblk0p1): Volume was not properly unmounted. Some data may be corrupt. Please run fsck.
[   10.310810] request_module fs-auto succeeded, but still no fs?
[   10.311965] bl_scale = 1024, bl_scale_sv = 65535, bl_lvl = 2954
[   10.365474] EXT4-fs (dm-1): mounted filesystem without journal. Opts: barrier=1,discard
[   10.422182] EXT4-fs (sda2): mounted filesystem with ordered data mode. Opts: 
[   10.518110] bl_scale = 1024, bl_scale_sv = 65535, bl_lvl = 2954
[   10.532663] EXT4-fs (dm-1): couldn't mount RDWR because of unsupported optional features (4000)
[   10.532959] EXT4-fs (dm-1): couldn't mount RDWR because of unsupported optional features (4000)
[   10.542766] EXT4-fs (dm-2): couldn't mount RDWR because of unsupported optional features (4000)
[   10.543054] EXT4-fs (dm-2): couldn't mount RDWR because of unsupported optional features (4000)
[   10.551163] EXT4-fs (dm-3): couldn't mount RDWR because of unsupported optional features (4000)
[   10.551431] EXT4-fs (dm-3): couldn't mount RDWR because of unsupported optional features (4000)
[   10.560423] EXT4-fs (dm-0): couldn't mount RDWR because of unsupported optional features (4000)
[   10.560691] EXT4-fs (dm-0): couldn't mount RDWR because of unsupported optional features (4000)
[   10.729563] read descriptors
[   10.729639] read strings
[   10.788926] android_work: sent uevent USB_STATE=DISCONNECTED
[   10.794811] msm-dwc3 4e00000.ssusb: Avail curr from USB = 2
[   10.794818] Set prop 145 is not supported in usb psy
[   10.917862] msm-dwc3 4e00000.ssusb: Avail curr from USB = 100
[   10.917865] Set prop 145 is not supported in usb psy
[   10.917871] android_work: did not send uevent (0 0 0000000000000000)
[   11.038063] android_work: sent uevent USB_STATE=CONNECTED
[   11.041675] msm-dwc3 4e00000.ssusb: Avail curr from USB = 100
[   11.041682] Set prop 145 is not supported in usb psy
[   11.041732] android_work: sent uevent USB_STATE=DISCONNECTED
[   11.177975] android_work: sent uevent USB_STATE=CONNECTED
[   11.181195] configfs-gadget gadget: high-speed config #1: b
[   11.181610] msm-dwc3 4e00000.ssusb: Avail curr from USB = 500
[   11.181760] Set prop 145 is not supported in usb psy
[   11.181812] android_work: sent uevent USB_STATE=CONFIGURED
[   11.432841] mtp_open
[   11.433075] mtp_open
[   11.433080] mtp_open mtp_release not called returning EBUSY
[   11.433092] mtp_release
[   11.489399] wt6670f-charge 2-0036: wt6670f_get_vbus_voltage: buf[0]: 0x0, buf[1]: 0xfa, adc_volt: 0xfa, vbus_volt: 4101
[   11.744245] tcpc_event_init_work typec attach new = 1
[   11.745620] TCPC-DC> dc_dfp_none
[   11.745624] TCPC-DP:dp_dfp_u_discover_id
[   11.745628] TCPC-DC> dc_dfp_discover_id
[   11.745631] TCPC-PE:PD-> SNK_START
[   11.746082] TCPC-PE-EVT:reset_prl_done
[   11.746087] TCPC-PE:PD-> SNK_DISC
[   11.746092] TCPC-PE-EVT:vbus_high
[   11.746095] TCPC-PE:PD-> SNK_WAIT_CAP
[   12.118302] TCPC-PE-EVT:timer
[   12.118308] TCPC-PE:PD-> SNK_HRESET
[   12.118344] rt-pd-manager soc:rt-pd-manager: lsw pd_tcp_notifier_call 425!!
[   12.120515] TCPC-TCPC:Alert:0x0050, Mask:0x23067f
[   12.120706] TCPC-PE-EVT:hard_reset_done
[   12.120712] TCPC-PE:PD-> SNK_TRANS_DFT
[   12.120716] TCPC-PE:pd_state=9
[   12.120743] rt-pd-manager soc:rt-pd-manager: lsw pd_tcp_notifier_call 425!!
[   12.120749] rt-pd-manager soc:rt-pd-manager: pd_tcp_notifier_call pd state = 9
[   12.122829] TCPC-DC> dc_dfp_none
[   12.122833] TCPC-DP:dp_dfp_u_discover_id
[   12.122836] TCPC-DC> dc_dfp_discover_id
[   12.122847] TCPC-PE-EVT:pr_at_dft
[   12.122851] TCPC-PE:PD-> SNK_START
[   12.122855] rt-pd-manager soc:rt-pd-manager: lsw pd_tcp_notifier_call 425!!
[   12.122861] rt-pd-manager soc:rt-pd-manager: pd_tcp_notifier_call sink vbus 5000mV 100mA type(0x02)
[   12.123308] TCPC-PE-EVT:reset_prl_done
[   12.123312] TCPC-PE:PD-> SNK_DISC
[   12.233223] mtp_open
[   12.356630] init: Control message: Could not find 'android.hardware.keymaster@4.0::IKeymasterDevice/default' for ctl.interface_start from pid: 399 (/system/bin/hwservicemanager)
[   12.593374] TCPC-PE-EVT:timer
[   12.593384] TCPC-PE:SRC NoResp
[   12.593387] TCPC-PE:TYPE-C Only Charger!
[   12.593421] rt-pd-manager soc:rt-pd-manager: lsw pd_tcp_notifier_call 425!!
[   12.593429] rt-pd-manager soc:rt-pd-manager: pd_tcp_notifier_call sink vbus 5000mV 100mA type(0x04)
[   12.596764] TCPC-PE:pd_state=1
[   12.596780] rt-pd-manager soc:rt-pd-manager: lsw pd_tcp_notifier_call 425!!
[   12.596790] rt-pd-manager soc:rt-pd-manager: lsw pd_tcp_notifier_call 425!!
[   12.596794] rt-pd-manager soc:rt-pd-manager: pd_tcp_notifier_call pd state = 1
[   13.280093] wt_chg soc:qcom_wt_chg: wt_chg_main now = 13280 resume_time = 18280 
[   13.282563] bq2589x-1 1-006a: bq2589x_monitor_workfunc:vbus_type: 4, vbus volt:4700,vbat volt:4344,charge current:0, usb-switch1 1279, usb_switch_flag 0
[   13.282792] bq2589x-1 1-006a: bq2589x_monitor_workfunc:IINDPM occurred
[   13.287911] wt_chg soc:qcom_wt_chg: wtchg_float_charge_type_check vbus_online=1 real_type=4 float_recheck_cnt=0
[   13.290839] wt_chg soc:qcom_wt_chg: batt_protected_mode=0 batt_protected_mode_disable_charge=0 batt_protected_mode_disable_suspend=0 
[   13.290846] wt_chg soc:qcom_wt_chg: batt_temp=279, jeita_status=2, board_temp=278,lcd_on=0
[   13.290853] wt_chg soc:qcom_wt_chg: jeita_batt_cv=4432, jeita_batt_cv_pre=4432, input_curr=500, input_curr_pre=500, slave_enable=0
[   13.290861] bq2589x-1 1-006a: set input current: 500
[   13.291238] bq2589x-1 1-006a: set usb suspend: 0
[   13.291616] sgm4151x-1 1-006b: set input suspend: 1
[   13.291992] wt_chg soc:qcom_wt_chg: type_ibatt=500, jeita_ibatt=4000, main_chg_ibatt=500, slave_chg_ibatt=0, chg_ibatt=500,chg_ibatt_pre=500
[   13.292246] chg_type: 4, vbus_online: 1, vbus_volt: 4700, chg_status: 1, batt_volt: 4313000, batt_current: -305000, temp: 279, health: 1, capacity: 100
[   13.292252] chg_temp: 300, usb_temp: 262, board_temp: 278, usb_online: 1, ac_online: 0, pd_active:0 typec_pr_role:2 
[   13.294116] TCPC-TCPC:bat_update_work_func battery update soc = 100
[   13.294123] TCPC-TCPC:bat_update_work_func Battery Charging
[   13.296867] healthd: battery l=100 v=4313 t=27.9 h=2 st=2 c=-305000 fc=6590000 cc=547 chg=u
[   13.299541] healthd: battery l=100 v=4313 t=27.9 h=2 st=2 c=-305000 fc=6590000 cc=547 chg=u
[   13.302114] healthd: battery l=100 v=4313 t=27.9 h=2 st=2 c=-305000 fc=6590000 cc=547 chg=u
[   13.357445] init: Control message: Could not find 'android.hardware.keymaster@4.0::IKeymasterDevice/default' for ctl.interface_start from pid: 399 (/system/bin/hwservicemanager)
[   14.358312] init: Control message: Could not find 'android.hardware.keymaster@4.0::IKeymasterDevice/default' for ctl.interface_start from pid: 399 (/system/bin/hwservicemanager)
[   14.818108] mmc0: det_gpio pin 1255 status is 1
[   14.818115] mmc0: apply bht power off patch
[   14.818118] mmc0: present status is 1
[   14.818126] mmc0: pwr_gpio pin 1260 status is 0
[   15.359193] init: Control message: Could not find 'android.hardware.keymaster@4.0::IKeymasterDevice/default' for ctl.interface_start from pid: 399 (/system/bin/hwservicemanager)
[   16.360084] init: Control message: Could not find 'android.hardware.keymaster@4.0::IKeymasterDevice/default' for ctl.interface_start from pid: 399 (/system/bin/hwservicemanager)
[   17.360954] init: Control message: Could not find 'android.hardware.keymaster@4.0::IKeymasterDevice/default' for ctl.interface_start from pid: 399 (/system/bin/hwservicemanager)
[   18.294200] TCPC-PE-EVT:timer
[   18.361839] init: Control message: Could not find 'android.hardware.keymaster@4.0::IKeymasterDevice/default' for ctl.interface_start from pid: 399 (/system/bin/hwservicemanager)
[   19.362823] init: Control message: Could not find 'android.hardware.keymaster@4.0::IKeymasterDevice/default' for ctl.interface_start from pid: 399 (/system/bin/hwservicemanager)
[   20.363672] init: Control message: Could not find 'android.hardware.keymaster@4.0::IKeymasterDevice/default' for ctl.interface_start from pid: 399 (/system/bin/hwservicemanager)
[   21.364575] init: Control message: Could not find 'android.hardware.keymaster@4.0::IKeymasterDevice/default' for ctl.interface_start from pid: 399 (/system/bin/hwservicemanager)
[   22.365429] init: Control message: Could not find 'android.hardware.keymaster@4.0::IKeymasterDevice/default' for ctl.interface_start from pid: 399 (/system/bin/hwservicemanager)
[   23.366261] init: Control message: Could not find 'android.hardware.keymaster@4.0::IKeymasterDevice/default' for ctl.interface_start from pid: 399 (/system/bin/hwservicemanager)
[   23.520072] wt_chg soc:qcom_wt_chg: wt_chg_main now = 23520 resume_time = 28520 
[   23.521371] bq2589x-1 1-006a: bq2589x_monitor_workfunc:vbus_type: 4, vbus volt:4700,vbat volt:4344,charge current:0, usb-switch1 1279, usb_switch_flag 0
[   23.521551] bq2589x-1 1-006a: bq2589x_monitor_workfunc:IINDPM occurred
[   23.526324] wt_chg soc:qcom_wt_chg: wtchg_float_charge_type_check vbus_online=1 real_type=4 float_recheck_cnt=0
[   23.529277] wt_chg soc:qcom_wt_chg: batt_protected_mode=0 batt_protected_mode_disable_charge=0 batt_protected_mode_disable_suspend=0 
[   23.529285] wt_chg soc:qcom_wt_chg: batt_temp=279, jeita_status=2, board_temp=278,lcd_on=0
[   23.529291] wt_chg soc:qcom_wt_chg: jeita_batt_cv=4432, jeita_batt_cv_pre=4432, input_curr=500, input_curr_pre=500, slave_enable=0
[   23.529298] bq2589x-1 1-006a: set input current: 500
[   23.529597] bq2589x-1 1-006a: set usb suspend: 0
[   23.529896] sgm4151x-1 1-006b: set input suspend: 1
[   23.530194] wt_chg soc:qcom_wt_chg: type_ibatt=500, jeita_ibatt=4000, main_chg_ibatt=500, slave_chg_ibatt=0, chg_ibatt=500,chg_ibatt_pre=500
[   23.530375] chg_type: 4, vbus_online: 1, vbus_volt: 4700, chg_status: 1, batt_volt: 4311000, batt_current: -281000, temp: 279, health: 1, capacity: 100
[   23.530381] chg_temp: 301, usb_temp: 262, board_temp: 278, usb_online: 1, ac_online: 0, pd_active:0 typec_pr_role:2 
[   23.530520] TCPC-TCPC:bat_update_work_func battery update soc = 100
[   23.530523] TCPC-TCPC:bat_update_work_func Battery Charging
[   23.534822] healthd: battery l=100 v=4311 t=27.9 h=2 st=2 c=-281000 fc=6590000 cc=547 chg=u
[   23.537438] healthd: battery l=100 v=4311 t=27.9 h=2 st=2 c=-281000 fc=6590000 cc=547 chg=u
[   23.539860] healthd: battery l=100 v=4311 t=27.9 h=2 st=2 c=-281000 fc=6590000 cc=547 chg=u
[   24.367152] init: Control message: Could not find 'android.hardware.keymaster@4.0::IKeymasterDevice/default' for ctl.interface_start from pid: 399 (/system/bin/hwservicemanager)
[   25.368086] init: Control message: Could not find 'android.hardware.keymaster@4.0::IKeymasterDevice/default' for ctl.interface_start from pid: 399 (/system/bin/hwservicemanager)
[   26.368935] init: Control message: Could not find 'android.hardware.keymaster@4.0::IKeymasterDevice/default' for ctl.interface_start from pid: 399 (/system/bin/hwservicemanager)
[   27.369825] init: Control message: Could not find 'android.hardware.keymaster@4.0::IKeymasterDevice/default' for ctl.interface_start from pid: 399 (/system/bin/hwservicemanager)
[   28.370716] init: Control message: Could not find 'android.hardware.keymaster@4.0::IKeymasterDevice/default' for ctl.interface_start from pid: 399 (/system/bin/hwservicemanager)
[   29.371589] init: Control message: Could not find 'android.hardware.keymaster@4.0::IKeymasterDevice/default' for ctl.interface_start from pid: 399 (/system/bin/hwservicemanager)
[   30.372510] init: Control message: Could not find 'android.hardware.keymaster@4.0::IKeymasterDevice/default' for ctl.interface_start from pid: 399 (/system/bin/hwservicemanager)
[   31.373302] init: Control message: Could not find 'android.hardware.keymaster@4.0::IKeymasterDevice/default' for ctl.interface_start from pid: 399 (/system/bin/hwservicemanager)
[   31.712137] vdd_supply: disabling
[   31.713300] ------------[ cut here ]------------
[   31.713305] i2c_pmic 0-0009: deferred probe timeout, ignoring dependency
[   31.713338] WARNING: CPU: 2 PID: 657 at driver_deferred_probe_check_state+0x78/0x8c
[   31.713343] Modules linked in:
[   31.713350] CPU: 2 PID: 657 Comm: kworker/2:4 Tainted: G S                4.19.292-Grass-perf #1
[   31.713354] Hardware name: Qualcomm Technologies, Inc. KHAJE IDP nopmi (DT)
[   31.713360] Workqueue: events deferred_probe_work_func
[   31.713365] pstate: 60400005 (nZCv daif +PAN -UAO)
[   31.713370] pc : driver_deferred_probe_check_state+0x78/0x8c
[   31.713374] lr : driver_deferred_probe_check_state+0x74/0x8c
[   31.713378] sp : ffffff8012453a90
[   31.713381] x29: ffffff8012453a90 x28: ffffffc57fed3ca0 
[   31.713385] x27: 0000000000000000 x26: ffffffc57fed4338 
[   31.713390] x25: ffffffbefe85e1b0 x24: ffffffbefe85e1c8 
[   31.713394] x23: ffffffc57fdd9100 x22: 0000000000000000 
[   31.713398] x21: ffffffc55716df00 x20: ffffffc57fed4080 
[   31.713402] x19: ffffffc404a66420 x18: ffffffc578155078 
[   31.713406] x17: 0000000000000000 x16: 00000000000000a4 
[   31.713411] x15: ffffffa1639da150 x14: ffffffa1641dff68 
[   31.713415] x13: 0000000000000004 x12: 0000000000000000 
[   31.713419] x11: 0000000000000000 x10: ffffffffffffffff 
[   31.713423] x9 : 0ed4947e95dad400 x8 : 0ed4947e95dad400 
[   31.713427] x7 : 000000000000003c x6 : ffffffa164696994 
[   31.713431] x5 : ffffffa164694028 x4 : 0000000000000008 
[   31.713436] x3 : 0000000079636e65 x2 : 0000000000000034 
[   31.713440] x1 : ffffffa164694064 x0 : 00000000ffffff92 
[   31.713445] Call trace:
[   31.713449] driver_deferred_probe_check_state+0x78/0x8c
[   31.713455] pinctrl_dt_to_map+0x2a4/0x46c
[   31.713462] create_pinctrl+0x6c/0x28c
[   31.713467] devm_pinctrl_get+0xb4/0x10c
[   31.713473] pinctrl_bind_pins+0x3c/0x14c
[   31.713478] really_probe+0x14c/0x300
[   31.713483] driver_probe_device+0x64/0x100
[   31.713486] __device_attach_driver+0xfc/0x118
[   31.713491] bus_for_each_drv+0x84/0xd0
[   31.713496] __device_attach.llvm.17672203628988705084+0xb4/0x14c
[   31.713499] bus_probe_device+0x38/0x9c
[   31.713503] deferred_probe_work_func+0x68/0xc4
[   31.713509] process_one_work+0x2ac/0x494
[   31.713514] worker_thread+0x2e4/0x570
[   31.713519] kthread+0x164/0x1e0
[   31.713524] ret_from_fork+0x10/0x18
[   31.713527] ---[ end trace 582409f92ffcdde8 ]---
[   31.715556] geni_i2c_xfer: 109 callbacks suppressed
[   31.715562] i2c_geni 4a84000.i2c: i2c error :-107
[   31.715575] PM8008: pm8008_read: failed to read 0x403b
[   31.715579] PM8008: pm8008_register_ldo: pm8008_l1: failed to read step rate configuration rc=-107
[   31.715583] PM8008: pm8008_parse_regulator: failed to register regulator pm8008_l1 rc=-107
[   31.715587] PM8008: pm8008_regulator_probe: failed to parse device tree rc=-107
[   31.715599] qcom,pm8008-regulator: probe of 4a84000.i2c:qcom,pm8008@9:qcom,pm8008-regulator failed with error -107
[   31.715809] I2C PMIC: i2c_pmic_probe: I2C PMIC probe successful
[   31.718589] ------------[ cut here ]------------
[   31.718597] msm-cdc-pinctrl soc:msm_cdc_pinctrl_pri: deferred probe timeout, ignoring dependency
[   31.718630] WARNING: CPU: 2 PID: 657 at driver_deferred_probe_check_state+0x78/0x8c
[   31.718635] Modules linked in:
[   31.718643] CPU: 2 PID: 657 Comm: kworker/2:4 Tainted: G S      W         4.19.292-Grass-perf #1
[   31.718646] Hardware name: Qualcomm Technologies, Inc. KHAJE IDP nopmi (DT)
[   31.718653] Workqueue: events deferred_probe_work_func
[   31.718658] pstate: 60400005 (nZCv daif +PAN -UAO)
[   31.718663] pc : driver_deferred_probe_check_state+0x78/0x8c
[   31.718667] lr : driver_deferred_probe_check_state+0x74/0x8c
[   31.718671] sp : ffffff8012453a90
[   31.718673] x29: ffffff8012453a90 x28: ffffffc57ff11da0 
[   31.718678] x27: 0000000000000000 x26: ffffffc57ff74430 
[   31.718682] x25: ffffffbefe88eda0 x24: ffffffbefe88edc8 
[   31.718686] x23: ffffffc57fdd9100 x22: 0000000000000000 
[   31.718691] x21: ffffffc5575acd00 x20: ffffffc57ff74278 
[   31.718695] x19: ffffffc578367410 x18: ffffffc578155078 
[   31.718699] x17: 0000000000000000 x16: 00000000000000a4 
[   31.718703] x15: ffffffa1639da150 x14: 6e69726f6e676920 
[   31.718707] x13: 2c74756f656d6974 x12: 0000000000000000 
[   31.718712] x11: 0000000000000000 x10: ffffffffffffffff 
[   31.718716] x9 : 0ed4947e95dad400 x8 : 0ed4947e95dad400 
[   31.718720] x7 : 0000000000000054 x6 : ffffffa1646969ac 
[   31.718724] x5 : ffffffa164694028 x4 : 0000000000000008 
[   31.718728] x3 : 0000000079636e65 x2 : ffffffffffffffcc 
[   31.718732] x1 : ffffffa16469407c x0 : 00000000ffffff92 
[   31.718738] Call trace:
[   31.718742] driver_deferred_probe_check_state+0x78/0x8c
[   31.718748] pinctrl_dt_to_map+0x2a4/0x46c
[   31.718755] create_pinctrl+0x6c/0x28c
[   31.718760] devm_pinctrl_get+0xb4/0x10c
[   31.718766] pinctrl_bind_pins+0x3c/0x14c
[   31.718770] really_probe+0x14c/0x300
[   31.718774] driver_probe_device+0x64/0x100
[   31.718778] __device_attach_driver+0xfc/0x118
[   31.718783] bus_for_each_drv+0x84/0xd0
[   31.718788] __device_attach.llvm.17672203628988705084+0xb4/0x14c
[   31.718791] bus_probe_device+0x38/0x9c
[   31.718795] deferred_probe_work_func+0x68/0xc4
[   31.718801] process_one_work+0x2ac/0x494
[   31.718806] worker_thread+0x2e4/0x570
[   31.718811] kthread+0x164/0x1e0
[   31.718817] ret_from_fork+0x10/0x18
[   31.718820] ---[ end trace 582409f92ffcdde9 ]---
[   31.718855] ------------[ cut here ]------------
[   31.718858] msm-cdc-pinctrl soc:msm_cdc_pinctrl_pri: deferred probe timeout, ignoring dependency
[   31.718880] WARNING: CPU: 2 PID: 657 at driver_deferred_probe_check_state+0x78/0x8c
[   31.718884] Modules linked in:
[   31.718890] CPU: 2 PID: 657 Comm: kworker/2:4 Tainted: G S      W         4.19.292-Grass-perf #1
[   31.718893] Hardware name: Qualcomm Technologies, Inc. KHAJE IDP nopmi (DT)
[   31.718898] Workqueue: events deferred_probe_work_func
[   31.718902] pstate: 60400005 (nZCv daif +PAN -UAO)
[   31.718906] pc : driver_deferred_probe_check_state+0x78/0x8c
[   31.718911] lr : driver_deferred_probe_check_state+0x74/0x8c
[   31.718913] sp : ffffff8012453950
[   31.718916] x29: ffffff8012453950 x28: ffffffc57ff11da0 
[   31.718920] x27: 0000000000000000 x26: ffffffc57ff74430 
[   31.718924] x25: ffffffbefe88eda0 x24: ffffffbefe88edc8 
[   31.718929] x23: ffffffc57fdd9100 x22: 0000000000000000 
[   31.718933] x21: ffffffc5575acc80 x20: ffffffc57ff74278 
[   31.718937] x19: ffffffc578367410 x18: ffffffc578155080 
[   31.718941] x17: 0000000000000000 x16: 00000000000000a4 
[   31.718945] x15: ffffffa1639da150 x14: 6e69726f6e676920 
[   31.718949] x13: 2c74756f656d6974 x12: 0000000000000000 
[   31.718954] x11: 0000000000000000 x10: ffffffffffffffff 
[   31.718958] x9 : 0ed4947e95dad400 x8 : 0ed4947e95dad400 
[   31.718962] x7 : 0000000000000054 x6 : ffffffa1646969ac 
[   31.718966] x5 : ffffffa164694028 x4 : 0000000000000008 
[   31.718970] x3 : 0000000079636e65 x2 : ffffffffffffffcc 
[   31.718974] x1 : ffffffa16469407c x0 : 00000000ffffff92 
[   31.718979] Call trace:
[   31.718983] driver_deferred_probe_check_state+0x78/0x8c
[   31.718987] pinctrl_dt_to_map+0x2a4/0x46c
[   31.718993] create_pinctrl+0x6c/0x28c
[   31.718997] devm_pinctrl_get+0xb4/0x10c
[   31.719004] msm_cdc_pinctrl_probe+0x8c/0x3f8
[   31.719009] platform_drv_probe+0x80/0xbc
[   31.719013] really_probe+0x27c/0x300
[   31.719017] driver_probe_device+0x64/0x100
[   31.719021] __device_attach_driver+0xfc/0x118
[   31.719024] bus_for_each_drv+0x84/0xd0
[   31.719028] __device_attach.llvm.17672203628988705084+0xb4/0x14c
[   31.719032] bus_probe_device+0x38/0x9c
[   31.719036] deferred_probe_work_func+0x68/0xc4
[   31.719040] process_one_work+0x2ac/0x494
[   31.719043] worker_thread+0x2e4/0x570
[   31.719047] kthread+0x164/0x1e0
[   31.719052] ret_from_fork+0x10/0x18
[   31.719055] ---[ end trace 582409f92ffcddea ]---
[   31.719062] msm-cdc-pinctrl soc:msm_cdc_pinctrl_pri: msm_cdc_pinctrl_probe: Cannot get cdc gpio pinctrl:-110
[   31.719074] msm-cdc-pinctrl: probe of soc:msm_cdc_pinctrl_pri failed with error -110
[   31.719567] platform soc:qcom,msm-pcm-voice: deferred probe pending
[   31.719572] platform soc:qcom,msm-voip-dsp: deferred probe pending
[   32.374164] init: Control message: Could not find 'android.hardware.keymaster@4.0::IKeymasterDevice/default' for ctl.interface_start from pid: 399 (/system/bin/hwservicemanager)
[   33.112097] wt_chg soc:qcom_wt_chg: chg_main_alarm_cb wt chg alarm triggered 33112
[   33.374964] init: Control message: Could not find 'android.hardware.keymaster@4.0::IKeymasterDevice/default' for ctl.interface_start from pid: 399 (/system/bin/hwservicemanager)
[   33.760070] wt_chg soc:qcom_wt_chg: wt_chg_main now = 33760 resume_time = 38760 
[   33.762511] bq2589x-1 1-006a: bq2589x_monitor_workfunc:vbus_type: 4, vbus volt:4700,vbat volt:4344,charge current:0, usb-switch1 1279, usb_switch_flag 0
[   33.762747] bq2589x-1 1-006a: bq2589x_monitor_workfunc:IINDPM occurred
[   33.767928] wt_chg soc:qcom_wt_chg: wtchg_float_charge_type_check vbus_online=1 real_type=4 float_recheck_cnt=0
[   33.770850] wt_chg soc:qcom_wt_chg: batt_protected_mode=0 batt_protected_mode_disable_charge=0 batt_protected_mode_disable_suspend=0 
[   33.770857] wt_chg soc:qcom_wt_chg: batt_temp=280, jeita_status=2, board_temp=281,lcd_on=0
[   33.770863] wt_chg soc:qcom_wt_chg: jeita_batt_cv=4432, jeita_batt_cv_pre=4432, input_curr=500, input_curr_pre=500, slave_enable=0
[   33.770869] bq2589x-1 1-006a: set input current: 500
[   33.771247] bq2589x-1 1-006a: set usb suspend: 0
[   33.771624] sgm4151x-1 1-006b: set input suspend: 1
[   33.772000] wt_chg soc:qcom_wt_chg: type_ibatt=500, jeita_ibatt=4000, main_chg_ibatt=500, slave_chg_ibatt=0, chg_ibatt=500,chg_ibatt_pre=500
[   33.772255] chg_type: 4, vbus_online: 1, vbus_volt: 4700, chg_status: 1, batt_volt: 4311000, batt_current: -285000, temp: 280, health: 1, capacity: 100
[   33.772261] chg_temp: 302, usb_temp: 262, board_temp: 281, usb_online: 1, ac_online: 0, pd_active:0 typec_pr_role:2 
[   33.772428] TCPC-TCPC:bat_update_work_func battery update soc = 100
[   33.772432] TCPC-TCPC:bat_update_work_func Battery Charging
[   33.776843] healthd: battery l=100 v=4311 t=28.0 h=2 st=2 c=-285000 fc=6590000 cc=547 chg=u
[   33.779437] healthd: battery l=100 v=4311 t=28.0 h=2 st=2 c=-285000 fc=6590000 cc=547 chg=u
[   33.782030] healthd: battery l=100 v=4311 t=28.0 h=2 st=2 c=-285000 fc=6590000 cc=547 chg=u
[   34.375848] init: Control message: Could not find 'android.hardware.keymaster@4.0::IKeymasterDevice/default' for ctl.interface_start from pid: 399 (/system/bin/hwservicemanager)
[   35.376620] init: Control message: Could not find 'android.hardware.keymaster@4.0::IKeymasterDevice/default' for ctl.interface_start from pid: 399 (/system/bin/hwservicemanager)
[   36.377448] init: Control message: Could not find 'android.hardware.keymaster@4.0::IKeymasterDevice/default' for ctl.interface_start from pid: 399 (/system/bin/hwservicemanager)
[   37.378208] init: Control message: Could not find 'android.hardware.keymaster@4.0::IKeymasterDevice/default' for ctl.interface_start from pid: 399 (/system/bin/hwservicemanager)
[   38.379058] init: Control message: Could not find 'android.hardware.keymaster@4.0::IKeymasterDevice/default' for ctl.interface_start from pid: 399 (/system/bin/hwservicemanager)
[   39.379922] init: Control message: Could not find 'android.hardware.keymaster@4.0::IKeymasterDevice/default' for ctl.interface_start from pid: 399 (/system/bin/hwservicemanager)
[   40.380894] init: Control message: Could not find 'android.hardware.keymaster@4.0::IKeymasterDevice/default' for ctl.interface_start from pid: 399 (/system/bin/hwservicemanager)
[   41.381764] init: Control message: Could not find 'android.hardware.keymaster@4.0::IKeymasterDevice/default' for ctl.interface_start from pid: 399 (/system/bin/hwservicemanager)
[   42.382620] init: Control message: Could not find 'android.hardware.keymaster@4.0::IKeymasterDevice/default' for ctl.interface_start from pid: 399 (/system/bin/hwservicemanager)
[   43.383495] init: Control message: Could not find 'android.hardware.keymaster@4.0::IKeymasterDevice/default' for ctl.interface_start from pid: 399 (/system/bin/hwservicemanager)
[   44.000082] wt_chg soc:qcom_wt_chg: wt_chg_main now = 44000 resume_time = 49000 
[   44.001346] bq2589x-1 1-006a: bq2589x_monitor_workfunc:vbus_type: 4, vbus volt:4700,vbat volt:4324,charge current:0, usb-switch1 1279, usb_switch_flag 0
[   44.001527] bq2589x-1 1-006a: bq2589x_monitor_workfunc:IINDPM occurred
[   44.006287] wt_chg soc:qcom_wt_chg: wtchg_float_charge_type_check vbus_online=1 real_type=4 float_recheck_cnt=0
[   44.009211] wt_chg soc:qcom_wt_chg: batt_protected_mode=0 batt_protected_mode_disable_charge=0 batt_protected_mode_disable_suspend=0 
[   44.009219] wt_chg soc:qcom_wt_chg: batt_temp=280, jeita_status=2, board_temp=283,lcd_on=0
[   44.009226] wt_chg soc:qcom_wt_chg: jeita_batt_cv=4432, jeita_batt_cv_pre=4432, input_curr=500, input_curr_pre=500, slave_enable=0
[   44.009232] bq2589x-1 1-006a: set input current: 500
[   44.009532] bq2589x-1 1-006a: set usb suspend: 0
[   44.009831] sgm4151x-1 1-006b: set input suspend: 1
[   44.010130] wt_chg soc:qcom_wt_chg: type_ibatt=500, jeita_ibatt=4000, main_chg_ibatt=500, slave_chg_ibatt=0, chg_ibatt=500,chg_ibatt_pre=500
[   44.010313] chg_type: 4, vbus_online: 1, vbus_volt: 4700, chg_status: 1, batt_volt: 4314000, batt_current: -275000, temp: 280, health: 1, capacity: 100
[   44.010318] chg_temp: 304, usb_temp: 262, board_temp: 283, usb_online: 1, ac_online: 0, pd_active:0 typec_pr_role:2 
[   44.010453] TCPC-TCPC:bat_update_work_func battery update soc = 100
[   44.010457] TCPC-TCPC:bat_update_work_func Battery Charging
[   44.015706] healthd: battery l=100 v=4314 t=28.0 h=2 st=2 c=-275000 fc=6590000 cc=547 chg=u
[   44.018328] healthd: battery l=100 v=4314 t=28.0 h=2 st=2 c=-275000 fc=6590000 cc=547 chg=u
[   44.020786] healthd: battery l=100 v=4314 t=28.0 h=2 st=2 c=-275000 fc=6590000 cc=547 chg=u
[   44.384446] init: Control message: Could not find 'android.hardware.keymaster@4.0::IKeymasterDevice/default' for ctl.interface_start from pid: 399 (/system/bin/hwservicemanager)
[   45.385266] init: Control message: Could not find 'android.hardware.keymaster@4.0::IKeymasterDevice/default' for ctl.interface_start from pid: 399 (/system/bin/hwservicemanager)
[   46.386160] init: Control message: Could not find 'android.hardware.keymaster@4.0::IKeymasterDevice/default' for ctl.interface_start from pid: 399 (/system/bin/hwservicemanager)
[   47.387017] init: Control message: Could not find 'android.hardware.keymaster@4.0::IKeymasterDevice/default' for ctl.interface_start from pid: 399 (/system/bin/hwservicemanager)
[   48.387884] init: Control message: Could not find 'android.hardware.keymaster@4.0::IKeymasterDevice/default' for ctl.interface_start from pid: 399 (/system/bin/hwservicemanager)
[   49.388761] init: Control message: Could not find 'android.hardware.keymaster@4.0::IKeymasterDevice/default' for ctl.interface_start from pid: 399 (/system/bin/hwservicemanager)
[   50.389667] init: Control message: Could not find 'android.hardware.keymaster@4.0::IKeymasterDevice/default' for ctl.interface_start from pid: 399 (/system/bin/hwservicemanager)
[   51.390491] init: Control message: Could not find 'android.hardware.keymaster@4.0::IKeymasterDevice/default' for ctl.interface_start from pid: 399 (/system/bin/hwservicemanager)
[   52.391386] init: Control message: Could not find 'android.hardware.keymaster@4.0::IKeymasterDevice/default' for ctl.interface_start from pid: 399 (/system/bin/hwservicemanager)
[   53.392270] init: Control message: Could not find 'android.hardware.keymaster@4.0::IKeymasterDevice/default' for ctl.interface_start from pid: 399 (/system/bin/hwservicemanager)
[   54.240072] wt_chg soc:qcom_wt_chg: wt_chg_main now = 54240 resume_time = 59240 
[   54.241317] bq2589x-1 1-006a: bq2589x_monitor_workfunc:vbus_type: 4, vbus volt:4700,vbat volt:4324,charge current:0, usb-switch1 1279, usb_switch_flag 0
[   54.241498] bq2589x-1 1-006a: bq2589x_monitor_workfunc:IINDPM occurred
[   54.246231] wt_chg soc:qcom_wt_chg: wtchg_float_charge_type_check vbus_online=1 real_type=4 float_recheck_cnt=0
[   54.249151] wt_chg soc:qcom_wt_chg: batt_protected_mode=0 batt_protected_mode_disable_charge=0 batt_protected_mode_disable_suspend=0 
[   54.249159] wt_chg soc:qcom_wt_chg: batt_temp=281, jeita_status=2, board_temp=285,lcd_on=0
[   54.249165] wt_chg soc:qcom_wt_chg: jeita_batt_cv=4432, jeita_batt_cv_pre=4432, input_curr=500, input_curr_pre=500, slave_enable=0
[   54.249171] bq2589x-1 1-006a: set input current: 500
[   54.249472] bq2589x-1 1-006a: set usb suspend: 0
[   54.249773] sgm4151x-1 1-006b: set input suspend: 1
[   54.250074] wt_chg soc:qcom_wt_chg: type_ibatt=500, jeita_ibatt=4000, main_chg_ibatt=500, slave_chg_ibatt=0, chg_ibatt=500,chg_ibatt_pre=500
[   54.250257] chg_type: 4, vbus_online: 1, vbus_volt: 4700, chg_status: 1, batt_volt: 4309000, batt_current: -312000, temp: 281, health: 1, capacity: 100
[   54.250262] chg_temp: 307, usb_temp: 262, board_temp: 285, usb_online: 1, ac_online: 0, pd_active:0 typec_pr_role:2 
[   54.250400] TCPC-TCPC:bat_update_work_func battery update soc = 100
[   54.250404] TCPC-TCPC:bat_update_work_func Battery Charging
[   54.254732] healthd: battery l=100 v=4309 t=28.1 h=2 st=2 c=-312000 fc=6584000 cc=547 chg=u
[   54.257300] healthd: battery l=100 v=4309 t=28.1 h=2 st=2 c=-312000 fc=6584000 cc=547 chg=u
[   54.259717] healthd: battery l=100 v=4309 t=28.1 h=2 st=2 c=-312000 fc=6584000 cc=547 chg=u
[   54.393136] init: Control message: Could not find 'android.hardware.keymaster@4.0::IKeymasterDevice/default' for ctl.interface_start from pid: 399 (/system/bin/hwservicemanager)
[   55.394035] init: Control message: Could not find 'android.hardware.keymaster@4.0::IKeymasterDevice/default' for ctl.interface_start from pid: 399 (/system/bin/hwservicemanager)
[   56.394895] init: Control message: Could not find 'android.hardware.keymaster@4.0::IKeymasterDevice/default' for ctl.interface_start from pid: 399 (/system/bin/hwservicemanager)
[   57.395715] init: Control message: Could not find 'android.hardware.keymaster@4.0::IKeymasterDevice/default' for ctl.interface_start from pid: 399 (/system/bin/hwservicemanager)
[   58.396512] init: Control message: Could not find 'android.hardware.keymaster@4.0::IKeymasterDevice/default' for ctl.interface_start from pid: 399 (/system/bin/hwservicemanager)
[   59.397457] init: Control message: Could not find 'android.hardware.keymaster@4.0::IKeymasterDevice/default' for ctl.interface_start from pid: 399 (/system/bin/hwservicemanager)
[   60.237674] EXT4-fs (dm-1): mounted filesystem without journal. Opts: barrier=1,discard
[   60.398405] init: Control message: Could not find 'android.hardware.keymaster@4.0::IKeymasterDevice/default' for ctl.interface_start from pid: 399 (/system/bin/hwservicemanager)
[   61.399089] init: Control message: Could not find 'android.hardware.keymaster@4.0::IKeymasterDevice/default' for ctl.interface_start from pid: 399 (/system/bin/hwservicemanager)
[   62.229190] EXT4-fs (dm-2): mounted filesystem without journal. Opts: barrier=1,discard
[   62.399780] init: Control message: Could not find 'android.hardware.keymaster@4.0::IKeymasterDevice/default' for ctl.interface_start from pid: 399 (/system/bin/hwservicemanager)
[   63.092069] EXT4-fs (dm-1): mounted filesystem without journal. Opts: barrier=1,discard
[   63.112119] wt_chg soc:qcom_wt_chg: chg_main_alarm_cb wt chg alarm triggered 63112
[   63.316007] healthd: battery l=100 v=4309 t=28.1 h=2 st=2 c=-309000 fc=6590000 cc=547 chg=u
[   63.400695] init: Control message: Could not find 'android.hardware.keymaster@4.0::IKeymasterDevice/default' for ctl.interface_start from pid: 399 (/system/bin/hwservicemanager)
[   64.401544] init: Control message: Could not find 'android.hardware.keymaster@4.0::IKeymasterDevice/default' for ctl.interface_start from pid: 399 (/system/bin/hwservicemanager)
[   64.426994] EXT4-fs (dm-1): mounted filesystem without journal. Opts: barrier=1,discard
[   64.480080] wt_chg soc:qcom_wt_chg: wt_chg_main now = 64480 resume_time = 69480 
[   64.481320] bq2589x-1 1-006a: bq2589x_monitor_workfunc:vbus_type: 4, vbus volt:4700,vbat volt:4344,charge current:0, usb-switch1 1279, usb_switch_flag 0
[   64.481502] bq2589x-1 1-006a: bq2589x_monitor_workfunc:IINDPM occurred
[   64.482047] wt_chg soc:qcom_wt_chg: wtchg_float_charge_type_check vbus_online=1 real_type=4 float_recheck_cnt=0
[   64.485010] wt_chg soc:qcom_wt_chg: batt_protected_mode=0 batt_protected_mode_disable_charge=0 batt_protected_mode_disable_suspend=0 
[   64.485018] wt_chg soc:qcom_wt_chg: batt_temp=282, jeita_status=2, board_temp=287,lcd_on=0
[   64.485024] wt_chg soc:qcom_wt_chg: jeita_batt_cv=4432, jeita_batt_cv_pre=4432, input_curr=500, input_curr_pre=500, slave_enable=0
[   64.485031] bq2589x-1 1-006a: set input current: 500
[   64.485332] bq2589x-1 1-006a: set usb suspend: 0
[   64.485633] sgm4151x-1 1-006b: set input suspend: 1
[   64.485933] wt_chg soc:qcom_wt_chg: type_ibatt=500, jeita_ibatt=4000, main_chg_ibatt=500, slave_chg_ibatt=0, chg_ibatt=500,chg_ibatt_pre=500
[   64.486115] chg_type: 4, vbus_online: 1, vbus_volt: 4700, chg_status: 1, batt_volt: 4308000, batt_current: -317000, temp: 282, health: 1, capacity: 100
[   64.486121] chg_temp: 309, usb_temp: 262, board_temp: 287, usb_online: 1, ac_online: 0, pd_active:0 typec_pr_role:2 
[   64.486258] TCPC-TCPC:bat_update_work_func battery update soc = 100
[   64.486262] TCPC-TCPC:bat_update_work_func Battery Charging
[   64.490572] healthd: battery l=100 v=4308 t=28.2 h=2 st=2 c=-317000 fc=6590000 cc=547 chg=u
[   64.493247] healthd: battery l=100 v=4308 t=28.2 h=2 st=2 c=-317000 fc=6590000 cc=547 chg=u
[   64.495682] healthd: battery l=100 v=4308 t=28.2 h=2 st=2 c=-317000 fc=6590000 cc=547 chg=u
[   65.402371] init: Control message: Could not find 'android.hardware.keymaster@4.0::IKeymasterDevice/default' for ctl.interface_start from pid: 399 (/system/bin/hwservicemanager)
[   66.404478] init: Control message: Could not find 'android.hardware.keymaster@4.0::IKeymasterDevice/default' for ctl.interface_start from pid: 399 (/system/bin/hwservicemanager)
[   66.476212] EXT4-fs (dm-2): mounted filesystem without journal. Opts: barrier=1,discard
[   67.404798] init: Control message: Could not find 'android.hardware.keymaster@4.0::IKeymasterDevice/default' for ctl.interface_start from pid: 399 (/system/bin/hwservicemanager)
[   68.405612] init: Control message: Could not find 'android.hardware.keymaster@4.0::IKeymasterDevice/default' for ctl.interface_start from pid: 399 (/system/bin/hwservicemanager)
[   68.465463] EXT4-fs (dm-2): mounted filesystem without journal. Opts: barrier=1,discard
[   69.055369] EXT4-fs (dm-0): mounted filesystem without journal. Opts: barrier=1,discard
[   69.406455] init: Control message: Could not find 'android.hardware.keymaster@4.0::IKeymasterDevice/default' for ctl.interface_start from pid: 399 (/system/bin/hwservicemanager)
[   70.407317] init: Control message: Could not find 'android.hardware.keymaster@4.0::IKeymasterDevice/default' for ctl.interface_start from pid: 399 (/system/bin/hwservicemanager)
[   70.422948] EXT4-fs (dm-0): mounted filesystem without journal. Opts: barrier=1,discard
[   71.408156] init: Control message: Could not find 'android.hardware.keymaster@4.0::IKeymasterDevice/default' for ctl.interface_start from pid: 399 (/system/bin/hwservicemanager)
[   71.701214] EXT4-fs (dm-3): mounted filesystem without journal. Opts: barrier=1,discard
[   72.408990] init: Control message: Could not find 'android.hardware.keymaster@4.0::IKeymasterDevice/default' for ctl.interface_start from pid: 399 (/system/bin/hwservicemanager)
[   73.409886] init: Control message: Could not find 'android.hardware.keymaster@4.0::IKeymasterDevice/default' for ctl.interface_start from pid: 399 (/system/bin/hwservicemanager)
[   74.058222] mmc0: detect_gpio pin 1255 status is 1
[   74.058230] mmc0: apply bht power on patch
[   74.058233] mmc0: present status is 1
[   74.058240] mmc0: pwr_gpio pin 1260 status is 1
[   74.308314] ### Bayhub debug: degrade count is 0 ###
[   74.308632] mmc0: Load BHT patch RC8.3.1-DS=4
[   74.308805] mmc0: skip load default configuration for tuning done
[   74.310420] mmc0: the new mode is 0x00000003
[   74.376420] FAT-fs (mmcblk0p1): Volume was not properly unmounted. Some data may be corrupt. Please run fsck.
[   74.410619] init: Control message: Could not find 'android.hardware.keymaster@4.0::IKeymasterDevice/default' for ctl.interface_start from pid: 399 (/system/bin/hwservicemanager)
[   74.720074] wt_chg soc:qcom_wt_chg: wt_chg_main now = 74720 resume_time = 79720 
[   74.721372] bq2589x-1 1-006a: bq2589x_monitor_workfunc:vbus_type: 4, vbus volt:4700,vbat volt:4324,charge current:0, usb-switch1 1279, usb_switch_flag 0
[   74.721552] bq2589x-1 1-006a: bq2589x_monitor_workfunc:IINDPM occurred
[   74.726142] wt_chg soc:qcom_wt_chg: wtchg_float_charge_type_check vbus_online=1 real_type=4 float_recheck_cnt=0
[   74.729072] wt_chg soc:qcom_wt_chg: batt_protected_mode=0 batt_protected_mode_disable_charge=0 batt_protected_mode_disable_suspend=0 
[   74.729080] wt_chg soc:qcom_wt_chg: batt_temp=283, jeita_status=2, board_temp=288,lcd_on=0
[   74.729087] wt_chg soc:qcom_wt_chg: jeita_batt_cv=4432, jeita_batt_cv_pre=4432, input_curr=500, input_curr_pre=500, slave_enable=0
[   74.729094] bq2589x-1 1-006a: set input current: 500
[   74.729427] bq2589x-1 1-006a: set usb suspend: 0
[   74.729728] sgm4151x-1 1-006b: set input suspend: 1
[   74.730026] wt_chg soc:qcom_wt_chg: type_ibatt=500, jeita_ibatt=4000, main_chg_ibatt=500, slave_chg_ibatt=0, chg_ibatt=500,chg_ibatt_pre=500
[   74.730208] chg_type: 4, vbus_online: 1, vbus_volt: 4700, chg_status: 1, batt_volt: 4309000, batt_current: -326000, temp: 283, health: 1, capacity: 100
[   74.730214] chg_temp: 310, usb_temp: 262, board_temp: 288, usb_online: 1, ac_online: 0, pd_active:0 typec_pr_role:2 
[   74.730349] TCPC-TCPC:bat_update_work_func battery update soc = 100
[   74.730352] TCPC-TCPC:bat_update_work_func Battery Charging
[   74.734582] healthd: battery l=100 v=4309 t=28.3 h=2 st=2 c=-326000 fc=6584000 cc=547 chg=u
[   74.737076] healthd: battery l=100 v=4309 t=28.3 h=2 st=2 c=-326000 fc=6584000 cc=547 chg=u
[   74.739502] healthd: battery l=100 v=4309 t=28.3 h=2 st=2 c=-326000 fc=6584000 cc=547 chg=u
[   75.374381] EXT4-fs (sde9): mounted filesystem with ordered data mode. Opts: 
[   75.411496] init: Control message: Could not find 'android.hardware.keymaster@4.0::IKeymasterDevice/default' for ctl.interface_start from pid: 399 (/system/bin/hwservicemanager)
[   75.839413] EXT4-fs (sda14): mounted filesystem with ordered data mode. Opts: 
[   76.040838] EXT4-fs (dm-0): mounted filesystem without journal. Opts: barrier=1,discard
[   76.225177] EXT4-fs (dm-3): mounted filesystem without journal. Opts: barrier=1,discard
[   76.413312] init: Control message: Could not find 'android.hardware.keymaster@4.0::IKeymasterDevice/default' for ctl.interface_start from pid: 399 (/system/bin/hwservicemanager)
[   77.413537] init: Control message: Could not find 'android.hardware.keymaster@4.0::IKeymasterDevice/default' for ctl.interface_start from pid: 399 (/system/bin/hwservicemanager)
[   78.051306] mmc0: det_gpio pin 1255 status is 1
[   78.051313] mmc0: apply bht power off patch
[   78.051316] mmc0: present status is 1
[   78.051323] mmc0: pwr_gpio pin 1260 status is 0
[   78.414717] init: Control message: Could not find 'android.hardware.keymaster@4.0::IKeymasterDevice/default' for ctl.interface_start from pid: 399 (/system/bin/hwservicemanager)
[   79.415566] init: Control message: Could not find 'android.hardware.keymaster@4.0::IKeymasterDevice/default' for ctl.interface_start from pid: 399 (/system/bin/hwservicemanager)
[   80.416456] init: Control message: Could not find 'android.hardware.keymaster@4.0::IKeymasterDevice/default' for ctl.interface_start from pid: 399 (/system/bin/hwservicemanager)
[   81.417398] init: Control message: Could not find 'android.hardware.keymaster@4.0::IKeymasterDevice/default' for ctl.interface_start from pid: 399 (/system/bin/hwservicemanager)
[   82.418184] init: Control message: Could not find 'android.hardware.keymaster@4.0::IKeymasterDevice/default' for ctl.interface_start from pid: 399 (/system/bin/hwservicemanager)
[   82.437449] EXT4-fs (dm-2): mounted filesystem without journal. Opts: barrier=1,discard
[   82.667079] EXT4-fs (dm-3): mounted filesystem without journal. Opts: barrier=1,discard
[   83.418979] init: Control message: Could not find 'android.hardware.keymaster@4.0::IKeymasterDevice/default' for ctl.interface_start from pid: 399 (/system/bin/hwservicemanager)
[   84.061340] EXT4-fs (dm-1): mounted filesystem without journal. Opts: barrier=1,discard
[   84.419846] init: Control message: Could not find 'android.hardware.keymaster@4.0::IKeymasterDevice/default' for ctl.interface_start from pid: 399 (/system/bin/hwservicemanager)
[   84.960089] wt_chg soc:qcom_wt_chg: wt_chg_main now = 84960 resume_time = 89960 
[   84.961365] bq2589x-1 1-006a: bq2589x_monitor_workfunc:vbus_type: 4, vbus volt:4700,vbat volt:4324,charge current:0, usb-switch1 1279, usb_switch_flag 0
[   84.961547] bq2589x-1 1-006a: bq2589x_monitor_workfunc:IINDPM occurred
[   84.966215] wt_chg soc:qcom_wt_chg: wtchg_float_charge_type_check vbus_online=1 real_type=4 float_recheck_cnt=0
[   84.969169] wt_chg soc:qcom_wt_chg: batt_protected_mode=0 batt_protected_mode_disable_charge=0 batt_protected_mode_disable_suspend=0 
[   84.969179] wt_chg soc:qcom_wt_chg: batt_temp=284, jeita_status=2, board_temp=290,lcd_on=0
[   84.969185] wt_chg soc:qcom_wt_chg: jeita_batt_cv=4432, jeita_batt_cv_pre=4432, input_curr=500, input_curr_pre=500, slave_enable=0
[   84.969191] bq2589x-1 1-006a: set input current: 500
[   84.969492] bq2589x-1 1-006a: set usb suspend: 0
[   84.969793] sgm4151x-1 1-006b: set input suspend: 1
[   84.970093] wt_chg soc:qcom_wt_chg: type_ibatt=500, jeita_ibatt=4000, main_chg_ibatt=500, slave_chg_ibatt=0, chg_ibatt=500,chg_ibatt_pre=500
[   84.970275] chg_type: 4, vbus_online: 1, vbus_volt: 4700, chg_status: 1, batt_volt: 4307000, batt_current: -263000, temp: 284, health: 1, capacity: 100
[   84.970281] chg_temp: 312, usb_temp: 262, board_temp: 290, usb_online: 1, ac_online: 0, pd_active:0 typec_pr_role:2 
[   84.970421] TCPC-TCPC:bat_update_work_func battery update soc = 100
[   84.970426] TCPC-TCPC:bat_update_work_func Battery Charging
[   84.974790] healthd: battery l=100 v=4307 t=28.4 h=2 st=2 c=-263000 fc=6590000 cc=547 chg=u
[   84.977446] healthd: battery l=100 v=4307 t=28.4 h=2 st=2 c=-263000 fc=6590000 cc=547 chg=u
[   84.980069] healthd: battery l=100 v=4307 t=28.4 h=2 st=2 c=-263000 fc=6590000 cc=547 chg=u
[   85.420741] init: Control message: Could not find 'android.hardware.keymaster@4.0::IKeymasterDevice/default' for ctl.interface_start from pid: 399 (/system/bin/hwservicemanager)
[   85.656113] EXT4-fs (dm-3): mounted filesystem without journal. Opts: barrier=1,discard
[   86.421615] init: Control message: Could not find 'android.hardware.keymaster@4.0::IKeymasterDevice/default' for ctl.interface_start from pid: 399 (/system/bin/hwservicemanager)
[   86.526044] mmc0: detect_gpio pin 1255 status is 1
[   86.526052] mmc0: apply bht power on patch
[   86.526055] mmc0: present status is 1
[   86.526062] mmc0: pwr_gpio pin 1260 status is 1
[   86.776187] ### Bayhub debug: degrade count is 0 ###
[   86.776507] mmc0: Load BHT patch RC8.3.1-DS=4
[   86.776678] mmc0: skip load default configuration for tuning done
[   86.778296] mmc0: the new mode is 0x00000003
[   87.422461] init: Control message: Could not find 'android.hardware.keymaster@4.0::IKeymasterDevice/default' for ctl.interface_start from pid: 399 (/system/bin/hwservicemanager)
[   87.635141] EXT4-fs (dm-0): mounted filesystem without journal. Opts: barrier=1,discard
[   88.249228] EXT4-fs (sda14): mounted filesystem with ordered data mode. Opts: 
[   88.423291] init: Control message: Could not find 'android.hardware.keymaster@4.0::IKeymasterDevice/default' for ctl.interface_start from pid: 399 (/system/bin/hwservicemanager)
[   89.424168] init: Control message: Could not find 'android.hardware.keymaster@4.0::IKeymasterDevice/default' for ctl.interface_start from pid: 399 (/system/bin/hwservicemanager)
[   89.628361] EXT4-fs (dm-2): mounted filesystem without journal. Opts: barrier=1,discard
[   89.827515] mmc0: det_gpio pin 1255 status is 1
[   89.827523] mmc0: apply bht power off patch
[   89.827526] mmc0: present status is 1
[   89.827533] mmc0: pwr_gpio pin 1260 status is 0
[   90.425109] init: Control message: Could not find 'android.hardware.keymaster@4.0::IKeymasterDevice/default' for ctl.interface_start from pid: 399 (/system/bin/hwservicemanager)
[   91.304689] init: processing action (sys.usb.config=none && sys.usb.configfs=1) from (/system/etc/init/hw/init.rc:186)
[   91.305392] mtp_release
[   91.306889] dwc3 4e00000.dwc3: request 0000000000000000 was not queued to ep0out
[   91.307121] init: Sending signal 9 to service 'adbd' (pid 621) process group...
[   91.312528] libprocessgroup: Successfully killed process cgroup uid 0 pid 621 in 5ms
[   91.350382] init: Service 'adbd' (pid 621) received signal 9
[   91.351701] init: processing action (sys.usb.config=none && sys.usb.configfs=1) from (/init.tb128fu_usb.rc:56)
[   91.351785] init: Command 'rm /config/usb_gadget/g1/configs/b.1/f3' action=sys.usb.config=none && sys.usb.configfs=1 (/init.tb128fu_usb.rc:58) took 0ms and failed: unlink() failed: No such file or directory
[   91.451913] read descriptors
[   91.451996] read strings
[   91.510058] android_work: sent uevent USB_STATE=DISCONNECTED
[   91.514467] msm-dwc3 4e00000.ssusb: Avail curr from USB = 2
[   91.514474] Set prop 145 is not supported in usb psy
[   91.636654] msm-dwc3 4e00000.ssusb: Avail curr from USB = 100
[   91.636660] Set prop 145 is not supported in usb psy
[   91.636665] android_work: did not send uevent (0 0 0000000000000000)
[   91.756844] android_work: sent uevent USB_STATE=CONNECTED
[   91.760405] msm-dwc3 4e00000.ssusb: Avail curr from USB = 100
[   91.760412] Set prop 145 is not supported in usb psy
[   91.760462] android_work: sent uevent USB_STATE=DISCONNECTED
[   91.896780] android_work: sent uevent USB_STATE=CONNECTED
[   91.899842] configfs-gadget gadget: high-speed config #1: b
[   91.900003] msm-dwc3 4e00000.ssusb: Avail curr from USB = 500
[   91.900008] Set prop 145 is not supported in usb psy
[   91.900325] android_work: sent uevent USB_STATE=CONFIGURED
[   92.281452] dwc3 4e00000.dwc3: request 0000000000000000 was not queued to ep0out
[   92.286215] mmc0: detect_gpio pin 1255 status is 1
[   92.286221] mmc0: apply bht power on patch
[   92.286224] mmc0: present status is 1
[   92.286231] mmc0: pwr_gpio pin 1260 status is 1
[   92.404953] read descriptors
[   92.405034] read strings
[   92.464475] init: Command 'write /config/usb_gadget/g1/UDC ${sys.usb.controller}' action=sys.usb.config=mtp,adb && sys.usb.configfs=1 && sys.usb.ffs.ready=1 (/init.tb128fu_usb.rc:102) took 57ms and succeeded
[   92.464588] init: Control message: Could not find 'android.hardware.keymaster@4.0::IKeymasterDevice/default' for ctl.interface_start from pid: 399 (/system/bin/hwservicemanager)
[   92.464801] android_work: sent uevent USB_STATE=DISCONNECTED
[   92.470501] msm-dwc3 4e00000.ssusb: Avail curr from USB = 2
[   92.470509] Set prop 145 is not supported in usb psy
[   92.538372] ### Bayhub debug: degrade count is 0 ###
[   92.538691] mmc0: Load BHT patch RC8.3.1-DS=4
[   92.538863] mmc0: skip load default configuration for tuning done
[   92.540482] mmc0: the new mode is 0x00000003
[   92.600615] msm-dwc3 4e00000.ssusb: Avail curr from USB = 100
[   92.600620] Set prop 145 is not supported in usb psy
[   92.600626] android_work: did not send uevent (0 0 0000000000000000)
[   92.607206] FAT-fs (mmcblk0p1): Volume was not properly unmounted. Some data may be corrupt. Please run fsck.
[   92.720714] android_work: sent uevent USB_STATE=CONNECTED
[   92.724441] msm-dwc3 4e00000.ssusb: Avail curr from USB = 100
[   92.724446] Set prop 145 is not supported in usb psy
[   92.724494] android_work: sent uevent USB_STATE=DISCONNECTED
[   92.856680] android_work: sent uevent USB_STATE=CONNECTED
[   92.860442] configfs-gadget gadget: high-speed config #1: b
[   92.860606] msm-dwc3 4e00000.ssusb: Avail curr from USB = 500
[   92.860611] Set prop 145 is not supported in usb psy
[   92.860673] android_work: sent uevent USB_STATE=CONFIGURED
[   93.083559] mtp_open
[   93.083835] mtp_open
[   93.083840] mtp_open mtp_release not called returning EBUSY
[   93.083853] mtp_release
[   93.112144] wt_chg soc:qcom_wt_chg: chg_main_alarm_cb wt chg alarm triggered 93112
[   93.427257] init: Control message: Could not find 'android.hardware.keymaster@4.0::IKeymasterDevice/default' for ctl.interface_start from pid: 399 (/system/bin/hwservicemanager)
[   93.883988] mtp_open
[   94.428141] init: Control message: Could not find 'android.hardware.keymaster@4.0::IKeymasterDevice/default' for ctl.interface_start from pid: 399 (/system/bin/hwservicemanager)
[   95.200068] wt_chg soc:qcom_wt_chg: wt_chg_main now = 95200 resume_time = 100200 
[   95.202574] bq2589x-1 1-006a: bq2589x_monitor_workfunc:vbus_type: 4, vbus volt:4700,vbat volt:4324,charge current:0, usb-switch1 1279, usb_switch_flag 0
[   95.202804] bq2589x-1 1-006a: bq2589x_monitor_workfunc:IINDPM occurred
[   95.207818] wt_chg soc:qcom_wt_chg: wtchg_float_charge_type_check vbus_online=1 real_type=4 float_recheck_cnt=0
[   95.210744] wt_chg soc:qcom_wt_chg: batt_protected_mode=0 batt_protected_mode_disable_charge=0 batt_protected_mode_disable_suspend=0 
[   95.210752] wt_chg soc:qcom_wt_chg: batt_temp=285, jeita_status=2, board_temp=291,lcd_on=0
[   95.210759] wt_chg soc:qcom_wt_chg: jeita_batt_cv=4432, jeita_batt_cv_pre=4432, input_curr=500, input_curr_pre=500, slave_enable=0
[   95.210765] bq2589x-1 1-006a: set input current: 500
[   95.211143] bq2589x-1 1-006a: set usb suspend: 0
[   95.211520] sgm4151x-1 1-006b: set input suspend: 1
[   95.211897] wt_chg soc:qcom_wt_chg: type_ibatt=500, jeita_ibatt=4000, main_chg_ibatt=500, slave_chg_ibatt=0, chg_ibatt=500,chg_ibatt_pre=500
[   95.212155] chg_type: 4, vbus_online: 1, vbus_volt: 4700, chg_status: 1, batt_volt: 4312000, batt_current: -259000, temp: 285, health: 1, capacity: 100
[   95.212161] chg_temp: 314, usb_temp: 262, board_temp: 291, usb_online: 1, ac_online: 0, pd_active:0 typec_pr_role:2 
[   95.212329] TCPC-TCPC:bat_update_work_func battery update soc = 100
[   95.212333] TCPC-TCPC:bat_update_work_func Battery Charging
[   95.216751] healthd: battery l=100 v=4312 t=28.5 h=2 st=2 c=-259000 fc=6590000 cc=547 chg=u
[   95.219450] healthd: battery l=100 v=4312 t=28.5 h=2 st=2 c=-259000 fc=6590000 cc=547 chg=u
[   95.222030] healthd: battery l=100 v=4312 t=28.5 h=2 st=2 c=-259000 fc=6590000 cc=547 chg=u
[   95.428975] init: Control message: Could not find 'android.hardware.keymaster@4.0::IKeymasterDevice/default' for ctl.interface_start from pid: 399 (/system/bin/hwservicemanager)
[   96.429840] init: Control message: Could not find 'android.hardware.keymaster@4.0::IKeymasterDevice/default' for ctl.interface_start from pid: 399 (/system/bin/hwservicemanager)
[   96.835562] mmc0: det_gpio pin 1255 status is 1
[   96.835569] mmc0: apply bht power off patch
[   96.835573] mmc0: present status is 1
[   96.835580] mmc0: pwr_gpio pin 1260 status is 0
[   97.430652] init: Control message: Could not find 'android.hardware.keymaster@4.0::IKeymasterDevice/default' for ctl.interface_start from pid: 399 (/system/bin/hwservicemanager)
[   98.431496] init: Control message: Could not find 'android.hardware.keymaster@4.0::IKeymasterDevice/default' for ctl.interface_start from pid: 399 (/system/bin/hwservicemanager)
[   99.432381] init: Control message: Could not find 'android.hardware.keymaster@4.0::IKeymasterDevice/default' for ctl.interface_start from pid: 399 (/system/bin/hwservicemanager)
[  100.433566] init: Control message: Could not find 'android.hardware.keymaster@4.0::IKeymasterDevice/default' for ctl.interface_start from pid: 399 (/system/bin/hwservicemanager)
[  101.391320] boot log copy done
[  101.434199] init: Control message: Could not find 'android.hardware.keymaster@4.0::IKeymasterDevice/default' for ctl.interface_start from pid: 399 (/system/bin/hwservicemanager)
[  102.434893] init: Control message: Could not find 'android.hardware.keymaster@4.0::IKeymasterDevice/default' for ctl.interface_start from pid: 399 (/system/bin/hwservicemanager)
[  103.435808] init: Control message: Could not find 'android.hardware.keymaster@4.0::IKeymasterDevice/default' for ctl.interface_start from pid: 399 (/system/bin/hwservicemanager)
[  104.436650] init: Control message: Could not find 'android.hardware.keymaster@4.0::IKeymasterDevice/default' for ctl.interface_start from pid: 399 (/system/bin/hwservicemanager)
[  105.437451] init: Control message: Could not find 'android.hardware.keymaster@4.0::IKeymasterDevice/default' for ctl.interface_start from pid: 399 (/system/bin/hwservicemanager)
[  105.440128] wt_chg soc:qcom_wt_chg: wt_chg_main now = 105440 resume_time = 110440 
[  105.442610] bq2589x-1 1-006a: bq2589x_monitor_workfunc:vbus_type: 4, vbus volt:4700,vbat volt:4344,charge current:0, usb-switch1 1279, usb_switch_flag 0
[  105.442839] bq2589x-1 1-006a: bq2589x_monitor_workfunc:IINDPM occurred
[  105.447948] wt_chg soc:qcom_wt_chg: wtchg_float_charge_type_check vbus_online=1 real_type=4 float_recheck_cnt=0
[  105.450903] wt_chg soc:qcom_wt_chg: batt_protected_mode=0 batt_protected_mode_disable_charge=0 batt_protected_mode_disable_suspend=0 
[  105.450910] wt_chg soc:qcom_wt_chg: batt_temp=286, jeita_status=2, board_temp=292,lcd_on=0
[  105.450917] wt_chg soc:qcom_wt_chg: jeita_batt_cv=4432, jeita_batt_cv_pre=4432, input_curr=500, input_curr_pre=500, slave_enable=0
[  105.450923] bq2589x-1 1-006a: set input current: 500
[  105.451300] bq2589x-1 1-006a: set usb suspend: 0
[  105.451677] sgm4151x-1 1-006b: set input suspend: 1
[  105.452070] wt_chg soc:qcom_wt_chg: type_ibatt=500, jeita_ibatt=4000, main_chg_ibatt=500, slave_chg_ibatt=0, chg_ibatt=500,chg_ibatt_pre=500
[  105.452305] chg_type: 4, vbus_online: 1, vbus_volt: 4700, chg_status: 1, batt_volt: 4309000, batt_current: -274000, temp: 286, health: 1, capacity: 100
[  105.452311] chg_temp: 316, usb_temp: 262, board_temp: 292, usb_online: 1, ac_online: 0, pd_active:0 typec_pr_role:2 
[  105.452491] TCPC-TCPC:bat_update_work_func battery update soc = 100
[  105.452495] TCPC-TCPC:bat_update_work_func Battery Charging
[  105.456875] healthd: battery l=100 v=4309 t=28.6 h=2 st=2 c=-274000 fc=6590000 cc=547 chg=u
[  105.459460] healthd: battery l=100 v=4309 t=28.6 h=2 st=2 c=-274000 fc=6590000 cc=547 chg=u
[  105.462040] healthd: battery l=100 v=4309 t=28.6 h=2 st=2 c=-274000 fc=6590000 cc=547 chg=u
[  106.438285] init: Control message: Could not find 'android.hardware.keymaster@4.0::IKeymasterDevice/default' for ctl.interface_start from pid: 399 (/system/bin/hwservicemanager)
[  107.439022] init: Control message: Could not find 'android.hardware.keymaster@4.0::IKeymasterDevice/default' for ctl.interface_start from pid: 399 (/system/bin/hwservicemanager)
[  108.439953] init: Control message: Could not find 'android.hardware.keymaster@4.0::IKeymasterDevice/default' for ctl.interface_start from pid: 399 (/system/bin/hwservicemanager)
[  109.440872] init: Control message: Could not find 'android.hardware.keymaster@4.0::IKeymasterDevice/default' for ctl.interface_start from pid: 399 (/system/bin/hwservicemanager)
[  110.441709] init: Control message: Could not find 'android.hardware.keymaster@4.0::IKeymasterDevice/default' for ctl.interface_start from pid: 399 (/system/bin/hwservicemanager)
[  111.442596] init: Control message: Could not find 'android.hardware.keymaster@4.0::IKeymasterDevice/default' for ctl.interface_start from pid: 399 (/system/bin/hwservicemanager)
[  112.443446] init: Control message: Could not find 'android.hardware.keymaster@4.0::IKeymasterDevice/default' for ctl.interface_start from pid: 399 (/system/bin/hwservicemanager)
[  113.444363] init: Control message: Could not find 'android.hardware.keymaster@4.0::IKeymasterDevice/default' for ctl.interface_start from pid: 399 (/system/bin/hwservicemanager)
[  114.445199] init: Control message: Could not find 'android.hardware.keymaster@4.0::IKeymasterDevice/default' for ctl.interface_start from pid: 399 (/system/bin/hwservicemanager)
[  115.020130] EXT4-fs (dm-1): mounted filesystem without journal. Opts: barrier=1,discard
[  115.029920] EXT4-fs (dm-2): mounted filesystem without journal. Opts: barrier=1,discard
[  115.038243] EXT4-fs (dm-0): mounted filesystem without journal. Opts: barrier=1,discard
[  115.446102] init: Control message: Could not find 'android.hardware.keymaster@4.0::IKeymasterDevice/default' for ctl.interface_start from pid: 399 (/system/bin/hwservicemanager)
[  115.680072] wt_chg soc:qcom_wt_chg: wt_chg_main now = 115680 resume_time = 120680 
[  115.682599] bq2589x-1 1-006a: bq2589x_monitor_workfunc:vbus_type: 4, vbus volt:4700,vbat volt:4324,charge current:0, usb-switch1 1279, usb_switch_flag 0
[  115.682829] bq2589x-1 1-006a: bq2589x_monitor_workfunc:IINDPM occurred
[  115.687733] wt_chg soc:qcom_wt_chg: wtchg_float_charge_type_check vbus_online=1 real_type=4 float_recheck_cnt=0
[  115.690658] wt_chg soc:qcom_wt_chg: batt_protected_mode=0 batt_protected_mode_disable_charge=0 batt_protected_mode_disable_suspend=0 
[  115.690666] wt_chg soc:qcom_wt_chg: batt_temp=287, jeita_status=2, board_temp=293,lcd_on=0
[  115.690672] wt_chg soc:qcom_wt_chg: jeita_batt_cv=4432, jeita_batt_cv_pre=4432, input_curr=500, input_curr_pre=500, slave_enable=0
[  115.690679] bq2589x-1 1-006a: set input current: 500
[  115.691055] bq2589x-1 1-006a: set usb suspend: 0
[  115.691432] sgm4151x-1 1-006b: set input suspend: 1
[  115.691808] wt_chg soc:qcom_wt_chg: type_ibatt=500, jeita_ibatt=4000, main_chg_ibatt=500, slave_chg_ibatt=0, chg_ibatt=500,chg_ibatt_pre=500
[  115.692051] chg_type: 4, vbus_online: 1, vbus_volt: 4700, chg_status: 1, batt_volt: 4312000, batt_current: -252000, temp: 287, health: 1, capacity: 100
[  115.692057] chg_temp: 317, usb_temp: 263, board_temp: 293, usb_online: 1, ac_online: 0, pd_active:0 typec_pr_role:2 
[  115.692226] TCPC-TCPC:bat_update_work_func battery update soc = 100
[  115.692229] TCPC-TCPC:bat_update_work_func Battery Charging
[  115.696646] healthd: battery l=100 v=4312 t=28.7 h=2 st=2 c=-252000 fc=6590000 cc=547 chg=u
[  115.699346] healthd: battery l=100 v=4312 t=28.7 h=2 st=2 c=-252000 fc=6590000 cc=547 chg=u
[  115.701747] healthd: battery l=100 v=4312 t=28.7 h=2 st=2 c=-252000 fc=6590000 cc=547 chg=u
[  116.446967] init: Control message: Could not find 'android.hardware.keymaster@4.0::IKeymasterDevice/default' for ctl.interface_start from pid: 399 (/system/bin/hwservicemanager)
[  117.158395] EXT4-fs (dm-1): couldn't mount RDWR because of unsupported optional features (4000)
[  117.158607] EXT4-fs (dm-1): couldn't mount RDWR because of unsupported optional features (4000)
[  117.168647] EXT4-fs (dm-1): mounted filesystem without journal. Opts: barrier=1,discard
[  117.177177] EXT4-fs (dm-2): couldn't mount RDWR because of unsupported optional features (4000)
[  117.177384] EXT4-fs (dm-2): couldn't mount RDWR because of unsupported optional features (4000)
[  117.186837] EXT4-fs (dm-2): mounted filesystem without journal. Opts: barrier=1,discard
[  117.193987] EXT4-fs (dm-3): couldn't mount RDWR because of unsupported optional features (4000)
[  117.194171] EXT4-fs (dm-3): couldn't mount RDWR because of unsupported optional features (4000)
[  117.201901] EXT4-fs (dm-0): couldn't mount RDWR because of unsupported optional features (4000)
[  117.202084] EXT4-fs (dm-0): couldn't mount RDWR because of unsupported optional features (4000)
[  117.214779] EXT4-fs (dm-0): mounted filesystem without journal. Opts: barrier=1,discard
[  117.447827] init: Control message: Could not find 'android.hardware.keymaster@4.0::IKeymasterDevice/default' for ctl.interface_start from pid: 399 (/system/bin/hwservicemanager)
[  118.448706] init: Control message: Could not find 'android.hardware.keymaster@4.0::IKeymasterDevice/default' for ctl.interface_start from pid: 399 (/system/bin/hwservicemanager)
[  119.449510] init: Control message: Could not find 'android.hardware.keymaster@4.0::IKeymasterDevice/default' for ctl.interface_start from pid: 399 (/system/bin/hwservicemanager)
[  120.450357] init: Control message: Could not find 'android.hardware.keymaster@4.0::IKeymasterDevice/default' for ctl.interface_start from pid: 399 (/system/bin/hwservicemanager)
[  121.451220] init: Control message: Could not find 'android.hardware.keymaster@4.0::IKeymasterDevice/default' for ctl.interface_start from pid: 399 (/system/bin/hwservicemanager)
[  122.452083] init: Control message: Could not find 'android.hardware.keymaster@4.0::IKeymasterDevice/default' for ctl.interface_start from pid: 399 (/system/bin/hwservicemanager)
[  123.112167] wt_chg soc:qcom_wt_chg: chg_main_alarm_cb wt chg alarm triggered 123112
[  123.316907] healthd: battery l=100 v=4312 t=28.7 h=2 st=2 c=-263000 fc=6590000 cc=547 chg=u
[  123.452944] init: Control message: Could not find 'android.hardware.keymaster@4.0::IKeymasterDevice/default' for ctl.interface_start from pid: 399 (/system/bin/hwservicemanager)
[  124.453801] init: Control message: Could not find 'android.hardware.keymaster@4.0::IKeymasterDevice/default' for ctl.interface_start from pid: 399 (/system/bin/hwservicemanager)
[  125.454653] init: Control message: Could not find 'android.hardware.keymaster@4.0::IKeymasterDevice/default' for ctl.interface_start from pid: 399 (/system/bin/hwservicemanager)
[  125.920094] wt_chg soc:qcom_wt_chg: wt_chg_main now = 125920 resume_time = 130920 
[  125.922281] bq2589x-1 1-006a: bq2589x_monitor_workfunc:vbus_type: 4, vbus volt:4700,vbat volt:4324,charge current:0, usb-switch1 1279, usb_switch_flag 0
[  125.922457] bq2589x-1 1-006a: bq2589x_monitor_workfunc:IINDPM occurred
[  125.922928] wt_chg soc:qcom_wt_chg: wtchg_float_charge_type_check vbus_online=1 real_type=4 float_recheck_cnt=0
[  125.925854] wt_chg soc:qcom_wt_chg: batt_protected_mode=0 batt_protected_mode_disable_charge=0 batt_protected_mode_disable_suspend=0 
[  125.925862] wt_chg soc:qcom_wt_chg: batt_temp=287, jeita_status=2, board_temp=293,lcd_on=0
[  125.925868] wt_chg soc:qcom_wt_chg: jeita_batt_cv=4432, jeita_batt_cv_pre=4432, input_curr=500, input_curr_pre=500, slave_enable=0
[  125.925875] bq2589x-1 1-006a: set input current: 500
[  125.926167] bq2589x-1 1-006a: set usb suspend: 0
[  125.926460] sgm4151x-1 1-006b: set input suspend: 1
[  125.926750] wt_chg soc:qcom_wt_chg: type_ibatt=500, jeita_ibatt=4000, main_chg_ibatt=500, slave_chg_ibatt=0, chg_ibatt=500,chg_ibatt_pre=500
[  125.926927] chg_type: 4, vbus_online: 1, vbus_volt: 4700, chg_status: 1, batt_volt: 4312000, batt_current: -256000, temp: 287, health: 1, capacity: 100
[  125.926932] chg_temp: 317, usb_temp: 263, board_temp: 293, usb_online: 1, ac_online: 0, pd_active:0 typec_pr_role:2 
[  125.927067] TCPC-TCPC:bat_update_work_func battery update soc = 100
[  125.927070] TCPC-TCPC:bat_update_work_func Battery Charging
[  125.931278] healthd: battery l=100 v=4312 t=28.7 h=2 st=2 c=-256000 fc=6590000 cc=547 chg=u
[  125.933882] healthd: battery l=100 v=4312 t=28.7 h=2 st=2 c=-256000 fc=6590000 cc=547 chg=u
[  125.936356] healthd: battery l=100 v=4312 t=28.7 h=2 st=2 c=-256000 fc=6590000 cc=547 chg=u
[  126.455515] init: Control message: Could not find 'android.hardware.keymaster@4.0::IKeymasterDevice/default' for ctl.interface_start from pid: 399 (/system/bin/hwservicemanager)
[  127.456377] init: Control message: Could not find 'android.hardware.keymaster@4.0::IKeymasterDevice/default' for ctl.interface_start from pid: 399 (/system/bin/hwservicemanager)
[  128.457198] init: Control message: Could not find 'android.hardware.keymaster@4.0::IKeymasterDevice/default' for ctl.interface_start from pid: 399 (/system/bin/hwservicemanager)
[  129.458058] init: Control message: Could not find 'android.hardware.keymaster@4.0::IKeymasterDevice/default' for ctl.interface_start from pid: 399 (/system/bin/hwservicemanager)
[  130.433314] EXT4-fs (dm-1): couldn't mount RDWR because of unsupported optional features (4000)
[  130.433523] EXT4-fs (dm-1): couldn't mount RDWR because of unsupported optional features (4000)
[  130.443347] EXT4-fs (dm-1): mounted filesystem without journal. Opts: barrier=1,discard
[  130.451947] EXT4-fs (dm-2): couldn't mount RDWR because of unsupported optional features (4000)
[  130.452144] EXT4-fs (dm-2): couldn't mount RDWR because of unsupported optional features (4000)
[  130.459424] init: Control message: Could not find 'android.hardware.keymaster@4.0::IKeymasterDevice/default' for ctl.interface_start from pid: 399 (/system/bin/hwservicemanager)
[  130.462200] EXT4-fs (dm-2): mounted filesystem without journal. Opts: barrier=1,discard
[  130.469338] EXT4-fs (dm-3): couldn't mount RDWR because of unsupported optional features (4000)
[  130.469524] EXT4-fs (dm-3): couldn't mount RDWR because of unsupported optional features (4000)
[  130.477213] EXT4-fs (dm-0): couldn't mount RDWR because of unsupported optional features (4000)
[  130.477393] EXT4-fs (dm-0): couldn't mount RDWR because of unsupported optional features (4000)
[  130.487803] EXT4-fs (dm-0): mounted filesystem without journal. Opts: barrier=1,discard
[  131.460362] init: Control message: Could not find 'android.hardware.keymaster@4.0::IKeymasterDevice/default' for ctl.interface_start from pid: 399 (/system/bin/hwservicemanager)
[  132.461169] init: Control message: Could not find 'android.hardware.keymaster@4.0::IKeymasterDevice/default' for ctl.interface_start from pid: 399 (/system/bin/hwservicemanager)
[  133.461998] init: Control message: Could not find 'android.hardware.keymaster@4.0::IKeymasterDevice/default' for ctl.interface_start from pid: 399 (/system/bin/hwservicemanager)
[  134.462816] init: Control message: Could not find 'android.hardware.keymaster@4.0::IKeymasterDevice/default' for ctl.interface_start from pid: 399 (/system/bin/hwservicemanager)
[  135.276807] TCPC-TCPC:Alert:0x0001, Mask:0x23067f
[  135.277231] TCPC-TYPEC:[CC_Alert] 0/0
[  135.280748] msm-dwc3 4e00000.ssusb: Avail curr from USB = 2
[  135.280753] Set prop 145 is not supported in usb psy
[  135.284987] TCPC-TCPC:Alert:0x0002, Mask:0x23067f
[  135.285455] TCPC-TCPC:ps_change=1
[  135.286109] TCPC-TYPEC:** UnattachWait.PE
[  135.286115] TCPC-TYPEC:Attached-> NULL
[  135.286132] TCPC-TCPC:usb_port_detached
[  135.286146] rt-pd-manager soc:rt-pd-manager: lsw pd_tcp_notifier_call 425!!
[  135.286162] TCPC-PE:PD-> IDLE1
[  135.286172] TCPC-PE:PD-> IDLE2
[  135.286203] rt-pd-manager soc:rt-pd-manager: pd_tcp_notifier_call Charger plug out
[  135.286220] bq2589x-1 1-006a: bq2589x_set_charger_work:wt_hvdcp = 4
[  135.286236] rt-pd-manager soc:rt-pd-manager: usb_dwork_handler Idle
[  135.286553] mtp_release
[  135.287108] android_work: sent uevent USB_STATE=DISCONNECTED
[  135.287740] TCPC-PE:pd_state=0
[  135.288792] TCPC-TYPEC:** Unattached.SNK
[  135.289444] msm-dwc3 4e00000.ssusb: DWC3 in low power mode
[  135.289920] TCPC-TCPC:Alert:0x0001, Mask:0x21067f
[  135.290225] TCPC-TYPEC:[CC_Alert] 15/15
[  135.296243] rt-pd-manager soc:rt-pd-manager: lsw pd_tcp_notifier_call 425!!
[  135.296249] rt-pd-manager soc:rt-pd-manager: pd_tcp_notifier_call pd state = 0
[  135.296257] rt-pd-manager soc:rt-pd-manager: lsw pd_tcp_notifier_call 425!!
[  135.296263] rt-pd-manager soc:rt-pd-manager: pd_tcp_notifier_call sink vbus 0mV 0mA type(0x00)
[  135.296269] rt-pd-manager soc:rt-pd-manager: lsw pd_tcp_notifier_call 425!!
[  135.296275] rt-pd-manager soc:rt-pd-manager: pd_tcp_notifier_call source vbus 0mV
[  135.296824] bq2589x-1 1-006a: set otg_status: 0
[  135.296834] rt-pd-manager soc:rt-pd-manager: lsw pd_tcp_notifier_call 425!!
[  135.296840] rt-pd-manager soc:rt-pd-manager: pd_tcp_notifier_call ext discharge = 1
[  135.297870] bq2589x-1 1-006a: bq2589x_monitor_workfunc:vbus_type: 0, vbus volt:4700,vbat volt:4324,charge current:0, usb-switch1 1279, usb_switch_flag 1
[  135.298178] bq2589x-1 1-006a: bq2589x_adapter_out_workfunc:reset vindpm threshold to 4400 successfully
[  135.320071] wtchg_set_usb_online capacity=100 protect=0 batt_protected_mode=0
[  135.320078] wt_chg soc:qcom_wt_chg: wtchg_set_charge_work: start !!
[  135.320087] bq2589x-1 1-006a: bq2589x_charger_irq_workfunc:adapter removed
[  135.320092] bq2589x-1 1-006a: bq2589x_charger_irq_workfunc:usb_online: 0, chg_status: 2, chg_fault: 0x0
[  135.320099] wt_chg soc:qcom_wt_chg: wt_chg_main now = 135320 resume_time = 140320 
[  135.326659] wt_chg soc:qcom_wt_chg: wtchg_float_charge_type_check vbus_online=0 real_type=0 float_recheck_cnt=0
[  135.326668] sgm4151x-1 1-006b: set slave charge: input current: 500
[  135.326989] sgm4151x-1 1-006b: set slave charge: enable: 0
[  135.336365] sgm4151x-1 1-006b: set input suspend: 1
[  135.336692] bq2589x-1 1-006a: set charge current: 500
[  135.337017] bq2589x-1 1-006a: set input current: 500
[  135.337341] wt_chg soc:qcom_wt_chg: batt_protected_mode=0 batt_protected_mode_disable_charge=0 batt_protected_mode_disable_suspend=0 
[  135.337539] chg_type: 0, vbus_online: 0, vbus_volt: 0, chg_status: 2, batt_volt: 4308000, batt_current: -294000, temp: 287, health: 1, capacity: 100
[  135.337545] chg_temp: 317, usb_temp: 263, board_temp: 293, usb_online: 0, ac_online: 0, pd_active:0 typec_pr_role:0 
[  135.337984] TCPC-TCPC:bat_update_work_func battery update soc = 100
[  135.337989] TCPC-TCPC:bat_update_work_func Battery Discharging
[  135.337993] TCPC-PD-ERR:pd_put_tcp_event failed0
[  135.339644] rt-pd-manager soc:rt-pd-manager: lsw pd_tcp_notifier_call 425!!
[  135.339653] rt-pd-manager soc:rt-pd-manager: pd_tcp_notifier_call ext discharge = 0
[  135.340771] healthd: battery l=100 v=4308 t=28.7 h=2 st=3 c=-294000 fc=6590000 cc=547 chg=
[  135.343123] healthd: battery l=100 v=4308 t=28.7 h=2 st=3 c=-294000 fc=6590000 cc=547 chg=
[  135.345430] healthd: battery l=100 v=4308 t=28.7 h=2 st=3 c=-294000 fc=6590000 cc=547 chg=
[  135.392206] dwc3 4e00000.dwc3: Unable to dequeue while in LPM
[  135.392423] read descriptors
[  135.392501] read strings
[  135.393019] init: processing action (sys.usb.config=mtp,adb && sys.usb.configfs=1 && sys.usb.ffs.ready=1) from (/init.tb128fu_usb.rc:90)
[  135.394214] init: Command 'rm /config/usb_gadget/g1/configs/b.1/f3' action=sys.usb.config=mtp,adb && sys.usb.configfs=1 && sys.usb.ffs.ready=1 (/init.tb128fu_usb.rc:97) took 0ms and failed: unlink() failed: No such file or directory
[  135.396320] android_work: did not send uevent (0 0 0000000000000000)
[  135.463513] init: Control message: Could not find 'android.hardware.keymaster@4.0::IKeymasterDevice/default' for ctl.interface_start from pid: 399 (/system/bin/hwservicemanager)
[  136.086668] mtp_open
[  136.464448] init: Control message: Could not find 'android.hardware.keymaster@4.0::IKeymasterDevice/default' for ctl.interface_start from pid: 399 (/system/bin/hwservicemanager)
[  137.465263] init: Control message: Could not find 'android.hardware.keymaster@4.0::IKeymasterDevice/default' for ctl.interface_start from pid: 399 (/system/bin/hwservicemanager)
[  138.466096] init: Control message: Could not find 'android.hardware.keymaster@4.0::IKeymasterDevice/default' for ctl.interface_start from pid: 399 (/system/bin/hwservicemanager)
[  139.466967] init: Control message: Could not find 'android.hardware.keymaster@4.0::IKeymasterDevice/default' for ctl.interface_start from pid: 399 (/system/bin/hwservicemanager)
[  139.710145] TCPC-TCPC:Alert:0x30001, Mask:0x21067f
[  139.710465] TCPC-TCPC:Wakeup
[  139.710469] TCPC-TCPC:wakeup_timer
[  139.710697] TCPC-TYPEC:[CC_Alert] 0/2
[  139.711137] TCPC-TCPC:[Warning] ps_changed 1 -> 0
[  139.711729] TCPC-TYPEC:** AttachWait.SRC
[  139.712202] TCPC-TCPC:Alert:0x20000, Mask:0x23067f
[  139.712787] TCPC-TCPC:ps_change=0
[  139.831766] TCPC-TYPEC:[CC_Change] 0/2
[  139.831772] TCPC-TYPEC:** Try.SNK
[  139.832429] TCPC-TCPC:Alert:0x0001, Mask:0x23067f
[  139.832820] TCPC-TYPEC:[CC_Alert] 0/0
[  139.933997] TCPC-TYPEC:[CC_Change] 0/0
[  139.934001] TCPC-TYPEC:** TryWait.SRC
[  139.934187] rt-pd-manager soc:rt-pd-manager: lsw pd_tcp_notifier_call 425!!
[  139.934194] rt-pd-manager soc:rt-pd-manager: pd_tcp_notifier_call sink vbus 0mV 0mA type(0x01)
[  139.934882] TCPC-TCPC:Alert:0x0001, Mask:0x23067f
[  139.935272] TCPC-TYPEC:[CC_Alert] 0/2
[  139.947731] TCPC-TYPEC:[CC_Change] 0/2
[  139.947735] TCPC-TYPEC:** Attached.SRC
[  139.947738] TCPC-TYPEC:wait_ps=SRC_VSafe5V
[  139.947918] rt-pd-manager soc:rt-pd-manager: lsw pd_tcp_notifier_call 425!!
[  139.948452] rt-pd-manager soc:rt-pd-manager: lsw pd_tcp_notifier_call 425!!
[  139.948457] rt-pd-manager soc:rt-pd-manager: pd_tcp_notifier_call source vbus 5000mV
[  139.961576] bq2589x-1 1-006a: set otg_status: 1
[  139.964600] TCPC-TCPC:Alert:0x0002, Mask:0x23067f
[  139.965205] TCPC-TCPC:ps_change=2
[  139.966077] TCPC-TYPEC:wait_ps=Disable
[  139.966083] TCPC-TYPEC:Attached-> SOURCE
[  139.966095] TCPC-TCPC:usb_port_attached
[  139.966106] rt-pd-manager soc:rt-pd-manager: lsw pd_tcp_notifier_call 425!!
[  139.966112] rt-pd-manager soc:rt-pd-manager: pd_tcp_notifier_call OTG plug in, polarity = 1
[  139.966280] TCPC-DC> dc_dfp_none
[  139.966284] TCPC-DP:dp_dfp_u_discover_id
[  139.966288] TCPC-DC> dc_dfp_discover_id
[  139.966292] TCPC-PE:PD-> SRC_START
[  139.971198] rt-pd-manager soc:rt-pd-manager: usb_dwork_handler Host
[  139.971207] rt-pd-manager soc:rt-pd-manager: usb_dwork_handler usb host
[  139.977319] msm-dwc3 4e00000.ssusb: DWC3 exited from low power mode
[  139.977651] xhci-hcd xhci-hcd.0.auto: xHCI Host Controller
[  139.977667] xhci-hcd xhci-hcd.0.auto: new USB bus registered, assigned bus number 1
[  139.977848] xhci-hcd xhci-hcd.0.auto: hcc params 0x0230fe65 hci version 0x110 quirks 0x0000000000010810
[  139.977864] xhci-hcd xhci-hcd.0.auto: irq 200, io mem 0x04e00000
[  139.978103] usb usb1: New USB device found, idVendor=1d6b, idProduct=0002, bcdDevice= 4.19
[  139.978109] usb usb1: New USB device strings: Mfr=3, Product=2, SerialNumber=1
[  139.978113] usb usb1: Product: xHCI Host Controller
[  139.978118] usb usb1: Manufacturer: Linux 4.19.292-Grass-perf xhci-hcd
[  139.978123] usb usb1: SerialNumber: xhci-hcd.0.auto
[  139.978374] hub 1-0:1.0: USB hub found
[  139.978415] hub 1-0:1.0: 1 port detected
[  139.978674] xhci-hcd xhci-hcd.0.auto: xHCI Host Controller
[  139.978684] xhci-hcd xhci-hcd.0.auto: new USB bus registered, assigned bus number 2
[  139.978693] xhci-hcd xhci-hcd.0.auto: Host supports USB 3.0 SuperSpeed
[  139.979588] usb usb2: New USB device found, idVendor=1d6b, idProduct=0003, bcdDevice= 4.19
[  139.979594] usb usb2: New USB device strings: Mfr=3, Product=2, SerialNumber=1
[  139.979599] usb usb2: Product: xHCI Host Controller
[  139.979604] usb usb2: Manufacturer: Linux 4.19.292-Grass-perf xhci-hcd
[  139.979610] usb usb2: SerialNumber: xhci-hcd.0.auto
[  139.979874] hub 2-0:1.0: USB hub found
[  139.979915] hub 2-0:1.0: 1 port detected
[  139.986795] TCPC-PE-EVT:timer
[  139.986808] TCPC-PE-EVT:tcp_event(disc_cable), 28
[  139.986813] TCPC-PE:VDM-> SRC_VDM_ID_REQ
[  139.993015] TCPC-TCPC:Alert:0x0010, Mask:0x23067f
[  139.993221] TCPC-PE-EVT:tx_err
[  139.993228] TCPC-PE:VDM-> SRC_VDM_ID_NAK
[  140.013285] TCPC-PE-EVT:timer
[  140.013293] TCPC-PE:PD-> SRC_SEND_CAP
[  140.019323] TCPC-TCPC:Alert:0x0010, Mask:0x23067f
[  140.019514] TCPC-PE-EVT:tx_err
[  140.019520] TCPC-PE:PD-> SRC_DISC
[  140.061585] TCPC-PE-EVT:timer
[  140.061592] TCPC-PE-EVT:tcp_event(disc_cable), 28
[  140.061597] TCPC-PE:VDM-> SRC_VDM_ID_REQ
[  140.067626] TCPC-TCPC:Alert:0x0010, Mask:0x23067f
[  140.067814] TCPC-PE-EVT:tx_err
[  140.067819] TCPC-PE:VDM-> SRC_VDM_ID_NAK
[  140.067823] TCPC-PE:cable_rev=1
[  140.087856] TCPC-PE-EVT:timer
[  140.139564] TCPC-PE-EVT:timer
[  140.139570] TCPC-PE:PD-> SRC_SEND_CAP
[  140.145611] TCPC-TCPC:Alert:0x0010, Mask:0x23067f
[  140.145797] TCPC-PE-EVT:tx_err
[  140.145802] TCPC-PE:PD-> SRC_DISC
[  140.187845] TCPC-PE-EVT:timer
[  140.187851] TCPC-PE-EVT:tcp_event(disc_cable), 28
[  140.187857] TCPC-PE:VDM-> SRC_VDM_ID_REQ
[  140.195537] TCPC-TCPC:Alert:0x0010, Mask:0x23067f
[  140.195723] TCPC-PE-EVT:tx_err
[  140.195728] TCPC-PE:VDM-> SRC_VDM_ID_NAK
[  140.204731] sgm4151x-1 1-006b: sgm4151x_charger_irq_workfunc:usb_online: 1, chg_status: 2, chg_fault: 0x8, vindpm_status: 0x80
[  140.215761] TCPC-PE-EVT:timer
[  140.216060] usb 1-1: new low-speed USB device number 2 using xhci-hcd
[  140.265854] TCPC-PE-EVT:timer
[  140.265860] TCPC-PE:PD-> SRC_SEND_CAP
[  140.271898] TCPC-TCPC:Alert:0x0010, Mask:0x23067f
[  140.272090] TCPC-PE-EVT:tx_err
[  140.272095] TCPC-PE:PD-> SRC_DISC
[  140.355039] usb 1-1: New USB device found, idVendor=275d, idProduct=0ba6, bcdDevice= 1.00
[  140.355045] usb 1-1: New USB device strings: Mfr=0, Product=1, SerialNumber=0
[  140.355050] usb 1-1: Product: USB OPTICAL MOUSE 
[  140.373243] input: USB OPTICAL MOUSE  as /devices/platform/soc/4e00000.ssusb/4e00000.dwc3/xhci-hcd.0.auto/usb1/1-1/1-1:1.0/0003:275D:0BA6.0001/input/input4
[  140.392158] TCPC-PE-EVT:timer
[  140.392168] TCPC-PE:PD-> SRC_SEND_CAP
[  140.397883] TCPC-TCPC:Alert:0x0010, Mask:0x23067f
[  140.398079] TCPC-PE-EVT:tx_err
[  140.398084] TCPC-PE:PD-> SRC_DISC
[  140.428074] hid-generic 0003:275D:0BA6.0001: input: USB HID v1.11 Mouse [USB OPTICAL MOUSE ] on usb-xhci-hcd.0.auto-1/input0
[  140.467824] init: Control message: Could not find 'android.hardware.keymaster@4.0::IKeymasterDevice/default' for ctl.interface_start from pid: 399 (/system/bin/hwservicemanager)
[  140.518146] TCPC-PE-EVT:timer
[  140.518156] TCPC-PE:PD-> SRC_SEND_CAP
[  140.523873] TCPC-TCPC:Alert:0x0010, Mask:0x23067f
[  140.524083] TCPC-PE-EVT:tx_err
[  140.524088] TCPC-PE:PD-> SRC_DISC
[  140.644131] TCPC-PE-EVT:timer
[  140.644136] TCPC-PE:PD-> SRC_SEND_CAP
[  140.649829] TCPC-TCPC:Alert:0x0010, Mask:0x23067f
[  140.650024] TCPC-PE-EVT:tx_err
[  140.650029] TCPC-PE:PD-> SRC_DISC
[  140.770078] TCPC-PE-EVT:timer
[  140.770085] TCPC-PE:PD-> SRC_SEND_CAP
[  140.775782] TCPC-TCPC:Alert:0x0010, Mask:0x23067f
[  140.775976] TCPC-PE-EVT:tx_err
[  140.775982] TCPC-PE:PD-> SRC_DISC
[  140.896039] TCPC-PE-EVT:timer
[  140.896044] TCPC-PE:PD-> SRC_SEND_CAP
[  140.901726] TCPC-TCPC:Alert:0x0010, Mask:0x23067f
[  140.901922] TCPC-PE-EVT:tx_err
[  140.901927] TCPC-PE:PD-> SRC_DISC
[  141.021972] TCPC-PE-EVT:timer
[  141.021977] TCPC-PE:PD-> SRC_SEND_CAP
[  141.027669] TCPC-TCPC:Alert:0x0010, Mask:0x23067f
[  141.027863] TCPC-PE-EVT:tx_err
[  141.027867] TCPC-PE:PD-> SRC_DISC
[  141.147910] TCPC-PE-EVT:timer
[  141.147915] TCPC-PE:PD-> SRC_SEND_CAP
[  141.153612] TCPC-TCPC:Alert:0x0010, Mask:0x23067f
[  141.153812] TCPC-PE-EVT:tx_err
[  141.153817] TCPC-PE:PD-> SRC_DISC
[  141.273862] TCPC-PE-EVT:timer
[  141.273866] TCPC-PE:PD-> SRC_SEND_CAP
[  141.279552] TCPC-TCPC:Alert:0x0010, Mask:0x23067f
[  141.279746] TCPC-PE-EVT:tx_err
[  141.279751] TCPC-PE:PD-> SRC_DISC
[  141.399793] TCPC-PE-EVT:timer
[  141.399797] TCPC-PE:PD-> SRC_SEND_CAP
[  141.405480] TCPC-TCPC:Alert:0x0010, Mask:0x23067f
[  141.405680] TCPC-PE-EVT:tx_err
[  141.405684] TCPC-PE:PD-> SRC_DISC
[  141.468725] init: Control message: Could not find 'android.hardware.keymaster@4.0::IKeymasterDevice/default' for ctl.interface_start from pid: 399 (/system/bin/hwservicemanager)
[  141.525752] TCPC-PE-EVT:timer
[  141.525762] TCPC-PE:PD-> SRC_SEND_CAP
[  141.531479] TCPC-TCPC:Alert:0x0010, Mask:0x23067f
[  141.531676] TCPC-PE-EVT:tx_err
[  141.531682] TCPC-PE:PD-> SRC_DISC
[  141.651726] TCPC-PE-EVT:timer
[  141.651731] TCPC-PE:PD-> SRC_SEND_CAP
[  141.657417] TCPC-TCPC:Alert:0x0010, Mask:0x23067f
[  141.657613] TCPC-PE-EVT:tx_err
[  141.657617] TCPC-PE:PD-> SRC_DISC
[  141.777666] TCPC-PE-EVT:timer
[  141.777671] TCPC-PE:PD-> SRC_SEND_CAP
[  141.783359] TCPC-TCPC:Alert:0x0010, Mask:0x23067f
[  141.783554] TCPC-PE-EVT:tx_err
[  141.783558] TCPC-PE:PD-> SRC_DISC
[  141.903620] TCPC-PE-EVT:timer
[  141.903624] TCPC-PE:PD-> SRC_SEND_CAP
[  141.909312] TCPC-TCPC:Alert:0x0010, Mask:0x23067f
[  141.909506] TCPC-PE-EVT:tx_err
[  141.909510] TCPC-PE:PD-> SRC_DISC
[  142.029552] TCPC-PE-EVT:timer
[  142.029557] TCPC-PE:PD-> SRC_SEND_CAP
[  142.035245] TCPC-TCPC:Alert:0x0010, Mask:0x23067f
[  142.035439] TCPC-PE-EVT:tx_err
[  142.035444] TCPC-PE:PD-> SRC_DISC
[  142.155486] TCPC-PE-EVT:timer
[  142.155490] TCPC-PE:PD-> SRC_SEND_CAP
[  142.161176] TCPC-TCPC:Alert:0x0010, Mask:0x23067f
[  142.161371] TCPC-PE-EVT:tx_err
[  142.161376] TCPC-PE:PD-> SRC_DISC
[  142.281425] TCPC-PE-EVT:timer
[  142.281431] TCPC-PE:PD-> SRC_SEND_CAP
[  142.287128] TCPC-TCPC:Alert:0x0010, Mask:0x23067f
[  142.287323] TCPC-PE-EVT:tx_err
[  142.287328] TCPC-PE:PD-> SRC_DISC
[  142.407374] TCPC-PE-EVT:timer
[  142.407380] TCPC-PE:PD-> SRC_SEND_CAP
[  142.413067] TCPC-TCPC:Alert:0x0010, Mask:0x23067f
[  142.413263] TCPC-PE-EVT:tx_err
[  142.413267] TCPC-PE:PD-> SRC_DISC
[  142.469548] init: Control message: Could not find 'android.hardware.keymaster@4.0::IKeymasterDevice/default' for ctl.interface_start from pid: 399 (/system/bin/hwservicemanager)
[  142.533361] TCPC-PE-EVT:timer
[  142.533386] TCPC-PE:PD-> SRC_SEND_CAP
[  142.539114] TCPC-TCPC:Alert:0x0010, Mask:0x23067f
[  142.539310] TCPC-PE-EVT:tx_err
[  142.539316] TCPC-PE:PD-> SRC_DISC
[  142.659386] TCPC-PE-EVT:timer
[  142.659402] TCPC-PE:PD-> SRC_SEND_CAP
[  142.665119] TCPC-TCPC:Alert:0x0010, Mask:0x23067f
[  142.665316] TCPC-PE-EVT:tx_err
[  142.665322] TCPC-PE:PD-> SRC_DISC
[  142.785371] TCPC-PE-EVT:timer
[  142.785380] TCPC-PE:PD-> SRC_SEND_CAP
[  142.791070] TCPC-TCPC:Alert:0x0010, Mask:0x23067f
[  142.791270] TCPC-PE-EVT:tx_err
[  142.791279] TCPC-PE:PD-> SRC_DISC
[  142.911332] TCPC-PE-EVT:timer
[  142.911340] TCPC-PE:PD-> SRC_SEND_CAP
[  142.917058] TCPC-TCPC:Alert:0x0010, Mask:0x23067f
[  142.917255] TCPC-PE-EVT:tx_err
[  142.917260] TCPC-PE:PD-> SRC_DISC
[  143.037310] TCPC-PE-EVT:timer
[  143.037318] TCPC-PE:PD-> SRC_SEND_CAP
[  143.043071] TCPC-TCPC:Alert:0x0010, Mask:0x23067f
[  143.043269] TCPC-PE-EVT:tx_err
[  143.043274] TCPC-PE:PD-> SRC_DISC
[  143.163325] TCPC-PE-EVT:timer
[  143.163333] TCPC-PE:PD-> SRC_SEND_CAP
[  143.169029] TCPC-TCPC:Alert:0x0010, Mask:0x23067f
[  143.169226] TCPC-PE-EVT:tx_err
[  143.169231] TCPC-PE:PD-> SRC_DISC
[  143.289281] TCPC-PE-EVT:timer
[  143.289288] TCPC-PE:PD-> SRC_SEND_CAP
[  143.294994] TCPC-TCPC:Alert:0x0010, Mask:0x23067f
[  143.295190] TCPC-PE-EVT:tx_err
[  143.295195] TCPC-PE:PD-> SRC_DISC
[  143.415243] TCPC-PE-EVT:timer
[  143.415250] TCPC-PE:PD-> SRC_SEND_CAP
[  143.420947] TCPC-TCPC:Alert:0x0010, Mask:0x23067f
[  143.421145] TCPC-PE-EVT:tx_err
[  143.421150] TCPC-PE:PD-> SRC_DISC
[  143.470370] init: Control message: Could not find 'android.hardware.keymaster@4.0::IKeymasterDevice/default' for ctl.interface_start from pid: 399 (/system/bin/hwservicemanager)
[  143.541208] TCPC-PE-EVT:timer
[  143.541237] TCPC-PE:PD-> SRC_SEND_CAP
[  143.547016] TCPC-TCPC:Alert:0x0010, Mask:0x23067f
[  143.547215] TCPC-PE-EVT:tx_err
[  143.547221] TCPC-PE:PD-> SRC_DISC
[  143.667269] TCPC-PE-EVT:timer
[  143.667275] TCPC-PE:PD-> SRC_SEND_CAP
[  143.672965] TCPC-TCPC:Alert:0x0010, Mask:0x23067f
[  143.673161] TCPC-PE-EVT:tx_err
[  143.673166] TCPC-PE:PD-> SRC_DISC
[  143.793214] TCPC-PE-EVT:timer
[  143.793221] TCPC-PE:PD-> SRC_SEND_CAP
[  143.798910] TCPC-TCPC:Alert:0x0010, Mask:0x23067f
[  143.799106] TCPC-PE-EVT:tx_err
[  143.799112] TCPC-PE:PD-> SRC_DISC
[  143.919160] TCPC-PE-EVT:timer
[  143.919168] TCPC-PE:PD-> SRC_SEND_CAP
[  143.924869] TCPC-TCPC:Alert:0x0010, Mask:0x23067f
[  143.925076] TCPC-PE-EVT:tx_err
[  143.925083] TCPC-PE:PD-> SRC_DISC
[  144.045161] TCPC-PE-EVT:timer
[  144.045179] TCPC-PE:PD-> SRC_SEND_CAP
[  144.050900] TCPC-TCPC:Alert:0x0010, Mask:0x23067f
[  144.051097] TCPC-PE-EVT:tx_err
[  144.051103] TCPC-PE:PD-> SRC_DISC
[  144.171151] TCPC-PE-EVT:timer
[  144.171160] TCPC-PE:PD-> SRC_SEND_CAP
[  144.176855] TCPC-TCPC:Alert:0x0010, Mask:0x23067f
[  144.177052] TCPC-PE-EVT:tx_err
[  144.177058] TCPC-PE:PD-> SRC_DISC
[  144.297122] TCPC-PE-EVT:timer
[  144.297129] TCPC-PE:PD-> SRC_SEND_CAP
[  144.302828] TCPC-TCPC:Alert:0x0010, Mask:0x23067f
[  144.303025] TCPC-PE-EVT:tx_err
[  144.303030] TCPC-PE:PD-> SRC_DISC
[  144.423080] TCPC-PE-EVT:timer
[  144.423088] TCPC-PE:PD-> SRC_SEND_CAP
[  144.428781] TCPC-TCPC:Alert:0x0010, Mask:0x23067f
[  144.428977] TCPC-PE-EVT:tx_err
[  144.428982] TCPC-PE:PD-> SRC_DISC
[  144.471249] init: Control message: Could not find 'android.hardware.keymaster@4.0::IKeymasterDevice/default' for ctl.interface_start from pid: 399 (/system/bin/hwservicemanager)
[  144.549039] TCPC-PE-EVT:timer
[  144.549050] TCPC-PE:PD-> SRC_SEND_CAP
[  144.554763] TCPC-TCPC:Alert:0x0010, Mask:0x23067f
[  144.554960] TCPC-PE-EVT:tx_err
[  144.554965] TCPC-PE:PD-> SRC_DISC
[  144.590732] EXT4-fs (sda2): mounted filesystem with ordered data mode. Opts: 
[  144.675026] TCPC-PE-EVT:timer
[  144.675037] TCPC-PE:PD-> SRC_SEND_CAP
[  144.680765] TCPC-TCPC:Alert:0x0010, Mask:0x23067f
[  144.680976] TCPC-PE-EVT:tx_err
[  144.680987] TCPC-PE:PD-> SRC_DISC
[  144.801039] TCPC-PE-EVT:timer
[  144.801047] TCPC-PE:PD-> SRC_SEND_CAP
[  144.806742] TCPC-TCPC:Alert:0x0010, Mask:0x23067f
[  144.806937] TCPC-PE-EVT:tx_err
[  144.806942] TCPC-PE:PD-> SRC_DISC
[  144.926993] TCPC-PE-EVT:timer
[  144.927001] TCPC-PE:PD-> SRC_SEND_CAP
[  144.932698] TCPC-TCPC:Alert:0x0010, Mask:0x23067f
[  144.932895] TCPC-PE-EVT:tx_err
[  144.932901] TCPC-PE:PD-> SRC_DISC
[  145.052946] TCPC-PE-EVT:timer
[  145.052952] TCPC-PE:PD-> SRC_SEND_CAP
[  145.058677] TCPC-TCPC:Alert:0x0010, Mask:0x23067f
[  145.058866] TCPC-PE-EVT:tx_err
[  145.058871] TCPC-PE:PD-> SRC_DISC
[  145.178920] TCPC-PE-EVT:timer
[  145.178925] TCPC-PE:PD-> SRC_SEND_CAP
[  145.184603] TCPC-TCPC:Alert:0x0010, Mask:0x23067f
[  145.184794] TCPC-PE-EVT:tx_err
[  145.184799] TCPC-PE:PD-> SRC_DISC
[  145.304848] TCPC-PE-EVT:timer
[  145.304855] TCPC-PE:PD-> SRC_SEND_CAP
[  145.310529] TCPC-TCPC:Alert:0x0010, Mask:0x23067f
[  145.310716] TCPC-PE-EVT:tx_err
[  145.310721] TCPC-PE:PD-> SRC_DISC
[  145.376053] wt_chg soc:qcom_wt_chg: wt_chg_main now = 145376 resume_time = 150376 
[  145.382782] wt_chg soc:qcom_wt_chg: wtchg_float_charge_type_check vbus_online=0 real_type=0 float_recheck_cnt=0
[  145.382790] wt_chg soc:qcom_wt_chg: batt_protected_mode=0 batt_protected_mode_disable_charge=0 batt_protected_mode_disable_suspend=0 
[  145.382981] chg_type: 0, vbus_online: 0, vbus_volt: 5000, chg_status: 2, batt_volt: 4267000, batt_current: -902000, temp: 287, health: 1, capacity: 100
[  145.382987] chg_temp: 317, usb_temp: 263, board_temp: 293, usb_online: 0, ac_online: 0, pd_active:0 typec_pr_role:3 
[  145.383150] TCPC-TCPC:bat_update_work_func battery update soc = 100
[  145.383154] TCPC-TCPC:bat_update_work_func Battery Discharging
[  145.387527] healthd: battery l=100 v=4267 t=28.7 h=2 st=3 c=-902000 fc=6564000 cc=547 chg=
[  145.389876] healthd: battery l=100 v=4267 t=28.7 h=2 st=3 c=-902000 fc=6564000 cc=547 chg=
[  145.392104] healthd: battery l=100 v=4267 t=28.7 h=2 st=3 c=-902000 fc=6564000 cc=547 chg=
[  145.430777] TCPC-PE-EVT:timer
[  145.430794] TCPC-PE:PD-> SRC_SEND_CAP
[  145.436428] TCPC-TCPC:Alert:0x0010, Mask:0x23067f
[  145.436598] TCPC-PE-EVT:tx_err
[  145.436604] TCPC-PE:PD-> SRC_DISC
[  145.472171] init: Control message: Could not find 'android.hardware.keymaster@4.0::IKeymasterDevice/default' for ctl.interface_start from pid: 399 (/system/bin/hwservicemanager)
[  145.556661] TCPC-PE-EVT:timer
[  145.556672] TCPC-PE:PD-> SRC_SEND_CAP
[  145.562304] TCPC-TCPC:Alert:0x0010, Mask:0x23067f
[  145.562481] TCPC-PE-EVT:tx_err
[  145.562491] TCPC-PE:PD-> SRC_DISC
[  145.682545] TCPC-PE-EVT:timer
[  145.682554] TCPC-PE:PD-> SRC_SEND_CAP
[  145.688253] TCPC-TCPC:Alert:0x0010, Mask:0x23067f
[  145.688442] TCPC-PE-EVT:tx_err
[  145.688447] TCPC-PE:PD-> SRC_DISC
[  145.808496] TCPC-PE-EVT:timer
[  145.808503] TCPC-PE:PD-> SRC_SEND_CAP
[  145.814197] TCPC-TCPC:Alert:0x0010, Mask:0x23067f
[  145.814385] TCPC-PE-EVT:tx_err
[  145.814390] TCPC-PE:PD-> SRC_DISC
[  145.907543] EXT4-fs (sda10): mounted filesystem with ordered data mode. Opts: discard
[  145.934449] TCPC-PE-EVT:timer
[  145.934459] TCPC-PE:PD-> SRC_SEND_CAP
[  145.940197] TCPC-TCPC:Alert:0x0010, Mask:0x23067f
[  145.940388] TCPC-PE-EVT:tx_err
[  145.940394] TCPC-PE:PD-> SRC_DISC
[  146.060451] TCPC-PE-EVT:timer
[  146.060461] TCPC-PE:PD-> SRC_SEND_CAP
[  146.066156] TCPC-TCPC:Alert:0x0010, Mask:0x23067f
[  146.066346] TCPC-PE-EVT:tx_err
[  146.066352] TCPC-PE:PD-> SRC_DISC
[  146.186403] TCPC-PE-EVT:timer
[  146.186410] TCPC-PE:PD-> SRC_SEND_CAP
[  146.192092] TCPC-TCPC:Alert:0x0010, Mask:0x23067f
[  146.192282] TCPC-PE-EVT:tx_err
[  146.192288] TCPC-PE:PD-> SRC_DISC
[  146.312334] TCPC-PE-EVT:timer
[  146.312339] TCPC-PE:PD-> SRC_SEND_CAP
[  146.318010] TCPC-TCPC:Alert:0x0010, Mask:0x23067f
[  146.318197] TCPC-PE-EVT:tx_err
[  146.318202] TCPC-PE:PD-> SRC_DISC
[  146.438252] TCPC-PE-EVT:timer
[  146.438260] TCPC-PE:PD-> SRC_DISABLED
[  146.438424] TCPC-PE:pd_state=3
[  146.438457] rt-pd-manager soc:rt-pd-manager: lsw pd_tcp_notifier_call 425!!
[  146.438463] rt-pd-manager soc:rt-pd-manager: pd_tcp_notifier_call pd state = 3
[  146.472992] init: Control message: Could not find 'android.hardware.keymaster@4.0::IKeymasterDevice/default' for ctl.interface_start from pid: 399 (/system/bin/hwservicemanager)
[  147.473971] init: Control message: Could not find 'android.hardware.keymaster@4.0::IKeymasterDevice/default' for ctl.interface_start from pid: 399 (/system/bin/hwservicemanager)
[  147.925576] EXT4-fs (sde9): mounted filesystem with ordered data mode. Opts: 
[  148.413550] EXT4-fs (sda14): mounted filesystem with ordered data mode. Opts: 
[  148.475112] init: Control message: Could not find 'android.hardware.keymaster@4.0::IKeymasterDevice/default' for ctl.interface_start from pid: 399 (/system/bin/hwservicemanager)
[  149.063577] EXT4-fs (dm-3): mounted filesystem without journal. Opts: barrier=1,discard
[  149.476117] init: Control message: Could not find 'android.hardware.keymaster@4.0::IKeymasterDevice/default' for ctl.interface_start from pid: 399 (/system/bin/hwservicemanager)
[  150.477034] init: Control message: Could not find 'android.hardware.keymaster@4.0::IKeymasterDevice/default' for ctl.interface_start from pid: 399 (/system/bin/hwservicemanager)
[  151.477923] init: Control message: Could not find 'android.hardware.keymaster@4.0::IKeymasterDevice/default' for ctl.interface_start from pid: 399 (/system/bin/hwservicemanager)
[  152.479434] init: Control message: Could not find 'android.hardware.keymaster@4.0::IKeymasterDevice/default' for ctl.interface_start from pid: 399 (/system/bin/hwservicemanager)
[  153.480903] init: Control message: Could not find 'android.hardware.keymaster@4.0::IKeymasterDevice/default' for ctl.interface_start from pid: 399 (/system/bin/hwservicemanager)
[  154.339274] mmc0: detect_gpio pin 1255 status is 1
[  154.339281] mmc0: apply bht power on patch
[  154.339284] mmc0: present status is 1
[  154.339292] mmc0: pwr_gpio pin 1260 status is 1
[  154.481703] init: Control message: Could not find 'android.hardware.keymaster@4.0::IKeymasterDevice/default' for ctl.interface_start from pid: 399 (/system/bin/hwservicemanager)
[  154.582326] ### Bayhub debug: degrade count is 0 ###
[  154.582645] mmc0: Load BHT patch RC8.3.1-DS=4
[  154.582819] mmc0: skip load default configuration for tuning done
[  154.584435] mmc0: the new mode is 0x00000003
[  155.482597] init: Control message: Could not find 'android.hardware.keymaster@4.0::IKeymasterDevice/default' for ctl.interface_start from pid: 399 (/system/bin/hwservicemanager)
[  155.616060] wt_chg soc:qcom_wt_chg: wt_chg_main now = 155616 resume_time = 160616 
[  155.623907] wt_chg soc:qcom_wt_chg: wtchg_float_charge_type_check vbus_online=0 real_type=0 float_recheck_cnt=0
[  155.623914] wt_chg soc:qcom_wt_chg: batt_protected_mode=0 batt_protected_mode_disable_charge=0 batt_protected_mode_disable_suspend=0 
[  155.624172] chg_type: 0, vbus_online: 0, vbus_volt: 5000, chg_status: 2, batt_volt: 4265000, batt_current: -909000, temp: 288, health: 1, capacity: 100
[  155.624178] chg_temp: 317, usb_temp: 263, board_temp: 293, usb_online: 0, ac_online: 0, pd_active:0 typec_pr_role:3 
[  155.624380] TCPC-TCPC:bat_update_work_func battery update soc = 100
[  155.624402] TCPC-TCPC:bat_update_work_func Battery Discharging
[  155.628608] healthd: battery l=100 v=4265 t=28.8 h=2 st=3 c=-909000 fc=6564000 cc=547 chg=
[  155.630957] healthd: battery l=100 v=4265 t=28.8 h=2 st=3 c=-909000 fc=6564000 cc=547 chg=
[  155.633307] healthd: battery l=100 v=4265 t=28.8 h=2 st=3 c=-909000 fc=6564000 cc=547 chg=
[  156.483438] init: Control message: Could not find 'android.hardware.keymaster@4.0::IKeymasterDevice/default' for ctl.interface_start from pid: 399 (/system/bin/hwservicemanager)
[  157.484293] init: Control message: Could not find 'android.hardware.keymaster@4.0::IKeymasterDevice/default' for ctl.interface_start from pid: 399 (/system/bin/hwservicemanager)
[  157.923609] mmc0: det_gpio pin 1255 status is 1
[  157.923616] mmc0: apply bht power off patch
[  157.923619] mmc0: present status is 1
[  157.923626] mmc0: pwr_gpio pin 1260 status is 0
[  158.485151] init: Control message: Could not find 'android.hardware.keymaster@4.0::IKeymasterDevice/default' for ctl.interface_start from pid: 399 (/system/bin/hwservicemanager)
[  159.485970] init: Control message: Could not find 'android.hardware.keymaster@4.0::IKeymasterDevice/default' for ctl.interface_start from pid: 399 (/system/bin/hwservicemanager)
[  160.486851] init: Control message: Could not find 'android.hardware.keymaster@4.0::IKeymasterDevice/default' for ctl.interface_start from pid: 399 (/system/bin/hwservicemanager)
[  161.487682] init: Control message: Could not find 'android.hardware.keymaster@4.0::IKeymasterDevice/default' for ctl.interface_start from pid: 399 (/system/bin/hwservicemanager)
[  162.488502] init: Control message: Could not find 'android.hardware.keymaster@4.0::IKeymasterDevice/default' for ctl.interface_start from pid: 399 (/system/bin/hwservicemanager)
[  163.489276] init: Control message: Could not find 'android.hardware.keymaster@4.0::IKeymasterDevice/default' for ctl.interface_start from pid: 399 (/system/bin/hwservicemanager)
[  164.490121] init: Control message: Could not find 'android.hardware.keymaster@4.0::IKeymasterDevice/default' for ctl.interface_start from pid: 399 (/system/bin/hwservicemanager)
[  165.320098] wt_chg soc:qcom_wt_chg: chg_main_alarm_cb wt chg alarm triggered 165320
[  165.490962] init: Control message: Could not find 'android.hardware.keymaster@4.0::IKeymasterDevice/default' for ctl.interface_start from pid: 399 (/system/bin/hwservicemanager)
[  165.856057] wt_chg soc:qcom_wt_chg: wt_chg_main now = 165856 resume_time = 170856 
[  165.863829] wt_chg soc:qcom_wt_chg: wtchg_float_charge_type_check vbus_online=0 real_type=0 float_recheck_cnt=0
[  165.863837] wt_chg soc:qcom_wt_chg: batt_protected_mode=0 batt_protected_mode_disable_charge=0 batt_protected_mode_disable_suspend=0 
[  165.864076] chg_type: 0, vbus_online: 0, vbus_volt: 5000, chg_status: 2, batt_volt: 4271000, batt_current: -800000, temp: 288, health: 1, capacity: 100
[  165.864081] chg_temp: 317, usb_temp: 263, board_temp: 293, usb_online: 0, ac_online: 0, pd_active:0 typec_pr_role:3 
[  165.864288] TCPC-TCPC:bat_update_work_func battery update soc = 100
[  165.864292] TCPC-TCPC:bat_update_work_func Battery Discharging
[  165.868523] healthd: battery l=100 v=4271 t=28.8 h=2 st=3 c=-800000 fc=6564000 cc=547 chg=
[  165.870879] healthd: battery l=100 v=4271 t=28.8 h=2 st=3 c=-800000 fc=6564000 cc=547 chg=
[  165.873213] healthd: battery l=100 v=4271 t=28.8 h=2 st=3 c=-800000 fc=6564000 cc=547 chg=
[  166.491798] init: Control message: Could not find 'android.hardware.keymaster@4.0::IKeymasterDevice/default' for ctl.interface_start from pid: 399 (/system/bin/hwservicemanager)
[  167.492667] init: Control message: Could not find 'android.hardware.keymaster@4.0::IKeymasterDevice/default' for ctl.interface_start from pid: 399 (/system/bin/hwservicemanager)
[  168.493480] init: Control message: Could not find 'android.hardware.keymaster@4.0::IKeymasterDevice/default' for ctl.interface_start from pid: 399 (/system/bin/hwservicemanager)
[  169.494328] init: Control message: Could not find 'android.hardware.keymaster@4.0::IKeymasterDevice/default' for ctl.interface_start from pid: 399 (/system/bin/hwservicemanager)
[  170.495208] init: Control message: Could not find 'android.hardware.keymaster@4.0::IKeymasterDevice/default' for ctl.interface_start from pid: 399 (/system/bin/hwservicemanager)
[  171.496080] init: Control message: Could not find 'android.hardware.keymaster@4.0::IKeymasterDevice/default' for ctl.interface_start from pid: 399 (/system/bin/hwservicemanager)
[  172.497699] init: Control message: Could not find 'android.hardware.keymaster@4.0::IKeymasterDevice/default' for ctl.interface_start from pid: 399 (/system/bin/hwservicemanager)
[  173.497969] init: Control message: Could not find 'android.hardware.keymaster@4.0::IKeymasterDevice/default' for ctl.interface_start from pid: 399 (/system/bin/hwservicemanager)
[  174.498813] init: Control message: Could not find 'android.hardware.keymaster@4.0::IKeymasterDevice/default' for ctl.interface_start from pid: 399 (/system/bin/hwservicemanager)
[  175.499681] init: Control message: Could not find 'android.hardware.keymaster@4.0::IKeymasterDevice/default' for ctl.interface_start from pid: 399 (/system/bin/hwservicemanager)
[  176.096060] wt_chg soc:qcom_wt_chg: wt_chg_main now = 176096 resume_time = 181096 
[  176.103866] wt_chg soc:qcom_wt_chg: wtchg_float_charge_type_check vbus_online=0 real_type=0 float_recheck_cnt=0
[  176.103873] wt_chg soc:qcom_wt_chg: batt_protected_mode=0 batt_protected_mode_disable_charge=0 batt_protected_mode_disable_suspend=0 
[  176.104134] chg_type: 0, vbus_online: 0, vbus_volt: 5000, chg_status: 2, batt_volt: 4268000, batt_current: -797000, temp: 288, health: 1, capacity: 100
[  176.104140] chg_temp: 317, usb_temp: 263, board_temp: 293, usb_online: 0, ac_online: 0, pd_active:0 typec_pr_role:3 
[  176.104342] TCPC-TCPC:bat_update_work_func battery update soc = 100
[  176.104346] TCPC-TCPC:bat_update_work_func Battery Discharging
[  176.107344] healthd: battery l=100 v=4268 t=28.8 h=2 st=3 c=-797000 fc=6564000 cc=547 chg=
[  176.109838] healthd: battery l=100 v=4268 t=28.8 h=2 st=3 c=-797000 fc=6564000 cc=547 chg=
[  176.112204] healthd: battery l=100 v=4268 t=28.8 h=2 st=3 c=-797000 fc=6564000 cc=547 chg=
[  176.500605] init: Control message: Could not find 'android.hardware.keymaster@4.0::IKeymasterDevice/default' for ctl.interface_start from pid: 399 (/system/bin/hwservicemanager)
[  177.501459] init: Control message: Could not find 'android.hardware.keymaster@4.0::IKeymasterDevice/default' for ctl.interface_start from pid: 399 (/system/bin/hwservicemanager)
[  178.502326] init: Control message: Could not find 'android.hardware.keymaster@4.0::IKeymasterDevice/default' for ctl.interface_start from pid: 399 (/system/bin/hwservicemanager)
[  179.503182] init: Control message: Could not find 'android.hardware.keymaster@4.0::IKeymasterDevice/default' for ctl.interface_start from pid: 399 (/system/bin/hwservicemanager)
[  180.504076] init: Control message: Could not find 'android.hardware.keymaster@4.0::IKeymasterDevice/default' for ctl.interface_start from pid: 399 (/system/bin/hwservicemanager)
[  181.504903] init: Control message: Could not find 'android.hardware.keymaster@4.0::IKeymasterDevice/default' for ctl.interface_start from pid: 399 (/system/bin/hwservicemanager)
[  182.505734] init: Control message: Could not find 'android.hardware.keymaster@4.0::IKeymasterDevice/default' for ctl.interface_start from pid: 399 (/system/bin/hwservicemanager)
[  183.506571] init: Control message: Could not find 'android.hardware.keymaster@4.0::IKeymasterDevice/default' for ctl.interface_start from pid: 399 (/system/bin/hwservicemanager)
[  184.507416] init: Control message: Could not find 'android.hardware.keymaster@4.0::IKeymasterDevice/default' for ctl.interface_start from pid: 399 (/system/bin/hwservicemanager)
[  185.508334] init: Control message: Could not find 'android.hardware.keymaster@4.0::IKeymasterDevice/default' for ctl.interface_start from pid: 399 (/system/bin/hwservicemanager)
[  186.336067] wt_chg soc:qcom_wt_chg: wt_chg_main now = 186336 resume_time = 191336 
[  186.344503] wt_chg soc:qcom_wt_chg: wtchg_float_charge_type_check vbus_online=0 real_type=0 float_recheck_cnt=0
[  186.344511] wt_chg soc:qcom_wt_chg: batt_protected_mode=0 batt_protected_mode_disable_charge=0 batt_protected_mode_disable_suspend=0 
[  186.344764] chg_type: 0, vbus_online: 0, vbus_volt: 5000, chg_status: 2, batt_volt: 4265000, batt_current: -821000, temp: 288, health: 1, capacity: 99
[  186.344770] chg_temp: 317, usb_temp: 263, board_temp: 293, usb_online: 0, ac_online: 0, pd_active:0 typec_pr_role:3 
[  186.345367] TCPC-TCPC:bat_update_work_func battery update soc = 99
[  186.345372] TCPC-TCPC:bat_update_work_func Battery Discharging
[  186.349956] healthd: battery l=99 v=4265 t=28.8 h=2 st=3 c=-821000 fc=6564000 cc=547 chg=
[  186.352461] healthd: battery l=99 v=4265 t=28.8 h=2 st=3 c=-821000 fc=6564000 cc=547 chg=
[  186.354734] healthd: battery l=99 v=4265 t=28.8 h=2 st=3 c=-821000 fc=6564000 cc=547 chg=
[  186.356953] healthd: battery l=99 v=4265 t=28.8 h=2 st=3 c=-821000 fc=6564000 cc=547 chg=
[  186.509146] init: Control message: Could not find 'android.hardware.keymaster@4.0::IKeymasterDevice/default' for ctl.interface_start from pid: 399 (/system/bin/hwservicemanager)
[  187.509980] init: Control message: Could not find 'android.hardware.keymaster@4.0::IKeymasterDevice/default' for ctl.interface_start from pid: 399 (/system/bin/hwservicemanager)
[  188.510826] init: Control message: Could not find 'android.hardware.keymaster@4.0::IKeymasterDevice/default' for ctl.interface_start from pid: 399 (/system/bin/hwservicemanager)
[  189.511656] init: Control message: Could not find 'android.hardware.keymaster@4.0::IKeymasterDevice/default' for ctl.interface_start from pid: 399 (/system/bin/hwservicemanager)
[  190.512557] init: Control message: Could not find 'android.hardware.keymaster@4.0::IKeymasterDevice/default' for ctl.interface_start from pid: 399 (/system/bin/hwservicemanager)
[  191.513372] init: Control message: Could not find 'android.hardware.keymaster@4.0::IKeymasterDevice/default' for ctl.interface_start from pid: 399 (/system/bin/hwservicemanager)
[  192.514209] init: Control message: Could not find 'android.hardware.keymaster@4.0::IKeymasterDevice/default' for ctl.interface_start from pid: 399 (/system/bin/hwservicemanager)
[  193.515056] init: Control message: Could not find 'android.hardware.keymaster@4.0::IKeymasterDevice/default' for ctl.interface_start from pid: 399 (/system/bin/hwservicemanager)
[  194.515885] init: Control message: Could not find 'android.hardware.keymaster@4.0::IKeymasterDevice/default' for ctl.interface_start from pid: 399 (/system/bin/hwservicemanager)
[  195.516789] init: Control message: Could not find 'android.hardware.keymaster@4.0::IKeymasterDevice/default' for ctl.interface_start from pid: 399 (/system/bin/hwservicemanager)
[  196.517633] init: Control message: Could not find 'android.hardware.keymaster@4.0::IKeymasterDevice/default' for ctl.interface_start from pid: 399 (/system/bin/hwservicemanager)
[  196.576070] wt_chg soc:qcom_wt_chg: wt_chg_main now = 196576 resume_time = 201576 
[  196.583839] wt_chg soc:qcom_wt_chg: wtchg_float_charge_type_check vbus_online=0 real_type=0 float_recheck_cnt=0
[  196.583846] wt_chg soc:qcom_wt_chg: batt_protected_mode=0 batt_protected_mode_disable_charge=0 batt_protected_mode_disable_suspend=0 
[  196.584084] chg_type: 0, vbus_online: 0, vbus_volt: 5000, chg_status: 2, batt_volt: 4268000, batt_current: -798000, temp: 288, health: 1, capacity: 99
[  196.584089] chg_temp: 317, usb_temp: 263, board_temp: 293, usb_online: 0, ac_online: 0, pd_active:0 typec_pr_role:3 
[  196.584290] TCPC-TCPC:bat_update_work_func battery update soc = 99
[  196.584294] TCPC-TCPC:bat_update_work_func Battery Discharging
[  196.585910] healthd: battery l=99 v=4268 t=28.8 h=2 st=3 c=-798000 fc=6564000 cc=547 chg=
[  196.588436] healthd: battery l=99 v=4268 t=28.8 h=2 st=3 c=-798000 fc=6564000 cc=547 chg=
[  196.590896] healthd: battery l=99 v=4268 t=28.8 h=2 st=3 c=-798000 fc=6564000 cc=547 chg=
[  197.518473] init: Control message: Could not find 'android.hardware.keymaster@4.0::IKeymasterDevice/default' for ctl.interface_start from pid: 399 (/system/bin/hwservicemanager)
[  198.519309] init: Control message: Could not find 'android.hardware.keymaster@4.0::IKeymasterDevice/default' for ctl.interface_start from pid: 399 (/system/bin/hwservicemanager)
[  199.520154] init: Control message: Could not find 'android.hardware.keymaster@4.0::IKeymasterDevice/default' for ctl.interface_start from pid: 399 (/system/bin/hwservicemanager)
[  200.521049] init: Control message: Could not find 'android.hardware.keymaster@4.0::IKeymasterDevice/default' for ctl.interface_start from pid: 399 (/system/bin/hwservicemanager)
[  201.522567] init: Control message: Could not find 'android.hardware.keymaster@4.0::IKeymasterDevice/default' for ctl.interface_start from pid: 399 (/system/bin/hwservicemanager)
[  202.523313] init: Control message: Could not find 'android.hardware.keymaster@4.0::IKeymasterDevice/default' for ctl.interface_start from pid: 399 (/system/bin/hwservicemanager)
[  203.524159] init: Control message: Could not find 'android.hardware.keymaster@4.0::IKeymasterDevice/default' for ctl.interface_start from pid: 399 (/system/bin/hwservicemanager)
[  204.525046] init: Control message: Could not find 'android.hardware.keymaster@4.0::IKeymasterDevice/default' for ctl.interface_start from pid: 399 (/system/bin/hwservicemanager)
[  205.525876] init: Control message: Could not find 'android.hardware.keymaster@4.0::IKeymasterDevice/default' for ctl.interface_start from pid: 399 (/system/bin/hwservicemanager)
[  206.526750] init: Control message: Could not find 'android.hardware.keymaster@4.0::IKeymasterDevice/default' for ctl.interface_start from pid: 399 (/system/bin/hwservicemanager)
[  206.816069] wt_chg soc:qcom_wt_chg: wt_chg_main now = 206816 resume_time = 211816 
[  206.823761] wt_chg soc:qcom_wt_chg: wtchg_float_charge_type_check vbus_online=0 real_type=0 float_recheck_cnt=0
[  206.823769] wt_chg soc:qcom_wt_chg: batt_protected_mode=0 batt_protected_mode_disable_charge=0 batt_protected_mode_disable_suspend=0 
[  206.824004] chg_type: 0, vbus_online: 0, vbus_volt: 5000, chg_status: 2, batt_volt: 4267000, batt_current: -771000, temp: 288, health: 1, capacity: 99
[  206.824010] chg_temp: 317, usb_temp: 263, board_temp: 293, usb_online: 0, ac_online: 0, pd_active:0 typec_pr_role:3 
[  206.824234] TCPC-TCPC:bat_update_work_func battery update soc = 99
[  206.824237] TCPC-TCPC:bat_update_work_func Battery Discharging
[  206.828426] healthd: battery l=99 v=4267 t=28.8 h=2 st=3 c=-771000 fc=6564000 cc=547 chg=
[  206.830861] healthd: battery l=99 v=4267 t=28.8 h=2 st=3 c=-771000 fc=6564000 cc=547 chg=
[  206.833188] healthd: battery l=99 v=4267 t=28.8 h=2 st=3 c=-771000 fc=6564000 cc=547 chg=
[  207.527589] init: Control message: Could not find 'android.hardware.keymaster@4.0::IKeymasterDevice/default' for ctl.interface_start from pid: 399 (/system/bin/hwservicemanager)
[  208.528476] init: Control message: Could not find 'android.hardware.keymaster@4.0::IKeymasterDevice/default' for ctl.interface_start from pid: 399 (/system/bin/hwservicemanager)
[  209.529287] init: Control message: Could not find 'android.hardware.keymaster@4.0::IKeymasterDevice/default' for ctl.interface_start from pid: 399 (/system/bin/hwservicemanager)
[  210.530162] init: Control message: Could not find 'android.hardware.keymaster@4.0::IKeymasterDevice/default' for ctl.interface_start from pid: 399 (/system/bin/hwservicemanager)
[  211.530990] init: Control message: Could not find 'android.hardware.keymaster@4.0::IKeymasterDevice/default' for ctl.interface_start from pid: 399 (/system/bin/hwservicemanager)
[  212.531806] init: Control message: Could not find 'android.hardware.keymaster@4.0::IKeymasterDevice/default' for ctl.interface_start from pid: 399 (/system/bin/hwservicemanager)
[  213.532541] init: Control message: Could not find 'android.hardware.keymaster@4.0::IKeymasterDevice/default' for ctl.interface_start from pid: 399 (/system/bin/hwservicemanager)
[  213.581964] bl_scale = 1024, bl_scale_sv = 65535, bl_lvl = 73
[  214.533359] init: Control message: Could not find 'android.hardware.keymaster@4.0::IKeymasterDevice/default' for ctl.interface_start from pid: 399 (/system/bin/hwservicemanager)
[  215.534208] init: Control message: Could not find 'android.hardware.keymaster@4.0::IKeymasterDevice/default' for ctl.interface_start from pid: 399 (/system/bin/hwservicemanager)
[  216.148658] bl_scale = 1024, bl_scale_sv = 65535, bl_lvl = 0
[  216.534985] init: Control message: Could not find 'android.hardware.keymaster@4.0::IKeymasterDevice/default' for ctl.interface_start from pid: 399 (/system/bin/hwservicemanager)
[  217.056063] wt_chg soc:qcom_wt_chg: wt_chg_main now = 217056 resume_time = 222056 
[  217.063969] wt_chg soc:qcom_wt_chg: wtchg_float_charge_type_check vbus_online=0 real_type=0 float_recheck_cnt=0
[  217.063975] wt_chg soc:qcom_wt_chg: batt_protected_mode=0 batt_protected_mode_disable_charge=0 batt_protected_mode_disable_suspend=0 
[  217.064213] chg_type: 0, vbus_online: 0, vbus_volt: 5000, chg_status: 2, batt_volt: 4296000, batt_current: -445000, temp: 288, health: 1, capacity: 99
[  217.064219] chg_temp: 317, usb_temp: 263, board_temp: 293, usb_online: 0, ac_online: 0, pd_active:0 typec_pr_role:3 
[  217.064420] TCPC-TCPC:bat_update_work_func battery update soc = 99
[  217.064442] TCPC-TCPC:bat_update_work_func Battery Discharging
[  217.068199] healthd: battery l=99 v=4296 t=28.8 h=2 st=3 c=-445000 fc=6564000 cc=547 chg=
[  217.070647] healthd: battery l=99 v=4296 t=28.8 h=2 st=3 c=-445000 fc=6564000 cc=547 chg=
[  217.072882] healthd: battery l=99 v=4296 t=28.8 h=2 st=3 c=-445000 fc=6564000 cc=547 chg=
[  217.535779] init: Control message: Could not find 'android.hardware.keymaster@4.0::IKeymasterDevice/default' for ctl.interface_start from pid: 399 (/system/bin/hwservicemanager)
[  218.536618] init: Control message: Could not find 'android.hardware.keymaster@4.0::IKeymasterDevice/default' for ctl.interface_start from pid: 399 (/system/bin/hwservicemanager)
[  219.537388] init: Control message: Could not find 'android.hardware.keymaster@4.0::IKeymasterDevice/default' for ctl.interface_start from pid: 399 (/system/bin/hwservicemanager)
[  220.538165] init: Control message: Could not find 'android.hardware.keymaster@4.0::IKeymasterDevice/default' for ctl.interface_start from pid: 399 (/system/bin/hwservicemanager)
[  221.538972] init: Control message: Could not find 'android.hardware.keymaster@4.0::IKeymasterDevice/default' for ctl.interface_start from pid: 399 (/system/bin/hwservicemanager)
[  222.539766] init: Control message: Could not find 'android.hardware.keymaster@4.0::IKeymasterDevice/default' for ctl.interface_start from pid: 399 (/system/bin/hwservicemanager)
[  223.540561] init: Control message: Could not find 'android.hardware.keymaster@4.0::IKeymasterDevice/default' for ctl.interface_start from pid: 399 (/system/bin/hwservicemanager)
[  224.541337] init: Control message: Could not find 'android.hardware.keymaster@4.0::IKeymasterDevice/default' for ctl.interface_start from pid: 399 (/system/bin/hwservicemanager)
[  225.542012] init: Control message: Could not find 'android.hardware.keymaster@4.0::IKeymasterDevice/default' for ctl.interface_start from pid: 399 (/system/bin/hwservicemanager)
[  226.542818] init: Control message: Could not find 'android.hardware.keymaster@4.0::IKeymasterDevice/default' for ctl.interface_start from pid: 399 (/system/bin/hwservicemanager)
[  227.296064] wt_chg soc:qcom_wt_chg: wt_chg_main now = 227296 resume_time = 232296 
[  227.303699] wt_chg soc:qcom_wt_chg: wtchg_float_charge_type_check vbus_online=0 real_type=0 float_recheck_cnt=0
[  227.303706] wt_chg soc:qcom_wt_chg: batt_protected_mode=0 batt_protected_mode_disable_charge=0 batt_protected_mode_disable_suspend=0 
[  227.303942] chg_type: 0, vbus_online: 0, vbus_volt: 5000, chg_status: 2, batt_volt: 4300000, batt_current: -286000, temp: 288, health: 1, capacity: 99
[  227.303947] chg_temp: 317, usb_temp: 263, board_temp: 293, usb_online: 0, ac_online: 0, pd_active:0 typec_pr_role:3 
[  227.304168] TCPC-TCPC:bat_update_work_func battery update soc = 99
[  227.304189] TCPC-TCPC:bat_update_work_func Battery Discharging
[  227.307818] healthd: battery l=99 v=4300 t=28.8 h=2 st=3 c=-286000 fc=6584000 cc=547 chg=
[  227.310185] healthd: battery l=99 v=4300 t=28.8 h=2 st=3 c=-286000 fc=6584000 cc=547 chg=
[  227.312425] healthd: battery l=99 v=4300 t=28.8 h=2 st=3 c=-286000 fc=6584000 cc=547 chg=
[  227.543611] init: Control message: Could not find 'android.hardware.keymaster@4.0::IKeymasterDevice/default' for ctl.interface_start from pid: 399 (/system/bin/hwservicemanager)
[  228.544431] init: Control message: Could not find 'android.hardware.keymaster@4.0::IKeymasterDevice/default' for ctl.interface_start from pid: 399 (/system/bin/hwservicemanager)
[  229.545217] init: Control message: Could not find 'android.hardware.keymaster@4.0::IKeymasterDevice/default' for ctl.interface_start from pid: 399 (/system/bin/hwservicemanager)
[  230.546020] init: Control message: Could not find 'android.hardware.keymaster@4.0::IKeymasterDevice/default' for ctl.interface_start from pid: 399 (/system/bin/hwservicemanager)
[  231.546842] init: Control message: Could not find 'android.hardware.keymaster@4.0::IKeymasterDevice/default' for ctl.interface_start from pid: 399 (/system/bin/hwservicemanager)
[  232.547620] init: Control message: Could not find 'android.hardware.keymaster@4.0::IKeymasterDevice/default' for ctl.interface_start from pid: 399 (/system/bin/hwservicemanager)
[  233.548455] init: Control message: Could not find 'android.hardware.keymaster@4.0::IKeymasterDevice/default' for ctl.interface_start from pid: 399 (/system/bin/hwservicemanager)
[  234.549253] init: Control message: Could not find 'android.hardware.keymaster@4.0::IKeymasterDevice/default' for ctl.interface_start from pid: 399 (/system/bin/hwservicemanager)
[  235.550053] init: Control message: Could not find 'android.hardware.keymaster@4.0::IKeymasterDevice/default' for ctl.interface_start from pid: 399 (/system/bin/hwservicemanager)
[  236.550873] init: Control message: Could not find 'android.hardware.keymaster@4.0::IKeymasterDevice/default' for ctl.interface_start from pid: 399 (/system/bin/hwservicemanager)
[  237.536063] wt_chg soc:qcom_wt_chg: wt_chg_main now = 237536 resume_time = 242536 
[  237.543724] wt_chg soc:qcom_wt_chg: wtchg_float_charge_type_check vbus_online=0 real_type=0 float_recheck_cnt=0
[  237.543732] wt_chg soc:qcom_wt_chg: batt_protected_mode=0 batt_protected_mode_disable_charge=0 batt_protected_mode_disable_suspend=0 
[  237.543968] chg_type: 0, vbus_online: 0, vbus_volt: 5000, chg_status: 2, batt_volt: 4300000, batt_current: -286000, temp: 288, health: 1, capacity: 99
[  237.543973] chg_temp: 317, usb_temp: 263, board_temp: 293, usb_online: 0, ac_online: 0, pd_active:0 typec_pr_role:3 
[  237.544207] TCPC-TCPC:bat_update_work_func battery update soc = 99
[  237.544211] TCPC-TCPC:bat_update_work_func Battery Discharging
[  237.547835] healthd: battery l=99 v=4300 t=28.8 h=2 st=3 c=-286000 fc=6584000 cc=547 chg=
[  237.550203] healthd: battery l=99 v=4300 t=28.8 h=2 st=3 c=-286000 fc=6584000 cc=547 chg=
[  237.551670] init: Control message: Could not find 'android.hardware.keymaster@4.0::IKeymasterDevice/default' for ctl.interface_start from pid: 399 (/system/bin/hwservicemanager)
[  237.552659] healthd: battery l=99 v=4300 t=28.8 h=2 st=3 c=-286000 fc=6584000 cc=547 chg=
[  238.552522] init: Control message: Could not find 'android.hardware.keymaster@4.0::IKeymasterDevice/default' for ctl.interface_start from pid: 399 (/system/bin/hwservicemanager)
[  238.986975] bl_scale = 1024, bl_scale_sv = 65535, bl_lvl = 2954
[  239.553421] init: Control message: Could not find 'android.hardware.keymaster@4.0::IKeymasterDevice/default' for ctl.interface_start from pid: 399 (/system/bin/hwservicemanager)
[  240.554250] init: Control message: Could not find 'android.hardware.keymaster@4.0::IKeymasterDevice/default' for ctl.interface_start from pid: 399 (/system/bin/hwservicemanager)
[  241.555102] init: Control message: Could not find 'android.hardware.keymaster@4.0::IKeymasterDevice/default' for ctl.interface_start from pid: 399 (/system/bin/hwservicemanager)
[  242.555929] init: Control message: Could not find 'android.hardware.keymaster@4.0::IKeymasterDevice/default' for ctl.interface_start from pid: 399 (/system/bin/hwservicemanager)
[  243.556809] init: Control message: Could not find 'android.hardware.keymaster@4.0::IKeymasterDevice/default' for ctl.interface_start from pid: 399 (/system/bin/hwservicemanager)
[  244.557633] init: Control message: Could not find 'android.hardware.keymaster@4.0::IKeymasterDevice/default' for ctl.interface_start from pid: 399 (/system/bin/hwservicemanager)
[  245.558479] init: Control message: Could not find 'android.hardware.keymaster@4.0::IKeymasterDevice/default' for ctl.interface_start from pid: 399 (/system/bin/hwservicemanager)
[  246.559359] init: Control message: Could not find 'android.hardware.keymaster@4.0::IKeymasterDevice/default' for ctl.interface_start from pid: 399 (/system/bin/hwservicemanager)
[  247.560592] init: Control message: Could not find 'android.hardware.keymaster@4.0::IKeymasterDevice/default' for ctl.interface_start from pid: 399 (/system/bin/hwservicemanager)
[  247.776053] wt_chg soc:qcom_wt_chg: wt_chg_main now = 247776 resume_time = 252776 
[  247.783856] wt_chg soc:qcom_wt_chg: wtchg_float_charge_type_check vbus_online=0 real_type=0 float_recheck_cnt=0
[  247.783864] wt_chg soc:qcom_wt_chg: batt_protected_mode=0 batt_protected_mode_disable_charge=0 batt_protected_mode_disable_suspend=0 
[  247.784095] chg_type: 0, vbus_online: 0, vbus_volt: 4900, chg_status: 2, batt_volt: 4260000, batt_current: -861000, temp: 287, health: 1, capacity: 99
[  247.784101] chg_temp: 317, usb_temp: 263, board_temp: 293, usb_online: 0, ac_online: 0, pd_active:0 typec_pr_role:3 
[  247.784298] TCPC-TCPC:bat_update_work_func battery update soc = 99
[  247.784302] TCPC-TCPC:bat_update_work_func Battery Discharging
[  247.789162] healthd: battery l=99 v=4260 t=28.7 h=2 st=3 c=-861000 fc=6564000 cc=547 chg=
[  247.791666] healthd: battery l=99 v=4260 t=28.7 h=2 st=3 c=-861000 fc=6564000 cc=547 chg=
[  247.794114] healthd: battery l=99 v=4260 t=28.7 h=2 st=3 c=-861000 fc=6564000 cc=547 chg=
[  248.561215] init: Control message: Could not find 'android.hardware.keymaster@4.0::IKeymasterDevice/default' for ctl.interface_start from pid: 399 (/system/bin/hwservicemanager)
[  249.562075] init: Control message: Could not find 'android.hardware.keymaster@4.0::IKeymasterDevice/default' for ctl.interface_start from pid: 399 (/system/bin/hwservicemanager)
[  250.562922] init: Control message: Could not find 'android.hardware.keymaster@4.0::IKeymasterDevice/default' for ctl.interface_start from pid: 399 (/system/bin/hwservicemanager)
[  251.564463] init: Control message: Could not find 'android.hardware.keymaster@4.0::IKeymasterDevice/default' for ctl.interface_start from pid: 399 (/system/bin/hwservicemanager)
[  252.564822] init: Control message: Could not find 'android.hardware.keymaster@4.0::IKeymasterDevice/default' for ctl.interface_start from pid: 399 (/system/bin/hwservicemanager)
[  253.565672] init: Control message: Could not find 'android.hardware.keymaster@4.0::IKeymasterDevice/default' for ctl.interface_start from pid: 399 (/system/bin/hwservicemanager)
[  254.566539] init: Control message: Could not find 'android.hardware.keymaster@4.0::IKeymasterDevice/default' for ctl.interface_start from pid: 399 (/system/bin/hwservicemanager)
[  255.567384] init: Control message: Could not find 'android.hardware.keymaster@4.0::IKeymasterDevice/default' for ctl.interface_start from pid: 399 (/system/bin/hwservicemanager)
[  256.568273] init: Control message: Could not find 'android.hardware.keymaster@4.0::IKeymasterDevice/default' for ctl.interface_start from pid: 399 (/system/bin/hwservicemanager)
[  257.569117] init: Control message: Could not find 'android.hardware.keymaster@4.0::IKeymasterDevice/default' for ctl.interface_start from pid: 399 (/system/bin/hwservicemanager)
[  258.016058] wt_chg soc:qcom_wt_chg: wt_chg_main now = 258016 resume_time = 263016 
[  258.023772] wt_chg soc:qcom_wt_chg: wtchg_float_charge_type_check vbus_online=0 real_type=0 float_recheck_cnt=0
[  258.023779] wt_chg soc:qcom_wt_chg: batt_protected_mode=0 batt_protected_mode_disable_charge=0 batt_protected_mode_disable_suspend=0 
[  258.024038] chg_type: 0, vbus_online: 0, vbus_volt: 5000, chg_status: 2, batt_volt: 4259000, batt_current: -848000, temp: 287, health: 1, capacity: 99
[  258.024049] chg_temp: 317, usb_temp: 263, board_temp: 293, usb_online: 0, ac_online: 0, pd_active:0 typec_pr_role:3 
[  258.024253] TCPC-TCPC:bat_update_work_func battery update soc = 99
[  258.024256] TCPC-TCPC:bat_update_work_func Battery Discharging
[  258.028521] healthd: battery l=99 v=4259 t=28.7 h=2 st=3 c=-848000 fc=6564000 cc=547 chg=
[  258.030868] healthd: battery l=99 v=4259 t=28.7 h=2 st=3 c=-848000 fc=6564000 cc=547 chg=
[  258.033202] healthd: battery l=99 v=4259 t=28.7 h=2 st=3 c=-848000 fc=6564000 cc=547 chg=
[  258.569970] init: Control message: Could not find 'android.hardware.keymaster@4.0::IKeymasterDevice/default' for ctl.interface_start from pid: 399 (/system/bin/hwservicemanager)
[  259.570809] init: Control message: Could not find 'android.hardware.keymaster@4.0::IKeymasterDevice/default' for ctl.interface_start from pid: 399 (/system/bin/hwservicemanager)
[  260.571651] init: Control message: Could not find 'android.hardware.keymaster@4.0::IKeymasterDevice/default' for ctl.interface_start from pid: 399 (/system/bin/hwservicemanager)
[  261.572564] init: Control message: Could not find 'android.hardware.keymaster@4.0::IKeymasterDevice/default' for ctl.interface_start from pid: 399 (/system/bin/hwservicemanager)
[  262.573403] init: Control message: Could not find 'android.hardware.keymaster@4.0::IKeymasterDevice/default' for ctl.interface_start from pid: 399 (/system/bin/hwservicemanager)
[  263.574254] init: Control message: Could not find 'android.hardware.keymaster@4.0::IKeymasterDevice/default' for ctl.interface_start from pid: 399 (/system/bin/hwservicemanager)
[  264.575099] init: Control message: Could not find 'android.hardware.keymaster@4.0::IKeymasterDevice/default' for ctl.interface_start from pid: 399 (/system/bin/hwservicemanager)
[  265.575958] init: Control message: Could not find 'android.hardware.keymaster@4.0::IKeymasterDevice/default' for ctl.interface_start from pid: 399 (/system/bin/hwservicemanager)
[  266.576867] init: Control message: Could not find 'android.hardware.keymaster@4.0::IKeymasterDevice/default' for ctl.interface_start from pid: 399 (/system/bin/hwservicemanager)
[  267.577703] init: Control message: Could not find 'android.hardware.keymaster@4.0::IKeymasterDevice/default' for ctl.interface_start from pid: 399 (/system/bin/hwservicemanager)
[  268.256052] wt_chg soc:qcom_wt_chg: wt_chg_main now = 268256 resume_time = 273256 
[  268.263894] wt_chg soc:qcom_wt_chg: wtchg_float_charge_type_check vbus_online=0 real_type=0 float_recheck_cnt=0
[  268.263906] wt_chg soc:qcom_wt_chg: batt_protected_mode=0 batt_protected_mode_disable_charge=0 batt_protected_mode_disable_suspend=0 
[  268.264172] chg_type: 0, vbus_online: 0, vbus_volt: 5000, chg_status: 2, batt_volt: 4258000, batt_current: -859000, temp: 287, health: 1, capacity: 99
[  268.264179] chg_temp: 317, usb_temp: 263, board_temp: 293, usb_online: 0, ac_online: 0, pd_active:0 typec_pr_role:3 
[  268.264526] TCPC-TCPC:bat_update_work_func battery update soc = 99
[  268.264530] TCPC-TCPC:bat_update_work_func Battery Discharging
[  268.268762] healthd: battery l=99 v=4258 t=28.7 h=2 st=3 c=-859000 fc=6564000 cc=547 chg=
[  268.271208] healthd: battery l=99 v=4258 t=28.7 h=2 st=3 c=-859000 fc=6564000 cc=547 chg=
[  268.273771] healthd: battery l=99 v=4258 t=28.7 h=2 st=3 c=-859000 fc=6564000 cc=547 chg=
[  268.578555] init: Control message: Could not find 'android.hardware.keymaster@4.0::IKeymasterDevice/default' for ctl.interface_start from pid: 399 (/system/bin/hwservicemanager)
[  269.579408] init: Control message: Could not find 'android.hardware.keymaster@4.0::IKeymasterDevice/default' for ctl.interface_start from pid: 399 (/system/bin/hwservicemanager)
[  270.580294] init: Control message: Could not find 'android.hardware.keymaster@4.0::IKeymasterDevice/default' for ctl.interface_start from pid: 399 (/system/bin/hwservicemanager)
[  271.581158] init: Control message: Could not find 'android.hardware.keymaster@4.0::IKeymasterDevice/default' for ctl.interface_start from pid: 399 (/system/bin/hwservicemanager)
[  272.582019] init: Control message: Could not find 'android.hardware.keymaster@4.0::IKeymasterDevice/default' for ctl.interface_start from pid: 399 (/system/bin/hwservicemanager)
[  273.583749] init: Control message: Could not find 'android.hardware.keymaster@4.0::IKeymasterDevice/default' for ctl.interface_start from pid: 399 (/system/bin/hwservicemanager)
[  274.584313] init: Control message: Could not find 'android.hardware.keymaster@4.0::IKeymasterDevice/default' for ctl.interface_start from pid: 399 (/system/bin/hwservicemanager)
[  275.585146] init: Control message: Could not find 'android.hardware.keymaster@4.0::IKeymasterDevice/default' for ctl.interface_start from pid: 399 (/system/bin/hwservicemanager)
[  276.586261] init: Control message: Could not find 'android.hardware.keymaster@4.0::IKeymasterDevice/default' for ctl.interface_start from pid: 399 (/system/bin/hwservicemanager)
[  277.587111] init: Control message: Could not find 'android.hardware.keymaster@4.0::IKeymasterDevice/default' for ctl.interface_start from pid: 399 (/system/bin/hwservicemanager)
[  278.496051] wt_chg soc:qcom_wt_chg: wt_chg_main now = 278496 resume_time = 283496 
[  278.503768] wt_chg soc:qcom_wt_chg: wtchg_float_charge_type_check vbus_online=0 real_type=0 float_recheck_cnt=0
[  278.503776] wt_chg soc:qcom_wt_chg: batt_protected_mode=0 batt_protected_mode_disable_charge=0 batt_protected_mode_disable_suspend=0 
[  278.504006] chg_type: 0, vbus_online: 0, vbus_volt: 5000, chg_status: 2, batt_volt: 4257000, batt_current: -858000, temp: 287, health: 1, capacity: 99
[  278.504011] chg_temp: 317, usb_temp: 263, board_temp: 293, usb_online: 0, ac_online: 0, pd_active:0 typec_pr_role:3 
[  278.504240] TCPC-TCPC:bat_update_work_func battery update soc = 99
[  278.504262] TCPC-TCPC:bat_update_work_func Battery Discharging
[  278.508514] healthd: battery l=99 v=4257 t=28.7 h=2 st=3 c=-858000 fc=6564000 cc=547 chg=
[  278.510862] healthd: battery l=99 v=4257 t=28.7 h=2 st=3 c=-858000 fc=6564000 cc=547 chg=
[  278.513204] healthd: battery l=99 v=4257 t=28.7 h=2 st=3 c=-858000 fc=6564000 cc=547 chg=
[  278.587981] init: Control message: Could not find 'android.hardware.keymaster@4.0::IKeymasterDevice/default' for ctl.interface_start from pid: 399 (/system/bin/hwservicemanager)
[  279.588889] init: Control message: Could not find 'android.hardware.keymaster@4.0::IKeymasterDevice/default' for ctl.interface_start from pid: 399 (/system/bin/hwservicemanager)
[  280.589748] init: Control message: Could not find 'android.hardware.keymaster@4.0::IKeymasterDevice/default' for ctl.interface_start from pid: 399 (/system/bin/hwservicemanager)
[  281.590611] init: Control message: Could not find 'android.hardware.keymaster@4.0::IKeymasterDevice/default' for ctl.interface_start from pid: 399 (/system/bin/hwservicemanager)
[  282.591513] init: Control message: Could not find 'android.hardware.keymaster@4.0::IKeymasterDevice/default' for ctl.interface_start from pid: 399 (/system/bin/hwservicemanager)
[  283.592521] init: Control message: Could not find 'android.hardware.keymaster@4.0::IKeymasterDevice/default' for ctl.interface_start from pid: 399 (/system/bin/hwservicemanager)
[  284.593367] init: Control message: Could not find 'android.hardware.keymaster@4.0::IKeymasterDevice/default' for ctl.interface_start from pid: 399 (/system/bin/hwservicemanager)
[  285.594531] init: Control message: Could not find 'android.hardware.keymaster@4.0::IKeymasterDevice/default' for ctl.interface_start from pid: 399 (/system/bin/hwservicemanager)
[  286.595427] init: Control message: Could not find 'android.hardware.keymaster@4.0::IKeymasterDevice/default' for ctl.interface_start from pid: 399 (/system/bin/hwservicemanager)
[  287.596319] init: Control message: Could not find 'android.hardware.keymaster@4.0::IKeymasterDevice/default' for ctl.interface_start from pid: 399 (/system/bin/hwservicemanager)
[  288.597395] init: Control message: Could not find 'android.hardware.keymaster@4.0::IKeymasterDevice/default' for ctl.interface_start from pid: 399 (/system/bin/hwservicemanager)
[  288.736052] wt_chg soc:qcom_wt_chg: wt_chg_main now = 288736 resume_time = 293736 
[  288.743736] wt_chg soc:qcom_wt_chg: wtchg_float_charge_type_check vbus_online=0 real_type=0 float_recheck_cnt=0
[  288.743744] wt_chg soc:qcom_wt_chg: batt_protected_mode=0 batt_protected_mode_disable_charge=0 batt_protected_mode_disable_suspend=0 
[  288.743980] chg_type: 0, vbus_online: 0, vbus_volt: 5000, chg_status: 2, batt_volt: 4255000, batt_current: -877000, temp: 287, health: 1, capacity: 99
[  288.743986] chg_temp: 317, usb_temp: 263, board_temp: 293, usb_online: 0, ac_online: 0, pd_active:0 typec_pr_role:3 
[  288.744217] TCPC-TCPC:bat_update_work_func battery update soc = 99
[  288.744240] TCPC-TCPC:bat_update_work_func Battery Discharging
[  288.748482] healthd: battery l=99 v=4255 t=28.7 h=2 st=3 c=-877000 fc=6564000 cc=547 chg=
[  288.750962] healthd: battery l=99 v=4255 t=28.7 h=2 st=3 c=-877000 fc=6564000 cc=547 chg=
[  288.753126] healthd: battery l=99 v=4255 t=28.7 h=2 st=3 c=-877000 fc=6564000 cc=547 chg=
[  289.598774] init: Control message: Could not find 'android.hardware.keymaster@4.0::IKeymasterDevice/default' for ctl.interface_start from pid: 399 (/system/bin/hwservicemanager)
[  290.599302] init: Control message: Could not find 'android.hardware.keymaster@4.0::IKeymasterDevice/default' for ctl.interface_start from pid: 399 (/system/bin/hwservicemanager)
[  291.600684] init: Control message: Could not find 'android.hardware.keymaster@4.0::IKeymasterDevice/default' for ctl.interface_start from pid: 399 (/system/bin/hwservicemanager)
[  292.601574] init: Control message: Could not find 'android.hardware.keymaster@4.0::IKeymasterDevice/default' for ctl.interface_start from pid: 399 (/system/bin/hwservicemanager)
[  293.602442] init: Control message: Could not find 'android.hardware.keymaster@4.0::IKeymasterDevice/default' for ctl.interface_start from pid: 399 (/system/bin/hwservicemanager)
[  294.603344] init: Control message: Could not find 'android.hardware.keymaster@4.0::IKeymasterDevice/default' for ctl.interface_start from pid: 399 (/system/bin/hwservicemanager)
[  295.604275] init: Control message: Could not find 'android.hardware.keymaster@4.0::IKeymasterDevice/default' for ctl.interface_start from pid: 399 (/system/bin/hwservicemanager)
[  296.605506] init: Control message: Could not find 'android.hardware.keymaster@4.0::IKeymasterDevice/default' for ctl.interface_start from pid: 399 (/system/bin/hwservicemanager)
[  297.607109] init: Control message: Could not find 'android.hardware.keymaster@4.0::IKeymasterDevice/default' for ctl.interface_start from pid: 399 (/system/bin/hwservicemanager)
[  298.607555] init: Control message: Could not find 'android.hardware.keymaster@4.0::IKeymasterDevice/default' for ctl.interface_start from pid: 399 (/system/bin/hwservicemanager)
[  298.976050] wt_chg soc:qcom_wt_chg: wt_chg_main now = 298976 resume_time = 303976 
[  298.983976] wt_chg soc:qcom_wt_chg: wtchg_float_charge_type_check vbus_online=0 real_type=0 float_recheck_cnt=0
[  298.983984] wt_chg soc:qcom_wt_chg: batt_protected_mode=0 batt_protected_mode_disable_charge=0 batt_protected_mode_disable_suspend=0 
[  298.984241] chg_type: 0, vbus_online: 0, vbus_volt: 5000, chg_status: 2, batt_volt: 4255000, batt_current: -854000, temp: 287, health: 1, capacity: 99
[  298.984246] chg_temp: 317, usb_temp: 263, board_temp: 293, usb_online: 0, ac_online: 0, pd_active:0 typec_pr_role:3 
[  298.984449] TCPC-TCPC:bat_update_work_func battery update soc = 99
[  298.984471] TCPC-TCPC:bat_update_work_func Battery Discharging
[  298.988713] healthd: battery l=99 v=4255 t=28.7 h=2 st=3 c=-854000 fc=6564000 cc=547 chg=
[  298.991062] healthd: battery l=99 v=4255 t=28.7 h=2 st=3 c=-854000 fc=6564000 cc=547 chg=
[  298.993401] healthd: battery l=99 v=4255 t=28.7 h=2 st=3 c=-854000 fc=6564000 cc=547 chg=
[  299.608795] init: Control message: Could not find 'android.hardware.keymaster@4.0::IKeymasterDevice/default' for ctl.interface_start from pid: 399 (/system/bin/hwservicemanager)
[  300.609642] init: Control message: Could not find 'android.hardware.keymaster@4.0::IKeymasterDevice/default' for ctl.interface_start from pid: 399 (/system/bin/hwservicemanager)
[  301.610522] init: Control message: Could not find 'android.hardware.keymaster@4.0::IKeymasterDevice/default' for ctl.interface_start from pid: 399 (/system/bin/hwservicemanager)
[  302.611401] init: Control message: Could not find 'android.hardware.keymaster@4.0::IKeymasterDevice/default' for ctl.interface_start from pid: 399 (/system/bin/hwservicemanager)
[  303.612304] init: Control message: Could not find 'android.hardware.keymaster@4.0::IKeymasterDevice/default' for ctl.interface_start from pid: 399 (/system/bin/hwservicemanager)
[  304.613159] init: Control message: Could not find 'android.hardware.keymaster@4.0::IKeymasterDevice/default' for ctl.interface_start from pid: 399 (/system/bin/hwservicemanager)
[  305.614031] init: Control message: Could not find 'android.hardware.keymaster@4.0::IKeymasterDevice/default' for ctl.interface_start from pid: 399 (/system/bin/hwservicemanager)
[  306.614908] init: Control message: Could not find 'android.hardware.keymaster@4.0::IKeymasterDevice/default' for ctl.interface_start from pid: 399 (/system/bin/hwservicemanager)
[  307.615781] init: Control message: Could not find 'android.hardware.keymaster@4.0::IKeymasterDevice/default' for ctl.interface_start from pid: 399 (/system/bin/hwservicemanager)
[  308.616698] init: Control message: Could not find 'android.hardware.keymaster@4.0::IKeymasterDevice/default' for ctl.interface_start from pid: 399 (/system/bin/hwservicemanager)
[  309.216052] wt_chg soc:qcom_wt_chg: wt_chg_main now = 309216 resume_time = 314216 
[  309.223799] wt_chg soc:qcom_wt_chg: wtchg_float_charge_type_check vbus_online=0 real_type=0 float_recheck_cnt=0
[  309.223807] wt_chg soc:qcom_wt_chg: batt_protected_mode=0 batt_protected_mode_disable_charge=0 batt_protected_mode_disable_suspend=0 
[  309.224079] chg_type: 0, vbus_online: 0, vbus_volt: 5000, chg_status: 2, batt_volt: 4255000, batt_current: -850000, temp: 287, health: 1, capacity: 99
[  309.224084] chg_temp: 317, usb_temp: 263, board_temp: 293, usb_online: 0, ac_online: 0, pd_active:0 typec_pr_role:3 
[  309.224286] TCPC-TCPC:bat_update_work_func battery update soc = 99
[  309.224290] TCPC-TCPC:bat_update_work_func Battery Discharging
[  309.227168] healthd: battery l=99 v=4255 t=28.7 h=2 st=3 c=-850000 fc=6564000 cc=547 chg=
[  309.229571] healthd: battery l=99 v=4255 t=28.7 h=2 st=3 c=-850000 fc=6564000 cc=547 chg=
[  309.231850] healthd: battery l=99 v=4255 t=28.7 h=2 st=3 c=-850000 fc=6564000 cc=547 chg=
[  309.617595] init: Control message: Could not find 'android.hardware.keymaster@4.0::IKeymasterDevice/default' for ctl.interface_start from pid: 399 (/system/bin/hwservicemanager)
[  310.618437] init: Control message: Could not find 'android.hardware.keymaster@4.0::IKeymasterDevice/default' for ctl.interface_start from pid: 399 (/system/bin/hwservicemanager)
[  311.619292] init: Control message: Could not find 'android.hardware.keymaster@4.0::IKeymasterDevice/default' for ctl.interface_start from pid: 399 (/system/bin/hwservicemanager)
[  312.620181] init: Control message: Could not find 'android.hardware.keymaster@4.0::IKeymasterDevice/default' for ctl.interface_start from pid: 399 (/system/bin/hwservicemanager)
[  313.621065] init: Control message: Could not find 'android.hardware.keymaster@4.0::IKeymasterDevice/default' for ctl.interface_start from pid: 399 (/system/bin/hwservicemanager)
[  314.621912] init: Control message: Could not find 'android.hardware.keymaster@4.0::IKeymasterDevice/default' for ctl.interface_start from pid: 399 (/system/bin/hwservicemanager)
[  315.622800] init: Control message: Could not find 'android.hardware.keymaster@4.0::IKeymasterDevice/default' for ctl.interface_start from pid: 399 (/system/bin/hwservicemanager)
[  316.384180] servloc: init_service_locator: init_service_locator: wait for locator service timed out
[  316.384203] servloc: pd_locator_work: Unable to connect to service locator!, rc = -62
[  316.384258] servloc: pd_locator_work: Unable to connect to service locator!, rc = -62
[  316.384265] audio_notifer_reg_service: service SSR_ADSP is in use
[  316.384279] servloc: pd_locator_work: Unable to connect to service locator!, rc = -62
[  316.384286] adsprpc: fastrpc_get_service_location_notify: PDR notifier locator for adsp is down for audio_pdr_adsprpc
[  316.384308] servloc: pd_locator_work: Unable to connect to service locator!, rc = -62
[  316.384312] adsprpc: fastrpc_get_service_location_notify: PDR notifier locator for adsp is down for sensors_pdr_adsprpc
[  316.384318] servloc: pd_locator_work: Unable to connect to service locator!, rc = -62
[  316.624346] init: Control message: Could not find 'android.hardware.keymaster@4.0::IKeymasterDevice/default' for ctl.interface_start from pid: 399 (/system/bin/hwservicemanager)
[  317.624565] init: Control message: Could not find 'android.hardware.keymaster@4.0::IKeymasterDevice/default' for ctl.interface_start from pid: 399 (/system/bin/hwservicemanager)
[  318.625292] init: Control message: Could not find 'android.hardware.keymaster@4.0::IKeymasterDevice/default' for ctl.interface_start from pid: 399 (/system/bin/hwservicemanager)
[  319.456052] wt_chg soc:qcom_wt_chg: wt_chg_main now = 319456 resume_time = 324456 
[  319.463881] wt_chg soc:qcom_wt_chg: wtchg_float_charge_type_check vbus_online=0 real_type=0 float_recheck_cnt=0
[  319.463889] wt_chg soc:qcom_wt_chg: batt_protected_mode=0 batt_protected_mode_disable_charge=0 batt_protected_mode_disable_suspend=0 
[  319.464143] chg_type: 0, vbus_online: 0, vbus_volt: 5000, chg_status: 2, batt_volt: 4253000, batt_current: -894000, temp: 287, health: 1, capacity: 99
[  319.464148] chg_temp: 317, usb_temp: 263, board_temp: 293, usb_online: 0, ac_online: 0, pd_active:0 typec_pr_role:3 
[  319.464352] TCPC-TCPC:bat_update_work_func battery update soc = 99
[  319.464373] TCPC-TCPC:bat_update_work_func Battery Discharging
[  319.468371] healthd: battery l=99 v=4253 t=28.7 h=2 st=3 c=-894000 fc=6564000 cc=547 chg=
[  319.470841] healthd: battery l=99 v=4253 t=28.7 h=2 st=3 c=-894000 fc=6564000 cc=547 chg=
[  319.473273] healthd: battery l=99 v=4253 t=28.7 h=2 st=3 c=-894000 fc=6564000 cc=547 chg=
[  319.626204] init: Control message: Could not find 'android.hardware.keymaster@4.0::IKeymasterDevice/default' for ctl.interface_start from pid: 399 (/system/bin/hwservicemanager)
[  320.627162] init: Control message: Could not find 'android.hardware.keymaster@4.0::IKeymasterDevice/default' for ctl.interface_start from pid: 399 (/system/bin/hwservicemanager)
[  321.629068] init: Control message: Could not find 'android.hardware.keymaster@4.0::IKeymasterDevice/default' for ctl.interface_start from pid: 399 (/system/bin/hwservicemanager)
[  322.630097] init: Control message: Could not find 'android.hardware.keymaster@4.0::IKeymasterDevice/default' for ctl.interface_start from pid: 399 (/system/bin/hwservicemanager)
[  323.630554] init: Control message: Could not find 'android.hardware.keymaster@4.0::IKeymasterDevice/default' for ctl.interface_start from pid: 399 (/system/bin/hwservicemanager)
[  324.631938] init: Control message: Could not find 'android.hardware.keymaster@4.0::IKeymasterDevice/default' for ctl.interface_start from pid: 399 (/system/bin/hwservicemanager)
[  325.632898] init: Control message: Could not find 'android.hardware.keymaster@4.0::IKeymasterDevice/default' for ctl.interface_start from pid: 399 (/system/bin/hwservicemanager)
[  326.195037] bl_scale = 1024, bl_scale_sv = 65535, bl_lvl = 2969
[  326.250911] bl_scale = 1024, bl_scale_sv = 65535, bl_lvl = 3013
[  326.300913] bl_scale = 1024, bl_scale_sv = 65535, bl_lvl = 3043
[  326.334248] bl_scale = 1024, bl_scale_sv = 65535, bl_lvl = 3087
[  326.367582] bl_scale = 1024, bl_scale_sv = 65535, bl_lvl = 3117
[  326.384248] bl_scale = 1024, bl_scale_sv = 65535, bl_lvl = 3235
[  326.400915] bl_scale = 1024, bl_scale_sv = 65535, bl_lvl = 3338
[  326.417588] bl_scale = 1024, bl_scale_sv = 65535, bl_lvl = 3427
[  326.434251] bl_scale = 1024, bl_scale_sv = 65535, bl_lvl = 3456
[  326.467588] bl_scale = 1024, bl_scale_sv = 65535, bl_lvl = 3501
[  326.534260] bl_scale = 1024, bl_scale_sv = 65535, bl_lvl = 3530
[  326.567576] bl_scale = 1024, bl_scale_sv = 65535, bl_lvl = 3574
[  326.617583] bl_scale = 1024, bl_scale_sv = 65535, bl_lvl = 3648
[  326.633713] init: Control message: Could not find 'android.hardware.keymaster@4.0::IKeymasterDevice/default' for ctl.interface_start from pid: 399 (/system/bin/hwservicemanager)
[  326.634253] bl_scale = 1024, bl_scale_sv = 65535, bl_lvl = 3722
[  326.650930] bl_scale = 1024, bl_scale_sv = 65535, bl_lvl = 3767
[  327.367648] bl_scale = 1024, bl_scale_sv = 65535, bl_lvl = 3678
[  327.384318] bl_scale = 1024, bl_scale_sv = 65535, bl_lvl = 3574
[  327.400983] bl_scale = 1024, bl_scale_sv = 65535, bl_lvl = 3501
[  327.450968] bl_scale = 1024, bl_scale_sv = 65535, bl_lvl = 3456
[  327.467658] bl_scale = 1024, bl_scale_sv = 65535, bl_lvl = 3382
[  327.484326] bl_scale = 1024, bl_scale_sv = 65535, bl_lvl = 3264
[  327.500992] bl_scale = 1024, bl_scale_sv = 65535, bl_lvl = 3117
[  327.517657] bl_scale = 1024, bl_scale_sv = 65535, bl_lvl = 3087
[  327.534327] bl_scale = 1024, bl_scale_sv = 65535, bl_lvl = 3013
[  327.600974] bl_scale = 1024, bl_scale_sv = 65535, bl_lvl = 2924
[  327.617656] bl_scale = 1024, bl_scale_sv = 65535, bl_lvl = 2821
[  327.634323] bl_scale = 1024, bl_scale_sv = 65535, bl_lvl = 2673
[  327.634656] init: Control message: Could not find 'android.hardware.keymaster@4.0::IKeymasterDevice/default' for ctl.interface_start from pid: 399 (/system/bin/hwservicemanager)
[  327.651003] bl_scale = 1024, bl_scale_sv = 65535, bl_lvl = 2511
[  327.667663] bl_scale = 1024, bl_scale_sv = 65535, bl_lvl = 2437
[  327.684337] bl_scale = 1024, bl_scale_sv = 65535, bl_lvl = 2407
[  327.767674] bl_scale = 1024, bl_scale_sv = 65535, bl_lvl = 2334
[  327.784345] bl_scale = 1024, bl_scale_sv = 65535, bl_lvl = 2260
[  327.801011] bl_scale = 1024, bl_scale_sv = 65535, bl_lvl = 2171
[  327.817684] bl_scale = 1024, bl_scale_sv = 65535, bl_lvl = 2068
[  327.867681] bl_scale = 1024, bl_scale_sv = 65535, bl_lvl = 1949
[  327.884350] bl_scale = 1024, bl_scale_sv = 65535, bl_lvl = 1920
[  327.901015] bl_scale = 1024, bl_scale_sv = 65535, bl_lvl = 1831
[  327.917685] bl_scale = 1024, bl_scale_sv = 65535, bl_lvl = 1802
[  327.934352] bl_scale = 1024, bl_scale_sv = 65535, bl_lvl = 1757
[  327.951023] bl_scale = 1024, bl_scale_sv = 65535, bl_lvl = 1728
[  328.034361] bl_scale = 1024, bl_scale_sv = 65535, bl_lvl = 1684
[  328.051022] bl_scale = 1024, bl_scale_sv = 65535, bl_lvl = 1610
[  328.067695] bl_scale = 1024, bl_scale_sv = 65535, bl_lvl = 1580
[  328.151031] bl_scale = 1024, bl_scale_sv = 65535, bl_lvl = 1536
[  328.201035] bl_scale = 1024, bl_scale_sv = 65535, bl_lvl = 1506
[  328.301025] bl_scale = 1024, bl_scale_sv = 65535, bl_lvl = 1462
[  328.334374] bl_scale = 1024, bl_scale_sv = 65535, bl_lvl = 1418
[  328.351048] bl_scale = 1024, bl_scale_sv = 65535, bl_lvl = 1388
[  328.401046] bl_scale = 1024, bl_scale_sv = 65535, bl_lvl = 1344
[  328.451045] bl_scale = 1024, bl_scale_sv = 65535, bl_lvl = 1314
[  328.467718] bl_scale = 1024, bl_scale_sv = 65535, bl_lvl = 1270
[  328.484382] bl_scale = 1024, bl_scale_sv = 65535, bl_lvl = 1240
[  328.635488] init: Control message: Could not find 'android.hardware.keymaster@4.0::IKeymasterDevice/default' for ctl.interface_start from pid: 399 (/system/bin/hwservicemanager)
[  328.901075] bl_scale = 1024, bl_scale_sv = 65535, bl_lvl = 1196
[  328.934412] bl_scale = 1024, bl_scale_sv = 65535, bl_lvl = 1167
[  328.967747] bl_scale = 1024, bl_scale_sv = 65535, bl_lvl = 1122
[  329.251095] bl_scale = 1024, bl_scale_sv = 65535, bl_lvl = 1078
[  329.267773] bl_scale = 1024, bl_scale_sv = 65535, bl_lvl = 1048
[  329.636370] init: Control message: Could not find 'android.hardware.keymaster@4.0::IKeymasterDevice/default' for ctl.interface_start from pid: 399 (/system/bin/hwservicemanager)
[  329.696054] wt_chg soc:qcom_wt_chg: wt_chg_main now = 329696 resume_time = 334696 
[  329.703867] wt_chg soc:qcom_wt_chg: wtchg_float_charge_type_check vbus_online=0 real_type=0 float_recheck_cnt=0
[  329.703874] wt_chg soc:qcom_wt_chg: batt_protected_mode=0 batt_protected_mode_disable_charge=0 batt_protected_mode_disable_suspend=0 
[  329.704127] chg_type: 0, vbus_online: 0, vbus_volt: 5000, chg_status: 2, batt_volt: 4269000, batt_current: -747000, temp: 287, health: 1, capacity: 99
[  329.704133] chg_temp: 317, usb_temp: 263, board_temp: 293, usb_online: 0, ac_online: 0, pd_active:0 typec_pr_role:3 
[  329.704338] TCPC-TCPC:bat_update_work_func battery update soc = 99
[  329.704360] TCPC-TCPC:bat_update_work_func Battery Discharging
[  329.708897] healthd: battery l=99 v=4269 t=28.7 h=2 st=3 c=-747000 fc=6564000 cc=547 chg=
[  329.711277] healthd: battery l=99 v=4269 t=28.7 h=2 st=3 c=-747000 fc=6564000 cc=547 chg=
[  329.713614] healthd: battery l=99 v=4269 t=28.7 h=2 st=3 c=-747000 fc=6564000 cc=547 chg=
[  330.115049] bl_scale = 1024, bl_scale_sv = 65535, bl_lvl = 1048
[  330.637304] init: Control message: Could not find 'android.hardware.keymaster@4.0::IKeymasterDevice/default' for ctl.interface_start from pid: 399 (/system/bin/hwservicemanager)
[  331.638117] init: Control message: Could not find 'android.hardware.keymaster@4.0::IKeymasterDevice/default' for ctl.interface_start from pid: 399 (/system/bin/hwservicemanager)
[  332.639111] init: Control message: Could not find 'android.hardware.keymaster@4.0::IKeymasterDevice/default' for ctl.interface_start from pid: 399 (/system/bin/hwservicemanager)
[  333.640072] init: Control message: Could not find 'android.hardware.keymaster@4.0::IKeymasterDevice/default' for ctl.interface_start from pid: 399 (/system/bin/hwservicemanager)
[  334.640984] init: Control message: Could not find 'android.hardware.keymaster@4.0::IKeymasterDevice/default' for ctl.interface_start from pid: 399 (/system/bin/hwservicemanager)
[  335.641952] init: Control message: Could not find 'android.hardware.keymaster@4.0::IKeymasterDevice/default' for ctl.interface_start from pid: 399 (/system/bin/hwservicemanager)
[  336.642781] init: Control message: Could not find 'android.hardware.keymaster@4.0::IKeymasterDevice/default' for ctl.interface_start from pid: 399 (/system/bin/hwservicemanager)
[  337.643711] init: Control message: Could not find 'android.hardware.keymaster@4.0::IKeymasterDevice/default' for ctl.interface_start from pid: 399 (/system/bin/hwservicemanager)
[  338.644688] init: Control message: Could not find 'android.hardware.keymaster@4.0::IKeymasterDevice/default' for ctl.interface_start from pid: 399 (/system/bin/hwservicemanager)
[  339.645492] init: Control message: Could not find 'android.hardware.keymaster@4.0::IKeymasterDevice/default' for ctl.interface_start from pid: 399 (/system/bin/hwservicemanager)
[  339.936057] wt_chg soc:qcom_wt_chg: wt_chg_main now = 339936 resume_time = 344936 
[  339.943965] wt_chg soc:qcom_wt_chg: wtchg_float_charge_type_check vbus_online=0 real_type=0 float_recheck_cnt=0
[  339.943973] wt_chg soc:qcom_wt_chg: batt_protected_mode=0 batt_protected_mode_disable_charge=0 batt_protected_mode_disable_suspend=0 
[  339.944213] chg_type: 0, vbus_online: 0, vbus_volt: 5000, chg_status: 2, batt_volt: 4276000, batt_current: -543000, temp: 288, health: 1, capacity: 99
[  339.944218] chg_temp: 317, usb_temp: 263, board_temp: 293, usb_online: 0, ac_online: 0, pd_active:0 typec_pr_role:3 
[  339.944420] TCPC-TCPC:bat_update_work_func battery update soc = 99
[  339.944424] TCPC-TCPC:bat_update_work_func Battery Discharging
[  339.948835] healthd: battery l=99 v=4276 t=28.8 h=2 st=3 c=-543000 fc=6564000 cc=547 chg=
[  339.951329] healthd: battery l=99 v=4276 t=28.8 h=2 st=3 c=-543000 fc=6564000 cc=547 chg=
[  339.953707] healthd: battery l=99 v=4276 t=28.8 h=2 st=3 c=-543000 fc=6564000 cc=547 chg=
[  340.646410] init: Control message: Could not find 'android.hardware.keymaster@4.0::IKeymasterDevice/default' for ctl.interface_start from pid: 399 (/system/bin/hwservicemanager)
[  341.647303] init: Control message: Could not find 'android.hardware.keymaster@4.0::IKeymasterDevice/default' for ctl.interface_start from pid: 399 (/system/bin/hwservicemanager)
[  342.648158] init: Control message: Could not find 'android.hardware.keymaster@4.0::IKeymasterDevice/default' for ctl.interface_start from pid: 399 (/system/bin/hwservicemanager)
[  343.649028] init: Control message: Could not find 'android.hardware.keymaster@4.0::IKeymasterDevice/default' for ctl.interface_start from pid: 399 (/system/bin/hwservicemanager)
[  344.649742] init: Control message: Could not find 'android.hardware.keymaster@4.0::IKeymasterDevice/default' for ctl.interface_start from pid: 399 (/system/bin/hwservicemanager)
[  345.650561] init: Control message: Could not find 'android.hardware.keymaster@4.0::IKeymasterDevice/default' for ctl.interface_start from pid: 399 (/system/bin/hwservicemanager)
[  346.651300] init: Control message: Could not find 'android.hardware.keymaster@4.0::IKeymasterDevice/default' for ctl.interface_start from pid: 399 (/system/bin/hwservicemanager)
[  347.652697] init: Control message: Could not find 'android.hardware.keymaster@4.0::IKeymasterDevice/default' for ctl.interface_start from pid: 399 (/system/bin/hwservicemanager)
[  348.653400] init: Control message: Could not find 'android.hardware.keymaster@4.0::IKeymasterDevice/default' for ctl.interface_start from pid: 399 (/system/bin/hwservicemanager)
[  349.654684] init: Control message: Could not find 'android.hardware.keymaster@4.0::IKeymasterDevice/default' for ctl.interface_start from pid: 399 (/system/bin/hwservicemanager)
[  350.176062] wt_chg soc:qcom_wt_chg: wt_chg_main now = 350176 resume_time = 355176 
[  350.183863] wt_chg soc:qcom_wt_chg: wtchg_float_charge_type_check vbus_online=0 real_type=0 float_recheck_cnt=0
[  350.183871] wt_chg soc:qcom_wt_chg: batt_protected_mode=0 batt_protected_mode_disable_charge=0 batt_protected_mode_disable_suspend=0 
[  350.184132] chg_type: 0, vbus_online: 0, vbus_volt: 5000, chg_status: 2, batt_volt: 4275000, batt_current: -556000, temp: 288, health: 1, capacity: 99
[  350.184138] chg_temp: 317, usb_temp: 263, board_temp: 293, usb_online: 0, ac_online: 0, pd_active:0 typec_pr_role:3 
[  350.184422] TCPC-TCPC:bat_update_work_func battery update soc = 99
[  350.184444] TCPC-TCPC:bat_update_work_func Battery Discharging
[  350.188791] healthd: battery l=99 v=4275 t=28.8 h=2 st=3 c=-556000 fc=6564000 cc=547 chg=
[  350.191140] healthd: battery l=99 v=4275 t=28.8 h=2 st=3 c=-556000 fc=6564000 cc=547 chg=
[  350.193472] healthd: battery l=99 v=4275 t=28.8 h=2 st=3 c=-556000 fc=6564000 cc=547 chg=
[  350.655571] init: Control message: Could not find 'android.hardware.keymaster@4.0::IKeymasterDevice/default' for ctl.interface_start from pid: 399 (/system/bin/hwservicemanager)
[  351.656606] init: Control message: Could not find 'android.hardware.keymaster@4.0::IKeymasterDevice/default' for ctl.interface_start from pid: 399 (/system/bin/hwservicemanager)
[  352.657554] init: Control message: Could not find 'android.hardware.keymaster@4.0::IKeymasterDevice/default' for ctl.interface_start from pid: 399 (/system/bin/hwservicemanager)
[  353.658389] init: Control message: Could not find 'android.hardware.keymaster@4.0::IKeymasterDevice/default' for ctl.interface_start from pid: 399 (/system/bin/hwservicemanager)
[  354.659260] init: Control message: Could not find 'android.hardware.keymaster@4.0::IKeymasterDevice/default' for ctl.interface_start from pid: 399 (/system/bin/hwservicemanager)
[  355.660259] init: Control message: Could not find 'android.hardware.keymaster@4.0::IKeymasterDevice/default' for ctl.interface_start from pid: 399 (/system/bin/hwservicemanager)
[  356.661086] init: Control message: Could not find 'android.hardware.keymaster@4.0::IKeymasterDevice/default' for ctl.interface_start from pid: 399 (/system/bin/hwservicemanager)
[  357.662028] init: Control message: Could not find 'android.hardware.keymaster@4.0::IKeymasterDevice/default' for ctl.interface_start from pid: 399 (/system/bin/hwservicemanager)
[  358.662903] init: Control message: Could not find 'android.hardware.keymaster@4.0::IKeymasterDevice/default' for ctl.interface_start from pid: 399 (/system/bin/hwservicemanager)
[  359.663776] init: Control message: Could not find 'android.hardware.keymaster@4.0::IKeymasterDevice/default' for ctl.interface_start from pid: 399 (/system/bin/hwservicemanager)
[  360.416053] wt_chg soc:qcom_wt_chg: wt_chg_main now = 360416 resume_time = 365416 
[  360.424006] wt_chg soc:qcom_wt_chg: wtchg_float_charge_type_check vbus_online=0 real_type=0 float_recheck_cnt=0
[  360.424037] wt_chg soc:qcom_wt_chg: batt_protected_mode=0 batt_protected_mode_disable_charge=0 batt_protected_mode_disable_suspend=0 
[  360.424275] chg_type: 0, vbus_online: 0, vbus_volt: 5000, chg_status: 2, batt_volt: 4273000, batt_current: -559000, temp: 287, health: 1, capacity: 99
[  360.424281] chg_temp: 317, usb_temp: 263, board_temp: 293, usb_online: 0, ac_online: 0, pd_active:0 typec_pr_role:3 
[  360.424482] TCPC-TCPC:bat_update_work_func battery update soc = 99
[  360.424486] TCPC-TCPC:bat_update_work_func Battery Discharging
[  360.427432] healthd: battery l=99 v=4273 t=28.7 h=2 st=3 c=-559000 fc=6564000 cc=547 chg=
[  360.429878] healthd: battery l=99 v=4273 t=28.7 h=2 st=3 c=-559000 fc=6564000 cc=547 chg=
[  360.432512] healthd: battery l=99 v=4273 t=28.7 h=2 st=3 c=-559000 fc=6564000 cc=547 chg=
[  360.664686] init: Control message: Could not find 'android.hardware.keymaster@4.0::IKeymasterDevice/default' for ctl.interface_start from pid: 399 (/system/bin/hwservicemanager)
[  361.665638] init: Control message: Could not find 'android.hardware.keymaster@4.0::IKeymasterDevice/default' for ctl.interface_start from pid: 399 (/system/bin/hwservicemanager)
[  362.666534] init: Control message: Could not find 'android.hardware.keymaster@4.0::IKeymasterDevice/default' for ctl.interface_start from pid: 399 (/system/bin/hwservicemanager)
[  363.667447] init: Control message: Could not find 'android.hardware.keymaster@4.0::IKeymasterDevice/default' for ctl.interface_start from pid: 399 (/system/bin/hwservicemanager)
[  364.668406] init: Control message: Could not find 'android.hardware.keymaster@4.0::IKeymasterDevice/default' for ctl.interface_start from pid: 399 (/system/bin/hwservicemanager)
[  365.669294] init: Control message: Could not find 'android.hardware.keymaster@4.0::IKeymasterDevice/default' for ctl.interface_start from pid: 399 (/system/bin/hwservicemanager)
[  366.670190] init: Control message: Could not find 'android.hardware.keymaster@4.0::IKeymasterDevice/default' for ctl.interface_start from pid: 399 (/system/bin/hwservicemanager)
