--------- beginning of main
01-01 07:52:12.710   404   404 D hw-ProcessState: Binder ioctl to enable oneway spam detection failed: Invalid argument
01-01 07:52:12.710   401   401 D ProcessState: Binder ioctl to enable oneway spam detection failed: Invalid argument
01-01 07:52:12.711   401   401 I SELinux : SELinux: Loaded service_contexts from:
01-01 07:52:12.711   401   401 I SELinux :     /vendor/etc/selinux/vndservice_contexts
01-01 07:52:12.711   400   400 D ProcessState: Binder ioctl to enable oneway spam detection failed: Invalid argument
01-01 07:52:12.712   401   401 E SELinux : avc:  denied  { add } for pid=401 uid=0 name=manager scontext=u:r:recovery:s0 tcontext=u:object_r:service_manager_vndservice:s0 tclass=service_manager permissive=1
01-01 07:52:12.714   400   400 I SELinux : SELinux: Loaded service_contexts from:
01-01 07:52:12.714   400   400 I SELinux :     /system/etc/selinux/plat_service_contexts
01-01 07:52:12.733   399   399 D hw-ProcessState: Binder ioctl to enable oneway spam detection failed: Invalid argument
--------- beginning of kernel
01-01 07:52:10.432     0     0 I         : Booting Linux on physical CPU 0x0000000000 [0x51af8014]
01-01 07:52:10.432     0     0 I         : Linux version 4.19.292-Grass-perf (Royna@GrassLand) (Neutron clang version 18.0.0 (https://github.com/llvm/llvm-project.git a3da6284c23affdd9092b2641017e99d85c2d89b), Neutron LLD 18.0.0) #1 SMP PREEMPT Sat Sep 2 06:49:22 UTC 2023
01-01 07:52:10.432     0     0 I random  : crng init done
01-01 07:52:10.432     0     0 I Machine model: Qualcomm Technologies, Inc. KHAJE IDP nopmi
01-01 07:52:10.432     0     0 E OF      : reserved mem: OVERLAP DETECTED!
01-01 07:52:10.432     0     0 E         : disp_rdump_region@5c000000 (0x000000005c000000--0x000000005cf00000) overlaps with cont_splash_region@5c000000 (0x000000005c000000--0x000000005cf00000)
01-01 07:52:10.432     0     0 I Reserved memory: created CMA memory pool at 0x00000000ff400000, size 8 MiB
01-01 07:52:10.432     0     0 I OF      : reserved mem: initialized node adsp_region, compatible id shared-dma-pool
01-01 07:52:10.432     0     0 I Reserved memory: created CMA memory pool at 0x00000000fe400000, size 16 MiB
01-01 07:52:12.734   399   399 E SELinux : avc:  denied  { add } for interface=android.hidl.base::IBase sid=u:r:recovery:s0 pid=399 scontext=u:r:recovery:s0 tcontext=u:object_r:hidl_base_hwservice:s0 tclass=hwservice_manager permissive=1
01-01 07:52:10.432     0     0 I OF      : reserved mem: initialized node qseecom_ta_region, compatible id shared-dma-pool
01-01 07:52:10.432     0     0 I Reserved memory: created CMA memory pool at 0x00000000fc400000, size 32 MiB
01-01 07:52:10.432     0     0 I OF      : reserved mem: initialized node linux,cma, compatible id shared-dma-pool
01-01 07:52:10.432     0     0 I Reserved memory: created CMA memory pool at 0x00000000fb400000, size 16 MiB
01-01 07:52:10.432     0     0 I OF      : reserved mem: initialized node user_contig_region, compatible id shared-dma-pool
01-01 07:52:12.734   399   399 E SELinux : avc:  denied  { add } for interface=android.hidl.manager::IServiceManager sid=u:r:recovery:s0 pid=399 scontext=u:r:recovery:s0 tcontext=u:object_r:hidl_manager_hwservice:s0 tclass=hwservice_manager permissive=1
01-01 07:52:10.432     0     0 I Reserved memory: created CMA memory pool at 0x00000000f5800000, size 92 MiB
01-01 07:52:10.432     0     0 I OF      : reserved mem: initialized node secure_display_region, compatible id shared-dma-pool
01-01 07:52:12.734   399   399 I hwservicemanager: getFrameworkHalManifest: Reading VINTF information.
01-01 07:52:10.432     0     0 I Reserved memory: created CMA memory pool at 0x00000000f5000000, size 8 MiB
01-01 07:52:12.735   399   399 I hwservicemanager: getDeviceHalManifest: Reading VINTF information.
01-01 07:52:12.735   399   399 I hwservicemanager: getDeviceHalManifest: Successfully processed VINTF information
01-01 07:52:12.735   399   399 I hwservicemanager: getFrameworkHalManifest: Successfully processed VINTF information
01-01 07:52:12.735   399   399 E SELinux : avc:  denied  { add } for interface=android.hidl.token::ITokenManager sid=u:r:recovery:s0 pid=399 scontext=u:r:recovery:s0 tcontext=u:object_r:hidl_token_hwservice:s0 tclass=hwservice_manager permissive=1
01-01 07:52:12.735   399   399 I hwservicemanager: getTransport: Cannot find entry android.hidl.token@1.0::ITokenManager/default in either framework or device VINTF manifest.
01-01 07:52:10.432     0     0 I OF      : reserved mem: initialized node mem_dump_region, compatible id shared-dma-pool
01-01 07:52:12.736   399   399 I hwservicemanager: hwservicemanager is ready now.
01-01 07:52:10.432     0     0 I Reserved memory: created CMA memory pool at 0x00000000f3c00000, size 20 MiB
01-01 07:52:12.736   406   406 D hw-ProcessState: Binder ioctl to enable oneway spam detection failed: Invalid argument
01-01 07:52:10.432     0     0 I OF      : reserved mem: initialized node qseecom_region, compatible id shared-dma-pool
01-01 07:52:12.736   404   404 E cutils-trace: Error opening trace file: No such file or directory (2)
01-01 07:52:10.432     0     0 I Removed memory: created DMA memory pool at 0x0000000045700000, size 6 MiB
01-01 07:52:10.432     0     0 I OF      : reserved mem: initialized node hyp_region@45700000, compatible id removed-dma-pool
01-01 07:52:10.432     0     0 I Removed memory: created DMA memory pool at 0x0000000045e00000, size 1 MiB
01-01 07:52:10.432     0     0 I OF      : reserved mem: initialized node xbl_aop_region@45e00000, compatible id removed-dma-pool
01-01 07:52:10.432     0     0 I Removed memory: created DMA memory pool at 0x0000000045fff000, size 0 MiB
01-01 07:52:10.432     0     0 I OF      : reserved mem: initialized node sec_apps_region@45fff000, compatible id removed-dma-pool
01-01 07:52:10.432     0     0 I Removed memory: created DMA memory pool at 0x0000000046000000, size 2 MiB
01-01 07:52:10.432     0     0 I OF      : reserved mem: initialized node smem_region@46000000, compatible id removed-dma-pool
01-01 07:52:10.432     0     0 I Removed memory: created DMA memory pool at 0x0000000046200000, size 30 MiB
01-01 07:52:10.432     0     0 I OF      : reserved mem: initialized node cdsp_sec_regions@46200000, compatible id removed-dma-pool
01-01 07:52:10.432     0     0 I Removed memory: created DMA memory pool at 0x000000004ab00000, size 105 MiB
01-01 07:52:10.432     0     0 I OF      : reserved mem: initialized node modem_region@4ab00000, compatible id removed-dma-pool
01-01 07:52:10.432     0     0 I Removed memory: created DMA memory pool at 0x0000000051400000, size 5 MiB
01-01 07:52:10.432     0     0 I OF      : reserved mem: initialized node pil_video_region@51400000, compatible id removed-dma-pool
01-01 07:52:10.432     0     0 I Removed memory: created DMA memory pool at 0x0000000051900000, size 1 MiB
01-01 07:52:10.432     0     0 I OF      : reserved mem: initialized node wlan_msa_region@51900000, compatible id removed-dma-pool
01-01 07:52:10.432     0     0 I Removed memory: created DMA memory pool at 0x0000000051a00000, size 30 MiB
01-01 07:52:10.432     0     0 I OF      : reserved mem: initialized node cdsp_regions@51a00000, compatible id removed-dma-pool
01-01 07:52:10.432     0     0 I Removed memory: created DMA memory pool at 0x0000000053800000, size 30 MiB
01-01 07:52:10.432     0     0 I OF      : reserved mem: initialized node pil_adsp_region@53800000, compatible id removed-dma-pool
01-01 07:52:10.432     0     0 I Removed memory: created DMA memory pool at 0x0000000055600000, size 0 MiB
01-01 07:52:10.432     0     0 I OF      : reserved mem: initialized node ipa_fw_region@55600000, compatible id removed-dma-pool
01-01 07:52:10.432     0     0 I Removed memory: created DMA memory pool at 0x0000000055610000, size 0 MiB
01-01 07:52:10.432     0     0 I OF      : reserved mem: initialized node ipa_gsi_region@55610000, compatible id removed-dma-pool
01-01 07:52:10.432     0     0 I Removed memory: created DMA memory pool at 0x0000000055615000, size 0 MiB
01-01 07:52:10.432     0     0 I OF      : reserved mem: initialized node gpu_region@55615000, compatible id removed-dma-pool
01-01 07:52:10.432     0     0 I Removed memory: created DMA memory pool at 0x0000000060000000, size 57 MiB
01-01 07:52:10.432     0     0 I OF      : reserved mem: initialized node removed_region@60000000, compatible id removed-dma-pool
01-01 07:52:10.432     0     0 I Removed memory: created DMA memory pool at 0x0000000064000000, size 1 MiB
01-01 07:52:10.432     0     0 I OF      : reserved mem: initialized node pstore_region@64000000, compatible id removed-dma-pool
01-01 07:52:10.432     0     0 D         : On node 0 totalpages: 1490856
01-01 07:52:10.432     0     0 D Normal zone: 24576 pages used for memmap
01-01 07:52:12.736   406   406 E cutils-trace: Error opening trace file: No such file or directory (2)
01-01 07:52:10.432     0     0 D Normal zone: 0 pages reserved
01-01 07:52:12.736   399   399 E cutils-trace: Error opening trace file: No such file or directory (2)
01-01 07:52:10.432     0     0 D Normal zone: 1490856 pages, LIFO batch:63
01-01 07:52:12.736   399   399 I hwservicemanager: getTransport: Cannot find entry android.hardware.boot@1.0::IBootControl/default in either framework or device VINTF manifest.
01-01 07:52:10.432     0     0 I psci    : probing for conduit method from DT.
01-01 07:52:12.736   404   404 E HidlServiceManagement: getService: Potential race detected. The VINTF manifest is not being enforced. If a HAL server has a delay in starting and it is not in the manifest, it will not be retrieved. Please make sure all HALs on this device are in the VINTF manifest and enable PRODUCT_ENFORCE_VINTF_MANIFEST on this device (this is also enabled by PRODUCT_FULL_TREBLE). PRODUCT_ENFORCE_VINTF_MANIFEST will ensure that no race condition is possible here.
01-01 07:52:10.432     0     0 I psci    : PSCIv1.0 detected in firmware.
01-01 07:52:12.737   399   399 E SELinux : avc:  denied  { find } for interface=android.hardware.health::IHealth sid=u:r:recovery:s0 pid=406 scontext=u:r:recovery:s0 tcontext=u:object_r:hal_health_hwservice:s0 tclass=hwservice_manager permissive=1
01-01 07:52:10.432     0     0 I psci    : Using standard PSCI v0.2 function IDs
01-01 07:52:10.432     0     0 I psci    : MIGRATE_INFO_TYPE not supported.
01-01 07:52:12.737   399   399 I hwservicemanager: getTransport: Cannot find entry android.hardware.health@2.0::IHealth/default in either framework or device VINTF manifest.
01-01 07:52:10.432     0     0 I psci    : SMC Calling Convention v1.1
01-01 07:52:12.737   406   406 E HidlServiceManagement: getService: Potential race detected. The VINTF manifest is not being enforced. If a HAL server has a delay in starting and it is not in the manifest, it will not be retrieved. Please make sure all HALs on this device are in the VINTF manifest and enable PRODUCT_ENFORCE_VINTF_MANIFEST on this device (this is also enabled by PRODUCT_FULL_TREBLE). PRODUCT_ENFORCE_VINTF_MANIFEST will ensure that no race condition is possible here.
01-01 07:52:10.432     0     0 I percpu  : Embedded 25 pages/cpu s63064 r8192 d31144 u102400
01-01 07:52:10.432     0     0 D pcpu-alloc: s63064 r8192 d31144 u102400 alloc=25*4096
01-01 07:52:10.432     0     0 D pcpu-alloc: [0] 0 [0] 1 [0] 2 [0] 3 [0] 4 [0] 5 [0] 6 [0] 7
01-01 07:52:10.432     0     0 I         : Detected VIPT I-cache on CPU0
01-01 07:52:10.432     0     0 I CPU features: enabling workaround for ARM erratum 845719
01-01 07:52:10.432     0     0 I CPU features: kernel page table isolation disabled by kernel configuration
01-01 07:52:10.432     0     0 I         : Built 1 zonelists, mobility grouping on.  Total pages: 1466280
01-01 07:52:10.432     0     0 I         : Kernel command line:  rcupdate.rcu_expedited=1 rcu_nocbs=0-7 kpti=off androidboot.hardware=qcom androidboot.memcg=1 lpm_levels.sleep_disabled=1 msm_rtb.filter=0x237 service_locator.enable=1 swiotlb=2048 androidboot.selinux=permissive androidboot.usbcontroller=4e00000.dwc3 androidboot.console=ttyMSM0 loop.max_part=7 buildvariant=eng androidboot.wt_rollback_version=0 androidboot.verifiedbootstate=orange androidboot.keymaster=1 androidboot.nv_region=PRC androidboot.bootdevice=4804000.ufshc androidboot.fstab_suffix=default androidboot.boot_devices=soc/4804000.ufshc androidboot.serialno=HA1NL640 androidboot.zero_flag=0 androidboot.cteisn=0123456789ABCDE androidboot.countrycode=ECXX androidboot.pcbaserialno=01A2B3C4D5E6F7G8H9J0K1L androidboot.debug_flag=1 fastboot_enable=1 sd_update_enable=1 hard_reset_enable=1 androidboot.otgdis=0 androidboot.chargerdis=0 androidboot.recoverydis=0 androidboot.logoen=0 androidboot.baseband=msm msm_drm.dsi_display0=qcom,mdss_dsi_hx83102p_boe_2k_vid
01-01 07:52:10.432     0     0 I         : log_buf_len individual max cpu contribution: 131072 bytes
01-01 07:52:10.432     0     0 I         : log_buf_len total cpu_extra contributions: 917504 bytes
01-01 07:52:10.432     0     0 I         : log_buf_len min size: 131072 bytes
01-01 07:52:10.432     0     0 I log_buf_len: 1048576 bytes
01-01 07:52:10.432     0     0 I         : early log buf free: 123900(94%)
01-01 07:52:10.432     0     0 I         : Dentry cache hash table entries: 1048576 (order: 11, 8388608 bytes)
01-01 07:52:10.432     0     0 I         : Inode-cache hash table entries: 524288 (order: 10, 4194304 bytes)
01-01 07:52:10.432     0     0 I mem auto-init: stack:all(zero), heap alloc:on, heap free:off
01-01 07:52:10.432     0     0 I Memory  : 5566476K/5963424K available (23998K kernel code, 2730K rwdata, 8684K rodata, 1344K init, 4441K bss, 200340K reserved, 196608K cma-reserved)
01-01 07:52:10.432     0     0 I SLUB    : HWalign=64, Order=0-3, MinObjects=0, CPUs=8, Nodes=1
01-01 07:52:10.432     0     0 I rcu     : Preemptible hierarchical RCU implementation.
01-01 07:52:10.432     0     0 I rcu     : RCU dyntick-idle grace-period acceleration is enabled.
01-01 07:52:10.432     0     0 I         : All grace periods are expedited (rcu_expedited).
01-01 07:52:10.432     0     0 I         : Tasks RCU enabled.
01-01 07:52:10.432     0     0 I NR_IRQS : 64, nr_irqs: 64, preallocated irqs: 0
01-01 07:52:10.432     0     0 I GICv3   : Distributor has no Range Selector support
01-01 07:52:10.432     0     0 I GICv3   : no VLPI support, no direct LPI support
01-01 07:52:10.432     0     0 I rcu     : Offload RCU callbacks from CPUs: 0-7.
01-01 07:52:10.432     0     0 I arch_timer: CPU0: Trapping CNTVCT access
01-01 07:52:10.432     0     0 I arch_timer: cp15 and mmio timer(s) running at 19.20MHz (virt/virt).
01-01 07:52:10.432     0     0 I clocksource: arch_sys_counter: mask: 0xffffffffffffff max_cycles: 0x46d987e47, max_idle_ns: 440795202767 ns
01-01 07:52:10.432     0     0 I sched_clock: 56 bits at 19MHz, resolution 52ns, wraps every 4398046511078ns
01-01 07:52:10.432     0     0 I clocksource: Switched to clocksource arch_sys_counter
01-01 07:52:10.433     0     0 I         : Calibrating delay loop (skipped), value calculated using timer frequency.. 38.40 BogoMIPS (lpj=76800)
01-01 07:52:10.433     0     0 I pid_max : default: 32768 minimum: 301
01-01 07:52:10.433     0     0 I         : Security Framework initialized
01-01 07:52:10.433     0     0 I SELinux : Initializing.
01-01 07:52:10.434     0     0 I         : Mount-cache hash table entries: 16384 (order: 5, 131072 bytes)
01-01 07:52:10.434     0     0 I         : Mountpoint-cache hash table entries: 16384 (order: 5, 131072 bytes)
01-01 07:52:10.435     0     0 I         : ASID allocator initialised with 65536 entries
01-01 07:52:10.435     0     0 I rcu     : Hierarchical SRCU implementation.
01-01 07:52:10.437     0     0 E scm_call failed: func id 0x42001907, ret: -1, syscall returns: 0x0, 0x0, 0x0
01-01 07:52:10.437     0     0 E scm_mem_protection_init_do_qrks: SCM call failed
01-01 07:52:10.437     0     0 E scm_mem_protection_init: SCM call failed
01-01 07:52:10.438     0     0 W         : shmbridge is enabled
01-01 07:52:10.439     0     0 I smp     : Bringing up secondary CPUs ...
01-01 07:52:10.441     0     0 I         : Detected VIPT I-cache on CPU1
01-01 07:52:10.441     0     0 I arch_timer: CPU1: Trapping CNTVCT access
01-01 07:52:10.441     0     0 I CPU1    : Booted secondary processor 0x0000000001 [0x51af8014]
01-01 07:52:10.443     0     0 I         : Detected VIPT I-cache on CPU2
01-01 07:52:10.443     0     0 I arch_timer: CPU2: Trapping CNTVCT access
01-01 07:52:10.443     0     0 I CPU2    : Booted secondary processor 0x0000000002 [0x51af8014]
01-01 07:52:10.446     0     0 I         : Detected VIPT I-cache on CPU3
01-01 07:52:10.446     0     0 I arch_timer: CPU3: Trapping CNTVCT access
01-01 07:52:10.446     0     0 I CPU3    : Booted secondary processor 0x0000000003 [0x51af8014]
01-01 07:52:10.449     0     0 I CPU features: enabling workaround for ARM erratum 858921
01-01 07:52:10.449     0     0 I         : SSBD disabled by kernel configuration
01-01 07:52:10.449     0     0 I CPU features: enabling workaround for Speculative Store Bypass Disable
01-01 07:52:10.449     0     0 I CPU features: enabling workaround for Spectre-BHB
01-01 07:52:10.449     0     0 I         : Detected VIPT I-cache on CPU4
01-01 07:52:10.449     0     0 W CPU features: Unsupported CPU feature variation detected.
01-01 07:52:10.449     0     0 I arch_timer: Enabling local workaround for ARM erratum 858921
01-01 07:52:10.449     0     0 I arch_timer: CPU4: Trapping CNTVCT access
01-01 07:52:10.449     0     0 I CPU4    : Booted secondary processor 0x0000000100 [0x411fd090]
01-01 07:52:10.451     0     0 I         : Detected VIPT I-cache on CPU5
01-01 07:52:10.451     0     0 I arch_timer: Enabling local workaround for ARM erratum 858921
01-01 07:52:10.451     0     0 I arch_timer: CPU5: Trapping CNTVCT access
01-01 07:52:10.451     0     0 I CPU5    : Booted secondary processor 0x0000000101 [0x411fd090]
01-01 07:52:10.454     0     0 I         : Detected VIPT I-cache on CPU6
01-01 07:52:10.454     0     0 I arch_timer: Enabling local workaround for ARM erratum 858921
01-01 07:52:10.454     0     0 I arch_timer: CPU6: Trapping CNTVCT access
01-01 07:52:10.454     0     0 I CPU6    : Booted secondary processor 0x0000000102 [0x411fd090]
01-01 07:52:10.457     0     0 I         : Detected VIPT I-cache on CPU7
01-01 07:52:10.457     0     0 I arch_timer: Enabling local workaround for ARM erratum 858921
01-01 07:52:10.457     0     0 I arch_timer: CPU7: Trapping CNTVCT access
01-01 07:52:10.457     0     0 I CPU7    : Booted secondary processor 0x0000000103 [0x411fd090]
01-01 07:52:10.457     0     0 I smp     : Brought up 1 node, 8 CPUs
01-01 07:52:10.457     0     0 I SMP     : Total of 8 processors activated.
01-01 07:52:10.457     0     0 I CPU features: detected: GIC system register CPU interface
01-01 07:52:10.457     0     0 I CPU features: detected: 32-bit EL0 Support
01-01 07:52:10.458     0     0 I CPU features: emulated: Privileged Access Never (PAN) using TTBR0_EL1 switching
01-01 07:52:10.458     0     0 I         : CPU: All CPU(s) started at EL1
01-01 07:52:10.458     0     0 I alternatives: patching kernel code
01-01 07:52:10.497     0     0 I         : Registered cp15_barrier emulation handler
01-01 07:52:10.497     0     0 I         : Registered setend emulation handler
01-01 07:52:10.497     0     0 I clocksource: jiffies: mask: 0xffffffff max_cycles: 0xffffffff, max_idle_ns: 7645041785100000 ns
01-01 07:52:10.497     0     0 I         : futex hash table entries: 2048 (order: 5, 131072 bytes)
01-01 07:52:10.508     0     0 I pinctrl core: initialized pinctrl subsystem
01-01 07:52:10.508     0     0 W regulator: Failed to create debugfs directory
01-01 07:52:10.509     0     0 I NET     : Registered protocol family 16
01-01 07:52:10.511     0     0 I schedtune: configured to support 6 boost groups
01-01 07:52:10.512     0     0 I cpuidle : using governor menu
01-01 07:52:10.512     0     0 I cpuidle : using governor qcom
01-01 07:52:10.513     0     0 I NET     : Registered protocol family 42
01-01 07:52:10.514     0     0 I hw-breakpoint: found 6 breakpoint and 4 watchpoint registers.
01-01 07:52:10.517     0     0 I DMA     : preallocated 256 KiB pool for atomic allocations
01-01 07:52:10.519     0     0 I DMA     : preallocated 256 KiB pool for atomic allocations
01-01 07:52:10.519     0     0 I exit    : IPA_USB init success!
01-01 07:52:10.542     0     0 I platform 61800000.qseecom: assigned reserved memory node qseecom_region
01-01 07:52:10.546     0     0 I platform ab00000.qcom,lpass: assigned reserved memory node pil_adsp_region@53800000
01-01 07:52:10.546     0     0 I platform b300000.qcom,turing: assigned reserved memory node cdsp_regions@51a00000
01-01 07:52:10.547     0     0 I platform soc: mem_dump: assigned reserved memory node mem_dump_region
01-01 07:52:10.551     0     0 I platform soc: qcom,smem: assigned reserved memory node smem_region@46000000
01-01 07:52:10.551     0     0 I platform soc: qcom,msm-adsprpc-mem: assigned reserved memory node adsp_region
01-01 07:52:10.555     0     0 I platform 5ab0000.qcom,venus: assigned reserved memory node pil_video_region@51400000
01-01 07:52:10.556     0     0 I platform 6080000.qcom,mss: assigned reserved memory node modem_region@4ab00000
01-01 07:52:10.558     0     0 I platform soc: qcom,ipa_fws: assigned reserved memory node ipa_fw_region@55600000
01-01 07:52:10.634     0     0 E msm-dcc 1be2000.dcc_v2: DCC list passed 2
01-01 07:52:10.635     0     0 I msm-dcc 1be2000.dcc_v2: All values written to enable.
01-01 07:52:10.636     0     0 E msm-dcc 1be2000.dcc_v2: DCC list passed 3
01-01 07:52:10.640     0     0 I msm-dcc 1be2000.dcc_v2: All values written to enable.
01-01 07:52:10.643     0     0 E         : Unable to find DT property: qcom,msm-imem-download_mode
01-01 07:52:10.644     0     0 E         : Unable to find DT property: qcom,msm-imem-emergency_download_mode
01-01 07:52:10.646     0     0 I msm_watchdog f017000.qcom,wdt: wdog absent resource not present
01-01 07:52:10.647     0     0 I msm_watchdog f017000.qcom,wdt: MSM Watchdog Initialized
01-01 07:52:10.653     0     0 I         : MSM Memory Dump base table set up
01-01 07:52:10.653     0     0 I         : MSM Memory Dump apps data table set up
01-01 07:52:10.656     0     0 E qcom_glink_rpm soc: rpm-glink: failed to register early notif -22
01-01 07:52:10.656     0     0 I qcom_smd_rpm_probe: RPM-SMD running version 0
01-01 07:52:10.657     0     0 I sps     : sps is ready.
01-01 07:52:10.658     0     0 I spmi-0  : PMIC arbiter version v5 (0x50010000)
01-01 07:52:10.712     0     0 I KPI     : Bootloader start count = 81664
01-01 07:52:10.712     0     0 I KPI     : Bootloader end count = 1132195
01-01 07:52:10.712     0     0 I KPI     : Bootloader display count = 1355356125
01-01 07:52:10.712     0     0 I KPI     : Bootloader load kernel count = 2700799901
01-01 07:52:10.712     0     0 I KPI     : Kernel MPM timestamp = 1149324
01-01 07:52:10.712     0     0 I KPI     : Kernel MPM Clock frequency = 32768
01-01 07:52:10.712     0     0 I socinfo_print: v0.15, id=518, ver=1.0, raw_id=440, raw_ver=0, hw_plat=34, hw_plat_ver=65536
01-01 07:52:10.712     0     0 I         : accessory_chip=0, hw_plat_subtype=0, pmic_model=65581, pmic_die_revision=65537 foundry_id=1 serial_number=2393905119 num_pmics=1 chip_family=0x7e raw_device_family=0x9 raw_device_number=0x7 nproduct_id=0x43a num_clusters=0x0 ncluster_array_offset=0xb0 num_subset_parts=0xc nsubset_parts_array_offset=0xb0 nmodem_supported=0xff
01-01 07:52:10.715     0     0 E arm-smmu 59a0000.kgsl-smmu: Couldn't get clock: gcc_gpu_memnoc_gfx
01-01 07:52:10.717     0     0 E AXI     : msm_bus_scale_register_client(): msm_bus_scale_register_client: Bus driver not ready.
01-01 07:52:10.717     0     0 E arm-smmu c600000.apps-smmu: Bus client registration failed
01-01 07:52:10.718     0     0 E         : Error: Driver 'arm-smmu' is already registered, aborting...
01-01 07:52:10.718     0     0 I         : SCSI subsystem initialized
01-01 07:52:10.719     0     0 I usbcore : registered new interface driver usbfs
01-01 07:52:10.719     0     0 I usbcore : registered new interface driver hub
01-01 07:52:10.719     0     0 I usbcore : registered new device driver usb
01-01 07:52:10.719     0     0 W usb_phy_generic soc: usb_nop_phy: soc:usb_nop_phy supply vcc not found, using dummy regulator
01-01 07:52:10.719     0     0 I usb_phy_generic soc: usb_nop_phy: Linked as a consumer to regulator.0
01-01 07:52:10.720     0     0 I         : tcpc_class_init (2.0.16_G)
01-01 07:52:10.720     0     0 I         : SVDM supported mode [0]: name = DisplayPort, svid = 0xff01
01-01 07:52:10.720     0     0 I         : SVDM supported mode [1]: name = Direct Charge, svid = 0x29cf
01-01 07:52:10.720     0     0 I dpm_check_supported_modes: found "disorder"...
01-01 07:52:10.720     0     0 I         : TCPC class init OK
01-01 07:52:10.720     0     0 I         : Init Richtek RegMap 1.2.1_G
01-01 07:52:10.721     0     0 I qcom,qpnp-power-on 1c40000.qcom,spmi: qcom,pm6125@0:qcom,power-on@800: PMIC@SID0 Power-on reason: Triggered from Hard Reset and 'cold' boot
01-01 07:52:10.721     0     0 I qcom,qpnp-power-on 1c40000.qcom,spmi: qcom,pm6125@0:qcom,power-on@800: PMIC@SID0: Power-off reason: Triggered from PS_HOLD (PS_HOLD/MSM Controlled Shutdown)
01-01 07:52:10.721     0     0 I input   : qpnp_pon as /devices/platform/soc/1c40000.qcom,spmi/spmi-0/spmi0-00/1c40000.qcom,spmi:qcom,pm6125@0:qcom,power-on@800/input/input0
01-01 07:52:10.722     0     0 I media   : Linux media interface: v0.10
01-01 07:52:10.723     0     0 I videodev: Linux video capture interface: v2.00
01-01 07:52:10.738     0     0 E qcom-cpufreq-hw f521000.qcom,cpufreq-hw: CPUFreq resource init failed
01-01 07:52:10.741     0     0 I platform soc: qcom,ion:qcom,ion-heap@10: assigned reserved memory node secure_display_region
01-01 07:52:10.741     0     0 I platform soc: qcom,ion:qcom,ion-heap@26: assigned reserved memory node user_contig_region
01-01 07:52:10.741     0     0 I platform soc: qcom,ion:qcom,ion-heap@27: assigned reserved memory node qseecom_region
01-01 07:52:10.742     0     0 I platform soc: qcom,ion:qcom,ion-heap@19: assigned reserved memory node qseecom_ta_region
01-01 07:52:10.748     0     0 I         : ION heap system created
01-01 07:52:10.748     0     0 I         : ION heap secure_heap created
01-01 07:52:10.748     0     0 I         : ION heap secure_display created at 0x00000000f5800000 with size 5c00000
01-01 07:52:10.918     0     0 I platform soc: qcom,ion:qcom,ion-heap@14: ion_secure_carveout: creating heap@0x46200000, size 0x1e00000
01-01 07:52:10.918     0     0 I         : ION heap secure_carveout created
01-01 07:52:10.918     0     0 I         : ION heap user_contig created at 0x00000000fb400000 with size 1000000
01-01 07:52:10.918     0     0 I         : ION heap qsecom created at 0x00000000f3c00000 with size 1400000
01-01 07:52:10.918     0     0 I         : ION heap qsecom_ta created at 0x00000000fe400000 with size 1000000
01-01 07:52:10.921     0     0 I PMIC@SID0: PM6125 v1.1 options: 0, 0, 0, 0
01-01 07:52:10.925     0     0 I         : Advanced Linux Sound Architecture Driver Initialized.
01-01 07:52:10.926     0     0 I Bluetooth: Core ver 2.22
01-01 07:52:10.926     0     0 I NET     : Registered protocol family 31
01-01 07:52:10.926     0     0 I Bluetooth: HCI device and connection manager initialized
01-01 07:52:10.926     0     0 I Bluetooth: HCI socket layer initialized
01-01 07:52:10.926     0     0 I Bluetooth: L2CAP socket layer initialized
01-01 07:52:10.926     0     0 I Bluetooth: SCO socket layer initialized
01-01 07:52:10.937     0     0 I qcom-clk-smd-rpm soc: clock-controller: Registered RPM clocks
01-01 07:52:10.938     0     0 I pm6125_s3_level: Bringing 1uV into 16-16uV
01-01 07:52:10.939     0     0 I pm6125_s3_floor_level: Bringing 1uV into 16-16uV
01-01 07:52:10.939     0     0 I gpu_cx_gdsc: supplied by pm6125_s3_level
01-01 07:52:10.939     0     0 I gpu_gx_gdsc: supplied by pm6125_s3_level
01-01 07:52:10.939     0     0 I pm6125_s3_level_ao: Bringing 1uV into 16-16uV
01-01 07:52:10.941     0     0 I pm6125_s5_level: Bringing 1uV into 16-16uV
01-01 07:52:10.942     0     0 I pm6125_s5_floor_level: Bringing 1uV into 16-16uV
01-01 07:52:10.942     0     0 I pm6125_s5_level_ao: Bringing 1uV into 16-16uV
01-01 07:52:10.946     0     0 I pm6125_l2_level: Bringing 1uV into 16-16uV
01-01 07:52:10.947     0     0 I pm6125_l3_level: Bringing 1uV into 16-16uV
01-01 07:52:10.963     0     0 I disp_cc-khaje 5f00000.clock-controller: Linked as a consumer to regulator.14
01-01 07:52:10.963     0     0 I disp_cc-khaje 5f00000.clock-controller: Dropping the link to regulator.14
01-01 07:52:10.963     0     0 I gcc-khaje 1400000.clock-controller: Linked as a consumer to regulator.14
01-01 07:52:10.963     0     0 I gcc-khaje 1400000.clock-controller: Linked as a consumer to regulator.17
01-01 07:52:10.985     0     0 I gcc-khaje 1400000.clock-controller: Registered GCC clocks
01-01 07:52:10.985     0     0 I gpu_cc-khaje 5990000.clock-controller: Linked as a consumer to regulator.14
01-01 07:52:10.985     0     0 I gpu_cc-khaje 5990000.clock-controller: Linked as a consumer to regulator.17
01-01 07:52:10.988     0     0 I gpu_cc_gx_gfx3d_clk_src: set OPP pair(320000000 Hz: 64 uV) on 5900000.qcom,kgsl-3d0
01-01 07:52:10.989     0     0 I gpu_cc_gx_gfx3d_clk_src: set OPP pair(1260000000 Hz: 464 uV) on 5900000.qcom,kgsl-3d0
01-01 07:52:10.989     0     0 I gpu_cc-khaje 5990000.clock-controller: Registered GPU CC clocks
01-01 07:52:10.990     0     0 I arm-smmu 59a0000.kgsl-smmu: Linked as a consumer to regulator.12
01-01 07:52:10.990     0     0 I arm-smmu 59a0000.kgsl-smmu: non-coherent table walk
01-01 07:52:10.990     0     0 I arm-smmu 59a0000.kgsl-smmu: (IDR0.CTTW overridden by FW configuration)
01-01 07:52:10.990     0     0 I arm-smmu 59a0000.kgsl-smmu: stream matching with 4 register groups
01-01 07:52:10.995     0     0 E AXI     : msm_bus_scale_register_client(): msm_bus_scale_register_client: Bus driver not ready.
01-01 07:52:10.996     0     0 E arm-smmu c600000.apps-smmu: Bus client registration failed
01-01 07:52:10.998     0     0 I cpufreq : driver qcom-cpufreq-hw up and running
01-01 07:52:10.998     0     0 I disp_cc-khaje 5f00000.clock-controller: Linked as a consumer to regulator.14
01-01 07:52:10.999     0     0 I disp_cc-khaje 5f00000.clock-controller: Registered DISP CC clocks
01-01 07:52:10.999     0     0 E AXI     : msm_bus_scale_register_client(): msm_bus_scale_register_client: Bus driver not ready.
01-01 07:52:10.999     0     0 E arm-smmu c600000.apps-smmu: Bus client registration failed
01-01 07:52:10.999     0     0 I clocksource: Switched to clocksource arch_sys_counter
01-01 07:52:11.026     0     0 I VFS     : Disk quotas dquot_6.6.0
01-01 07:52:11.026     0     0 I VFS     : Dquot-cache hash table entries: 512 (order 0, 4096 bytes)
01-01 07:52:11.028     0     0 I khaje-debugcc soc: clock-controller@0: Registered debug measure clocks
01-01 07:52:11.028     0     0 E         : msm_bus_fabric_init_driver
01-01 07:52:11.031     0     0 E msm_bus_dev_init_qos: Skipping QOS init for 26
01-01 07:52:11.032     0     0 I msm_bus_device 1880000.ad-hoc-bus: Bus scaling driver probe successful
01-01 07:52:11.032     0     0 I mdss_pll_probe: MDSS pll label = MDSS DSI 0 PLL
01-01 07:52:11.033     0     0 I dsi_pll_clock_register_7nm: Registered DSI PLL ndx=0, clocks successfully
01-01 07:52:11.033     0     0 I NET     : Registered protocol family 2
01-01 07:52:11.034     0     0 I         : IP idents hash table entries: 131072 (order: 8, 1048576 bytes)
01-01 07:52:11.035     0     0 I         : tcp_listen_portaddr_hash hash table entries: 4096 (order: 4, 65536 bytes)
01-01 07:52:11.035     0     0 I         : TCP established hash table entries: 65536 (order: 7, 524288 bytes)
01-01 07:52:11.035     0     0 I         : TCP bind hash table entries: 65536 (order: 8, 1048576 bytes)
01-01 07:52:11.036     0     0 I TCP     : Hash tables configured (established 65536 bind 65536)
01-01 07:52:11.036     0     0 I         : UDP hash table entries: 4096 (order: 5, 131072 bytes)
01-01 07:52:11.036     0     0 I         : UDP-Lite hash table entries: 4096 (order: 5, 131072 bytes)
01-01 07:52:11.036     0     0 I NET     : Registered protocol family 1
01-01 07:52:11.036     0     0 I arm-smmu c600000.apps-smmu: non-coherent table walk
01-01 07:52:11.036     0     0 I arm-smmu c600000.apps-smmu: (IDR0.CTTW overridden by FW configuration)
01-01 07:52:11.036     0     0 I arm-smmu c600000.apps-smmu: stream matching with 50 register groups
01-01 07:52:11.037     0     0 I qsmmuv500-tbu c789000.mm_rt_tbu: Linked as a consumer to regulator.9
01-01 07:52:11.037     0     0 I qsmmuv500-tbu c78d000.mm_nrt_tbu: Linked as a consumer to regulator.10
01-01 07:52:11.037     0     0 I qsmmuv500-tbu c791000.cdsp_tbu: Linked as a consumer to regulator.8
01-01 07:52:11.037     0     0 I ipa soc : ipa_smmu_ap: Linked as a consumer to c600000.apps-smmu
01-01 07:52:11.040     0     0 I iommu   : Adding device soc:ipa_smmu_ap to group 0
01-01 07:52:11.040     0     0 E ipa     : get resource failed for ipa-hw-ver!
01-01 07:52:11.040     0     0 I ipa soc : ipa_smmu_wlan: Linked as a consumer to c600000.apps-smmu
01-01 07:52:11.040     0     0 I iommu   : Adding device soc:ipa_smmu_wlan to group 1
01-01 07:52:11.040     0     0 E ipa     : get resource failed for ipa-hw-ver!
01-01 07:52:11.040     0     0 I ipa soc : ipa_smmu_uc: Linked as a consumer to c600000.apps-smmu
01-01 07:52:11.040     0     0 I iommu   : Adding device soc:ipa_smmu_uc to group 2
01-01 07:52:11.040     0     0 E ipa     : get resource failed for ipa-hw-ver!
01-01 07:52:11.040     0     0 I qupv3_geni_se 4ac0000.qcom,qupv3_0_geni_se: Linked as a consumer to c600000.apps-smmu
01-01 07:52:11.044     0     0 I iommu   : Adding device 4ac0000.qcom,qupv3_0_geni_se to group 3
01-01 07:52:11.044     0     0 I         : Trying to unpack rootfs image as initramfs...
01-01 07:52:11.393     0     0 I         : Freeing initrd memory: 27428K
01-01 07:52:11.394     0     0 I hw perfevents: enabled with armv8_pmuv3 PMU driver, 7 counters available
01-01 07:52:11.395     0     0 I         : Initialise system trusted keyrings
01-01 07:52:11.395     0     0 I workingset: timestamp_bits=45 max_order=21 bucket_order=0
01-01 07:52:11.396     0     0 I exFAT   : Version 1.2.9
01-01 07:52:11.396     0     0 I ntfs3   : +index binary search
01-01 07:52:11.396     0     0 I ntfs3   : +check free clusters
01-01 07:52:11.396     0     0 I ntfs3   : max link count 1024
01-01 07:52:11.396     0     0 I ntfs3   : 32 bits per cluster
01-01 07:52:11.396     0     0 I         : fuse init (API version 7.27)
01-01 07:52:11.401     0     0 I         : Key type asymmetric registered
01-01 07:52:11.401     0     0 I         : Asymmetric key parser 'x509' registered
01-01 07:52:11.401     0     0 I         : io scheduler noop registered
01-01 07:52:11.401     0     0 I         : io scheduler cfq registered (default)
01-01 07:52:11.401     0     0 I         : io scheduler mq-deadline registered
01-01 07:52:11.401     0     0 I         : io scheduler kyber registered
01-01 07:52:11.401     0     0 I         : io scheduler bfq registered
01-01 07:52:11.404     0     0 I gpi_dma 4a00000.qcom,gpi-dma: Linked as a consumer to c600000.apps-smmu
01-01 07:52:11.404     0     0 I iommu   : Adding device 4a00000.qcom,gpi-dma to group 4
01-01 07:52:11.405     0     0 I subsys-pil-tz ab00000.qcom,lpass: Linked as a consumer to regulator.25
01-01 07:52:11.405     0     0 I subsys-pil-tz ab00000.qcom,lpass: Linked as a consumer to regulator.24
01-01 07:52:11.405     0     0 I subsys-pil-tz b300000.qcom,turing: Linked as a consumer to regulator.14
01-01 07:52:11.406     0     0 I subsys-pil-tz 5ab0000.qcom,venus: Linked as a consumer to regulator.6
01-01 07:52:11.406     0     0 E         : minidump-id not found for venus
01-01 07:52:11.406     0     0 I subsys-pil-tz 5ab0000.qcom,venus: for venus segments only will be dumped.
01-01 07:52:11.406     0     0 I subsys-pil-tz 5ab0000.qcom,venus: for md_venus segments only will be dumped.
01-01 07:52:11.406     0     0 I subsys-pil-tz 6080000.qcom,mss: Linked as a consumer to regulator.14
01-01 07:52:11.406     0     0 E         : minidump-id not found for ipa_fws
01-01 07:52:11.406     0     0 I subsys-pil-tz soc: qcom,ipa_fws: for ipa_fws segments only will be dumped.
01-01 07:52:11.406     0     0 I subsys-pil-tz soc: qcom,ipa_fws: for md_ipa_fws segments only will be dumped.
01-01 07:52:11.406     0     0 E         : minidump-id not found for a610_zap
01-01 07:52:11.406     0     0 I subsys-pil-tz soc: qcom,kgsl-hyp: for a610_zap segments only will be dumped.
01-01 07:52:11.406     0     0 I subsys-pil-tz soc: qcom,kgsl-hyp: for md_a610_zap segments only will be dumped.
01-01 07:52:11.407     0     0 I memshare_child soc: qcom,memshare:qcom,client_1: for memshare_GPS segments only will be dumped.
01-01 07:52:11.407     0     0 I memshare_child soc: qcom,memshare:qcom,client_2: for memshare_FTM segments only will be dumped.
01-01 07:52:11.407     0     0 I memshare_child soc: qcom,memshare:qcom,client_3: for memshare_DIAG segments only will be dumped.
01-01 07:52:11.407     0     0 E scm_call failed: func id 0xc2000502, ret: -2, syscall returns: 0xffffffffffffffff, 0x0, 0x0
01-01 07:52:11.407     0     0 E msm-eud 1610000.qcom,msm-eud: TCSR scm_io_write failed with rc:-22
01-01 07:52:11.408     0     0 I icnss c800000.qcom,icnss: Linked as a consumer to c600000.apps-smmu
01-01 07:52:11.408     0     0 I iommu   : Adding device c800000.qcom,icnss to group 5
01-01 07:52:11.409     0     0 I icnss   : Recursive recovery allowed for WLAN
01-01 07:52:11.409     0     0 I icnss c800000.qcom,icnss: Linked as a consumer to regulator.30
01-01 07:52:11.409     0     0 I icnss c800000.qcom,icnss: Linked as a consumer to regulator.38
01-01 07:52:11.409     0     0 I icnss c800000.qcom,icnss: Linked as a consumer to regulator.39
01-01 07:52:11.409     0     0 I icnss c800000.qcom,icnss: Linked as a consumer to regulator.45
01-01 07:52:11.409     0     0 I icnss c800000.qcom,icnss: for wcss_msa0 segments only will be dumped.
01-01 07:52:11.409     0     0 E icnss   : Unable to create debugfs -19
01-01 07:52:11.409     0     0 I icnss   : Platform driver probed successfully
01-01 07:52:11.409     0     0 I msm_geni_serial 4a8c000.qcom,qup_uart: Wakeup byte 0xfd
01-01 07:52:11.409     0     0 I msm_geni_serial 4a8c000.qcom,qup_uart: Serial port0 added.FifoSize 64 is_console0
01-01 07:52:11.409     0     0 E msm_geni_serial 4a8c000.qcom,qup_uart: Failed to create dbg dir
01-01 07:52:11.411     0     0 I 4a8c000.qcom,qup_uart: ttyHS0 at MMIO 0x4a8c000 (irq = 144, base_baud = 0) is a MSM
01-01 07:52:11.412     0     0 I msm_geni_serial_init: Driver initialized
01-01 07:52:11.434     0     0 I brd     : module loaded
01-01 07:52:11.438     0     0 I loop    : module loaded
01-01 07:52:11.438     0     0 I zram    : Added device: zram0
01-01 07:52:11.439     0     0 I QSEECOM : qseecom_init_control: qseecom.qsee_version = 0x1402000
01-01 07:52:11.439     0     0 W QSEECOM : qseecom_retrieve_ce_data: Device does not support PFE
01-01 07:52:11.444     0     0 I qce 1b20000.qcedev: Linked as a consumer to c600000.apps-smmu
01-01 07:52:11.444     0     0 I iommu   : Adding device 1b20000.qcedev to group 6
01-01 07:52:11.448     0     0 I qce 1b20000.qcedev: QTI Crypto 5.5.1 device found @0x1b20000
01-01 07:52:11.448     0     0 I sps     : BAM 0x0000000001b04000 is registered.
01-01 07:52:11.449     0     0 I sps     : BAM 0x0000000001b04000 (va:0x000000001bc9aab8) enabled: ver:0x27, number of pipes:16
01-01 07:52:11.449     0     0 I QCE50   : qce_sps_init:  QTI MSM CE-BAM at 0x0000000001b04000 irq 19
01-01 07:52:11.452     0     0 I qce 1b20000.qcedev: qcom_cedev_ns_cb: Linked as a consumer to c600000.apps-smmu
01-01 07:52:11.453     0     0 I iommu   : Adding device 1b20000.qcedev:qcom_cedev_ns_cb to group 7
01-01 07:52:11.453     0     0 I qce 1b20000.qcedev: qcom_cedev_s_cb: Linked as a consumer to c600000.apps-smmu
01-01 07:52:11.454     0     0 I iommu   : Adding device 1b20000.qcedev:qcom_cedev_s_cb to group 8
01-01 07:52:11.455     0     0 E         : Error: Driver 'qcrypto' is already registered, aborting...
01-01 07:52:11.456     0     0 I ufshcd-qcom 4804000.ufshc: ufshcd_populate_vreg: Unable to find vccq-supply regulator, assuming enabled
01-01 07:52:11.456     0     0 I ufshcd-qcom 4804000.ufshc: Linked as a consumer to regulator.3
01-01 07:52:11.456     0     0 I ufshcd-qcom 4804000.ufshc: Linked as a consumer to regulator.46
01-01 07:52:11.456     0     0 I ufshcd-qcom 4804000.ufshc: Linked as a consumer to regulator.33
01-01 07:52:11.457     0     0 I ufshcd-qcom 4804000.ufshc: Linked as a consumer to regulator.40
01-01 07:52:11.458     0     0 I ufs_qcom_phy_qmp_v4 4807000.ufsphy_mem: Linked as a consumer to regulator.40
01-01 07:52:11.458     0     0 I ufs_qcom_phy_qmp_v4 4807000.ufsphy_mem: Linked as a consumer to regulator.26
01-01 07:52:11.458     0     0 I ufshcd-qcom 4804000.ufshc: ufs_qcom_parse_reg_info: Unable to find qcom,vccq-parent-supply regulator, assuming enabled
01-01 07:52:11.460     0     0 I scsi host0: ufshcd
01-01 07:52:11.472     0     0 I         : SCSI Media Changer driver v0.25
01-01 07:52:11.473     0     0 I spi_geni 4a80000.spi: spi_geni_probe: completed
01-01 07:52:11.473     0     0 I         : Ethernet Channel Bonding Driver: v3.7.1 (April 27, 2011)
01-01 07:52:11.475     0     0 I wireguard: WireGuard 1.0.20220627 loaded. See www.wireguard.com for information.
01-01 07:52:11.475     0     0 I wireguard: Copyright (C) 2015-2019 Jason A. Donenfeld <Jason@zx2c4.com>. All Rights Reserved.
01-01 07:52:11.475     0     0 I tun     : Universal TUN/TAP device driver, 1.6
01-01 07:52:11.475     0     0 I         : PPP generic driver version 2.4.2
01-01 07:52:11.475     0     0 I         : PPP BSD Compression module registered
01-01 07:52:11.475     0     0 I         : PPP Deflate Compression module registered
01-01 07:52:11.475     0     0 I         : PPP MPPE Compression module registered
01-01 07:52:11.475     0     0 I NET     : Registered protocol family 24
01-01 07:52:11.475     0     0 I         : PPTP driver version 0.8.5
01-01 07:52:11.475     0     0 E cnss_utils: Unable to create debugfs -19
01-01 07:52:11.477     0     0 E wcnss_pre_alloc_init: Failed to create debugfs dir
01-01 07:52:11.477     0     0 I CLD80211: Initializing
01-01 07:52:11.477     0     0 I usbcore : registered new interface driver r8152
01-01 07:52:11.477     0     0 I usbcore : registered new interface driver asix
01-01 07:52:11.477     0     0 I usbcore : registered new interface driver ax_usb_nic
01-01 07:52:11.477     0     0 I usbcore : registered new interface driver cdc_ether
01-01 07:52:11.477     0     0 I usbcore : registered new interface driver net1080
01-01 07:52:11.477     0     0 I usbcore : registered new interface driver cdc_subset
01-01 07:52:11.477     0     0 I usbcore : registered new interface driver zaurus
01-01 07:52:11.477     0     0 I usbcore : registered new interface driver cdc_ncm
01-01 07:52:11.485     0     0 E ufshcd-qcom 4804000.ufshc: ufshcd_print_pwr_info:[RX, TX]: gear=[1, 1], lane[1, 1], pwr[SLOWAUTO_MODE, SLOWAUTO_MODE], rate = 0
01-01 07:52:11.489     0     0 I msm_sharedmem: msm_sharedmem_probe: Device created for client 'rmtfs'
01-01 07:52:11.490     0     0 I msm-usb-hsphy 1613000.hsphy: Linked as a consumer to regulator.26
01-01 07:52:11.490     0     0 I msm-usb-hsphy 1613000.hsphy: Linked as a consumer to regulator.37
01-01 07:52:11.490     0     0 I msm-usb-hsphy 1613000.hsphy: Linked as a consumer to regulator.34
01-01 07:52:11.491     0     0 I msm-dwc3 4e00000.ssusb: Linked as a consumer to c600000.apps-smmu
01-01 07:52:11.492     0     0 I iommu   : Adding device 4e00000.ssusb to group 9
01-01 07:52:11.492     0     0 I msm-dwc3 4e00000.ssusb: Linked as a consumer to regulator.4
01-01 07:52:11.494     0     0 E dwc3 4e00000.dwc3: Failed to get clk 'ref': -2
01-01 07:52:11.494     0     0 I dwc3 4e00000.dwc3: changing max_speed on rev 00000000
01-01 07:52:11.495     0     0 E         : Invalid index Defaulting curr to 0
01-01 07:52:11.496     0     0 I msm-dwc3 4e00000.ssusb: Dropping the link to regulator.4
01-01 07:52:11.497     0     0 I usbcore : registered new interface driver uas
01-01 07:52:11.497     0     0 I usbcore : registered new interface driver usb-storage
01-01 07:52:11.497     0     0 I usbcore : registered new interface driver usb_ehset_test
01-01 07:52:11.497     0     0 I usbcore : registered new interface driver lvs
01-01 07:52:11.498     0     0 I rt-pd-manager soc: rt-pd-manager: rt_pd_manager_probe (0.0.8_G) probe_cnt = 1
01-01 07:52:11.498     0     0 E rt-pd-manager soc: rt-pd-manager: rt_pd_manager_probe get usb psy fail
01-01 07:52:11.499     0     0 I usbcore : registered new interface driver xpad
01-01 07:52:11.499     0     0 I rtc-pm8xxx 1c40000.qcom,spmi: qcom,pm6125@0:qcom,pm6125_rtc: rtc core: registered pm8xxx_rtc as rtc0
01-01 07:52:11.500     0     0 I rtc-pm8xxx 1c40000.qcom,spmi: qcom,pm6125@0:qcom,pm6125_rtc: setting system clock to 1970-01-01 05:52:11 UTC (21131)
01-01 07:52:11.500     0     0 I         : i2c /dev entries driver
01-01 07:52:11.500     0     0 I i2c_geni 4a84000.i2c: Bus frequency is set to 400000Hz
01-01 07:52:11.502     0     0 E i2c_geni 4a84000.i2c: i2c error :-107
01-01 07:52:11.502     0     0 E i2c_geni 4a84000.i2c: i2c error :-107
01-01 07:52:11.502     0     0 E i2c_geni 4a84000.i2c: i2c error :-107
01-01 07:52:11.503     0     0 E i2c_geni 4a84000.i2c: i2c error :-107
01-01 07:52:11.503     0     0 E I2C PMIC: i2c_pmic_read: i2c_pmic_read failed for 3 retries, rc = -107
01-01 07:52:11.503     0     0 E I2C PMIC: i2c_pmic_determine_initial_status: Couldn't read irq data rc=-107
01-01 07:52:11.503     0     0 E I2C PMIC: i2c_pmic_probe: Couldn't determine initial status rc=-107
01-01 07:52:11.503     0     0 W i2c_pmic: probe of 0-0008 failed with error -107
01-01 07:52:11.503     0     0 E i2c-0   : of_i2c: invalid reg on /soc/i2c@4a84000/battery
01-01 07:52:11.503     0     0 E i2c-0   : Failed to create I2C device for /soc/i2c@4a84000/battery
01-01 07:52:11.503     0     0 I i2c_geni 4a88000.i2c: Bus frequency is set to 400000Hz
01-01 07:52:11.503     0     0 W         : ocp2138_i2c_probe begin
01-01 07:52:11.503     0     0 W         : ocp2138_i2c_probe() OKAY.
01-01 07:52:11.504     0     0 I i2c_geni 4a94000.i2c: Bus frequency is set to 400000Hz
01-01 07:52:11.505     0     0 I         : rt1711_i2c_probe (2.0.5_G)
01-01 07:52:11.505     0     0 I I2C functionality: OK...
01-01 07:52:11.508     0     0 I         : 0
01-01 07:52:11.508     0     0 I         : t2-t1 = 2
01-01 07:52:11.508     0     0 I         : 1
01-01 07:52:11.508     0     0 I         : t2-t1 = 1
01-01 07:52:11.508     0     0 I         : 2
01-01 07:52:11.508     0     0 I         : t2-t1 = 2
01-01 07:52:11.508     0     0 I         : 3
01-01 07:52:11.508     0     0 I         : t2-t1 = 1
01-01 07:52:11.508     0     0 I         : 4
01-01 07:52:11.508     0     0 I         : t2-t1 = 1
01-01 07:52:11.508     0     0 I         : 5
01-01 07:52:11.508     0     0 I         : t2-t1 = 1
01-01 07:52:11.508     0     0 I         : 6
01-01 07:52:11.508     0     0 I         : t2-t1 = 2
01-01 07:52:11.508     0     0 I         : 7
01-01 07:52:11.508     0     0 I         : t2-t1 = 1
01-01 07:52:11.508     0     0 I         : 8
01-01 07:52:11.508     0     0 I         : t2-t1 = 1
01-01 07:52:11.508     0     0 I         : 9
01-01 07:52:11.508     0     0 I         : t2-t1 = 1
01-01 07:52:11.508     0     0 I         : rt_parse_dt
01-01 07:52:11.508     0     0 E         : lsw rt_parse_dt no rt1711h-en info
01-01 07:52:11.508     0     0 I         : rt1711h_chipID = 0x2173
01-01 07:52:11.508     0     0 I         : rt1711h pid = 0x1711
01-01 07:52:11.508     0     0 I         : rt_regmap_device_register_ex name = rt1711-4e
01-01 07:52:11.508     0     0 I         : rt_regmap_cache_init
01-01 07:52:11.508     0     0 I         : rt_regmap_cache_init successfully
01-01 07:52:11.508     0     0 I rt_regmap_rt1711-4e: rt_regmap_set_cache_mode mode_mask = 0
01-01 07:52:11.508     0     0 I rt_regmap_rt1711-4e: rt_regmap_cache_reload
01-01 07:52:11.508     0     0 I usb_type_c 2-004e: rt1711_tcpcdev_init
01-01 07:52:11.508     0     0 I         : tcpc_device_register register tcpc device (type_c_port0)
01-01 07:52:11.508     0     0 I         : PD Timer number = 55
01-01 07:52:11.509     0     0 I tcpci_timer_init: init OK
01-01 07:52:11.509     0     0 I         : pd_parse_pdata
01-01 07:52:11.509     0     0 I         : pd_parse_pdata src pdo data =
01-01 07:52:11.509     0     0 I pd_parse_pdata 0: 0x00019032
01-01 07:52:11.509     0     0 I         : pd_parse_pdata snk pdo data =
01-01 07:52:11.509     0     0 I pd_parse_pdata 0: 0x000190c8
01-01 07:52:11.509     0     0 I pd_parse_pdata 1: 0x000190c8
01-01 07:52:11.509     0     0 I pd_parse_pdata 2: 0x0002d0c8
01-01 07:52:11.509     0     0 I         : pd_parse_pdata id vdos data =
01-01 07:52:11.509     0     0 I pd_parse_pdata 0: 0xd54029cf
01-01 07:52:11.509     0     0 I pd_parse_pdata 1: 0x00000000
01-01 07:52:11.509     0     0 I pd_parse_pdata 2: 0x17110000
01-01 07:52:11.509     0     0 I pd_parse_pdata 3: 0x41800000
01-01 07:52:11.509     0     0 I pd_parse_pdata 4: 0x00000000
01-01 07:52:11.509     0     0 I pd_parse_pdata 5: 0x21800000
01-01 07:52:11.509     0     0 I         : pd_parse_pdata charging_policy = 49
01-01 07:52:11.509     0     0 I         : pd_parse_pdata_bats Battery NR = 1
01-01 07:52:11.509     0     0 I         : pd_parse_pdata_bats fix_bat_info[0].mfrs_info.vid = 0x29cf, .mfrs_info.pid = 0x1711, .mfrs_string = bat1, .bat_design_cap = 3000
01-01 07:52:11.509     0     0 I         : pd_parse_pdata_countries Country NR = 0
01-01 07:52:11.509     0     0 I         : pd_parse_log_src_cap_ext vid = 0x29cf, pid = 0x1711, xid = 0x0, fw_ver = 0x0, hw_ver = 0x0
01-01 07:52:11.509     0     0 I         : pd_parse_log_src_cap_ext voltage_regulation = 0, hold_time_ms = 0, compliance = 0x0, touch_current = 0x0, peak_current = 0 0 0
01-01 07:52:11.509     0     0 I         : pd_parse_log_src_cap_ext touch_temp = 0, source_inputs = 0x0, batteries = 0x0, source_pdp = 0x2
01-01 07:52:11.509     0     0 I         : pd_parse_pdata_mfrs VID = 0x29cf, PID = 0x1711
01-01 07:52:11.509     0     0 I         : pd_parse_pdata_mfrs PD mfrs_string = RichtekTCPC
01-01 07:52:11.509     0     0 I dpm_caps: local_dr_power
01-01 07:52:11.509     0     0 I dpm_caps: local_dr_data
01-01 07:52:11.509     0     0 I dpm_caps: local_ext_power
01-01 07:52:11.509     0     0 I dpm_caps: local_usb_comm
01-01 07:52:11.509     0     0 I dpm_caps: local_usb_suspend
01-01 07:52:11.509     0     0 I dpm_caps: local_high_cap
01-01 07:52:11.509     0     0 I dpm_caps: local_give_back
01-01 07:52:11.509     0     0 I dpm_caps: local_no_suspend
01-01 07:52:11.509     0     0 I dpm_caps: local_vconn_supply
01-01 07:52:11.509     0     0 I dpm_caps: attemp_discover_cable_dfp
01-01 07:52:11.509     0     0 I dpm_caps: attemp_enter_dp_mode
01-01 07:52:11.509     0     0 I dpm_caps: attemp_discover_cable
01-01 07:52:11.509     0     0 I dpm_caps: attemp_discover_id
01-01 07:52:11.509     0     0 I dpm_caps: attemp_discover_svid
01-01 07:52:11.509     0     0 I dpm_caps: pr_reject_as_source
01-01 07:52:11.509     0     0 I dpm_caps: pr_reject_as_sink
01-01 07:52:11.509     0     0 I dpm_caps: pr_check_gp_source
01-01 07:52:11.509     0     0 I dpm_caps: pr_check_gp_sink
01-01 07:52:11.509     0     0 I dpm_caps: dr_reject_as_dfp
01-01 07:52:11.509     0     0 I dpm_caps: dr_reject_as_ufp
01-01 07:52:11.509     0     0 I         : dpm_caps = 0x0000e18b
01-01 07:52:11.509     0     0 I         : dp, svid
01-01 07:52:11.509     0     0 I         : dp, ufp_np
01-01 07:52:11.509     0     0 I         : dp, dfp_np
01-01 07:52:11.509     0     0 I         : dp, 1st_connection
01-01 07:52:11.509     0     0 I         : dp, 2nd_connection
01-01 07:52:11.509     0     0 I TCPC-PE : pd_core_init
01-01 07:52:11.509     0     0 I usb_type_c 2-004e: PD_REV30
01-01 07:52:11.509     0     0 I         : rt1711_init_alert name = type_c_port0, gpio = 1184
01-01 07:52:11.509     0     0 I rt1711_init_alert: IRQ number = 203
01-01 07:52:11.509     0     0 I         : IRQF_NO_THREAD Test
01-01 07:52:11.509     0     0 W genirq  : irq_chip msmgpio did not update eff. affinity mask of irq 203
01-01 07:52:11.509     0     0 I         : rt1711_i2c_probe probe OK!
01-01 07:52:11.510     0     0 W bq27xxx-battery 0-0055: data memory update not supported for chip
01-01 07:52:11.518     0     0 E bq27xxx-battery 0-0055: batt_id = 0x103, batt_id_string: P89990_NVT_4V43_7700mAh battery_exist = 1
01-01 07:52:11.592     0     0 E ufshcd-qcom 4804000.ufshc: ufshcd_print_pwr_info:[RX, TX]: gear=[3, 3], lane[2, 2], pwr[FAST MODE, FAST MODE], rate = 2
01-01 07:52:11.592     0     0 I ufshcd-qcom 4804000.ufshc: ufshcd_wb_config: Write Booster Configured
01-01 07:52:11.592     0     0 I scsi 0  : 0:0:49488: Well-known LUN    SAMSUNG  KM2L9001CM-B518  0100 PQ: 0 ANSI: 6
01-01 07:52:11.593     0     0 I scsi 0  : 0:0:49476: Well-known LUN    SAMSUNG  KM2L9001CM-B518  0100 PQ: 0 ANSI: 6
01-01 07:52:11.594     0     0 I scsi 0  : 0:0:49456: Well-known LUN    SAMSUNG  KM2L9001CM-B518  0100 PQ: 0 ANSI: 6
01-01 07:52:11.594     0     0 I scsi 0  : 0:0:0: Direct-Access     SAMSUNG  KM2L9001CM-B518  0100 PQ: 0 ANSI: 6
01-01 07:52:11.595     0     0 I scsi 0  : 0:0:1: Direct-Access     SAMSUNG  KM2L9001CM-B518  0100 PQ: 0 ANSI: 6
01-01 07:52:11.595     0     0 I scsi 0  : 0:0:2: Direct-Access     SAMSUNG  KM2L9001CM-B518  0100 PQ: 0 ANSI: 6
01-01 07:52:11.596     0     0 I scsi 0  : 0:0:3: Direct-Access     SAMSUNG  KM2L9001CM-B518  0100 PQ: 0 ANSI: 6
01-01 07:52:11.596     0     0 I scsi 0  : 0:0:4: Direct-Access     SAMSUNG  KM2L9001CM-B518  0100 PQ: 0 ANSI: 6
01-01 07:52:11.597     0     0 I scsi 0  : 0:0:5: Direct-Access     SAMSUNG  KM2L9001CM-B518  0100 PQ: 0 ANSI: 6
01-01 07:52:11.597     0     0 W sd 0    : 0:0:0: Power-on or device reset occurred
01-01 07:52:11.597     0     0 W sd 0    : 0:0:1: Power-on or device reset occurred
01-01 07:52:11.598     0     0 W sd 0    : 0:0:2: Power-on or device reset occurred
01-01 07:52:11.598     0     0 W sd 0    : 0:0:3: Power-on or device reset occurred
01-01 07:52:11.598     0     0 W sd 0    : 0:0:4: Power-on or device reset occurred
01-01 07:52:11.598     0     0 I sd 0    : 0:0:0: [sda] Write Protect is off
01-01 07:52:11.598     0     0 D sd 0    : 0:0:0: [sda] Mode Sense: 00 32 00 10
01-01 07:52:11.598     0     0 W sd 0    : 0:0:5: Power-on or device reset occurred
01-01 07:52:11.598     0     0 I sd 0    : 0:0:1: [sdb] Write Protect is off
01-01 07:52:11.598     0     0 D sd 0    : 0:0:1: [sdb] Mode Sense: 00 32 00 10
01-01 07:52:11.598     0     0 I sd 0    : 0:0:0: [sda] Optimal transfer size 524288 bytes
01-01 07:52:11.599     0     0 I sd 0    : 0:0:3: [sdd] Write Protect is off
01-01 07:52:11.599     0     0 D sd 0    : 0:0:3: [sdd] Mode Sense: 00 32 00 10
01-01 07:52:11.599     0     0 I sd 0    : 0:0:1: [sdb] Optimal transfer size 524288 bytes
01-01 07:52:11.599     0     0 I sd 0    : 0:0:3: [sdd] Optimal transfer size 524288 bytes
01-01 07:52:11.599     0     0 I sd 0    : 0:0:4: [sde] Write Protect is off
01-01 07:52:11.599     0     0 D sd 0    : 0:0:4: [sde] Mode Sense: 00 32 00 10
01-01 07:52:11.600     0     0 I sd 0    : 0:0:4: [sde] Optimal transfer size 524288 bytes
01-01 07:52:11.600     0     0 I sd 0    : 0:0:5: [sdf] Write Protect is off
01-01 07:52:11.600     0     0 D sd 0    : 0:0:5: [sdf] Mode Sense: 00 32 00 10
01-01 07:52:11.600     0     0 I sd 0    : 0:0:2: [sdc] Write Protect is off
01-01 07:52:11.600     0     0 D sd 0    : 0:0:2: [sdc] Mode Sense: 00 32 00 10
01-01 07:52:11.600     0     0 I sd 0    : 0:0:5: [sdf] Optimal transfer size 524288 bytes
01-01 07:52:11.600     0     0 I sd 0    : 0:0:2: [sdc] Optimal transfer size 524288 bytes
01-01 07:52:11.601     0     0 I sda     : sda1 sda2 sda3 sda4 sda5 sda6 sda7 sda8 sda9 sda10 sda11 sda12 sda13 sda14 sda15 sda16 sda17 sda18
01-01 07:52:11.603     0     0 I sdd     : sdd1 sdd2 sdd3
01-01 07:52:11.603     0     0 I sdb     : sdb1 sdb2
01-01 07:52:11.603     0     0 I sde     : sde1 sde2 sde3 sde4 sde5 sde6 sde7 sde8 sde9 sde10 sde11 sde12 sde13 sde14 sde15 sde16 sde17 sde18 sde19 sde20 sde21 sde22 sde23 sde24 sde25 sde26 sde27 sde28 sde29 sde30 sde31 sde32 sde33 sde34 sde35 sde36 sde37 sde38 sde39 sde40 sde41 sde42 sde43 sde44 sde45 sde46 sde47 sde48 sde49 sde50 sde51 sde52 sde53 sde54 sde55 sde56 sde57 sde58 sde59
01-01 07:52:11.604     0     0 I sdc     : sdc1 sdc2
01-01 07:52:11.607     0     0 I sdf     : sdf1 sdf2 sdf3 sdf4 sdf5
01-01 07:52:11.724     0     0 E wt6670f-charge 2-0036: wt6670f_get_firmware_version:firmware_version = 0x5
01-01 07:52:11.724     0     0 E wt6670f-charge 2-0036: lsw_wt6670 [wt6670f_charge_probe] ---- FW_VERSION is new,no need to update!
01-01 07:52:11.725     0     0 E wt6670f-charge 2-0036: wt6670f_get_firmware_version:firmware_version = 0x5
01-01 07:52:11.725     0     0 I         : wt6670f charge probe successfully
01-01 07:52:11.725     0     0 W         : bq2589x driver probe start
01-01 07:52:11.725     0     0 E bq2589x-1 1-006a: bq2589x_charger_probe: charger device SYV690 detected, revision:0
01-01 07:52:11.725     0     0 E charge_voltage: 4432
01-01 07:52:11.725     0     0 E charge_current: 500
01-01 07:52:11.725     0     0 E charge_current: 256
01-01 07:52:11.725     0     0 E         : bq2589x_parse_dt no otg_gpio info
01-01 07:52:11.725     0     0 E         : bq2589x_parse_dt get intr_gpio fail !
01-01 07:52:11.725     0     0 E         : bq2589x_parse_dt get usb-switch1 fail !
01-01 07:52:11.730     0     0 E bq2589x-1 1-006a: bq2589x_charger_probe:irq = 206
01-01 07:52:11.730     0     0 W         : bq2589x driver probe succeed !!!
01-01 07:52:11.731     0     0 E sgm4151x-1 1-006b: charger: sy6974 detected, part_no: 9, revision:0
01-01 07:52:11.731     0     0 E charge_voltage: 4432
01-01 07:52:11.731     0     0 E charge_current: 500
01-01 07:52:11.731     0     0 E term-curren: 240
01-01 07:52:11.731     0     0 E prechg_current: 240
01-01 07:52:11.731     0     0 E         : sgm4151x_parse_dt intr_gpio info 1233
01-01 07:52:11.736     0     0 E         : get prop 4 is not supported in usb
01-01 07:52:11.736     0     0 I wt6670f-charge 2-0036: wt6670f_get_vbus_voltage: buf[0]: 0x1, buf[1]: 0xc, adc_volt: 0x10c, vbus_volt: 4396
01-01 07:52:11.736     0     0 E         : get prop 155 is not supported in usb
01-01 07:52:11.736     0     0 E         : get prop 184 is not supported in usb
01-01 07:52:11.736     0     0 E         : get prop 82 is not supported in usb
01-01 07:52:11.736     0     0 E         : get prop 8 is not supported in usb
01-01 07:52:11.736     0     0 E bq2589x-1 1-006a: Couldn't get prop 8 rc = -22
01-01 07:52:11.736     0     0 E         : get prop 184 is not supported in usb
01-01 07:52:11.736     0     0 E bq2589x-1 1-006a: Couldn't get prop 184 rc = -22
01-01 07:52:11.736     0     0 E         : get prop 106 is not supported in usb
01-01 07:52:11.736     0     0 E bq2589x-1 1-006a: Couldn't get prop 106 rc = -22
01-01 07:52:11.736     0     0 E         : get prop 35 is not supported in usb
01-01 07:52:11.736     0     0 E bq2589x-1 1-006a: Couldn't get prop 35 rc = -22
01-01 07:52:11.736     0     0 E         : get prop 66 is not supported in usb
01-01 07:52:11.736     0     0 E bq2589x-1 1-006a: Couldn't get prop 66 rc = -22
01-01 07:52:11.736     0     0 E         : get prop 62 is not supported in usb
01-01 07:52:11.736     0     0 E bq2589x-1 1-006a: Couldn't get prop 62 rc = -22
01-01 07:52:11.736     0     0 E         : get prop 12 is not supported in usb
01-01 07:52:11.736     0     0 E bq2589x-1 1-006a: Couldn't get prop 12 rc = -22
01-01 07:52:11.736     0     0 E         : get prop 67 is not supported in usb
01-01 07:52:11.736     0     0 E bq2589x-1 1-006a: Couldn't get prop 67 rc = -22
01-01 07:52:11.784     0     0 E sgm4151x-1 1-006b: set slave charge: term current: 240
01-01 07:52:11.784     0     0 E sgm4151x-1 1-006b: set slave charge: voltage: 4432
01-01 07:52:11.785     0     0 E sgm4151x-1 1-006b: set slave charge: chg current: 500
01-01 07:52:11.787     0     0 E sgm4151x-1 1-006b: set input suspend: 1
01-01 07:52:11.791     0     0 E sgm4151x-1 1-006b: Request irq = 207
01-01 07:52:11.791     0     0 W         : sgm4151x driver probe succeed !!!
01-01 07:52:11.791     0     0 E         : wt_chg probe start
01-01 07:52:11.791     0     0 E         : wt_chg probe start 1
01-01 07:52:11.791     0     0 E         : wt_chg probe start 2
01-01 07:52:11.791     0     0 E fv-max-uv: 4432000
01-01 07:52:11.791     0     0 E fcc-max-ua: 4000000
01-01 07:52:11.791     0     0 E batt_iterm: 300000
01-01 07:52:11.791     0     0 E         : get main_chg_therm fail: -517
01-01 07:52:11.791     0     0 E         : get usb_port_therm fail: -517
01-01 07:52:11.791     0     0 E         : get board_pcb_therm fail: -517
01-01 07:52:11.791     0     0 E         : main chg set usb switch 1
01-01 07:52:11.791     0     0 E         : wt_chg probe succeed !
01-01 07:52:11.791     0     0 E         : wt_chg init end
01-01 07:52:11.796     0     0 I reg-cooling-device soc: qcom,rpm-smd:rpm-regulator-smpa3:cx-cdev-lvl: Linked as a consumer to regulator.15
01-01 07:52:11.796     0     0 I reg-cooling-device soc: qcom,rpm-smd:rpm-regulator-smpa5:mx-cdev-lvl: Linked as a consumer to regulator.17
01-01 07:52:11.800     0     0 I device-mapper: uevent: version 1.0.3
01-01 07:52:11.800     0     0 I device-mapper: ioctl: 4.39.0-ioctl (2018-04-03) initialised: dm-devel@redhat.com
01-01 07:52:11.800     0     0 I bt_power_populate_dt_pinfo: bt-reset-gpio not provided in devicetree
01-01 07:52:11.800     0     0 I bt_power_populate_dt_pinfo: wl-reset-gpio not provided in devicetree
01-01 07:52:11.800     0     0 I bt_dt_parse_vreg_info: qca,bt-vdd-ldo: is not provided in device tree
01-01 07:52:11.800     0     0 I bt_dt_parse_vreg_info: qca,bt-chip-pwd: is not provided in device tree
01-01 07:52:11.800     0     0 I bt_dt_parse_vreg_info: qca,bt-vdd-aon: is not provided in device tree
01-01 07:52:11.800     0     0 I bt_dt_parse_vreg_info: qca,bt-vdd-dig: is not provided in device tree
01-01 07:52:11.800     0     0 I bt_dt_parse_vreg_info: qca,bt-vdd-rfa1: is not provided in device tree
01-01 07:52:11.800     0     0 I bt_dt_parse_vreg_info: qca,bt-vdd-rfa2: is not provided in device tree
01-01 07:52:11.800     0     0 I bt_dt_parse_vreg_info: qca,bt-vdd-asd: is not provided in device tree
01-01 07:52:11.800     0     0 I bt_dt_parse_clk_info: clocks is not provided in device tree
01-01 07:52:11.801     0     0 I sdhci   : Secure Digital Host Controller Interface driver
01-01 07:52:11.801     0     0 I sdhci   : Copyright(c) Pierre Ossman
01-01 07:52:11.801     0     0 I sdhci-pltfm: SDHCI platform and OF driver helper
01-01 07:52:11.801     0     0 I aw2016_led_init: driver version: V1.0.3
01-01 07:52:11.802     0     0 E i2c_geni 4a84000.i2c: i2c error :-107
01-01 07:52:11.802     0     0 E i2c_geni 4a84000.i2c: i2c error :-107
01-01 07:52:11.802     0     0 E i2c_geni 4a84000.i2c: i2c error :-107
01-01 07:52:11.803     0     0 E i2c_geni 4a84000.i2c: i2c error :-107
01-01 07:52:11.803     0     0 E i2c_geni 4a84000.i2c: i2c error :-107
01-01 07:52:11.803     0     0 I aw2016_led 0-0064: aw2016 chip id 0
01-01 07:52:11.803     0     0 E i2c_geni 4a84000.i2c: i2c error :-107
01-01 07:52:11.803     0     0 E sdhci_msm 4784000.sdhci: CD GPIO is:1255  pwr gpio is:1260
01-01 07:52:11.803     0     0 E sdhci_msm 4784000.sdhci: gpio: 1260 for Redriver power enable gpio
01-01 07:52:11.803     0     0 I aw2016_led 0-0064: aw2016 chip id 0
01-01 07:52:11.804     0     0 E sdhci_msm 4784000.sdhci: core_reset unavailable,err = -2
01-01 07:52:11.804     0     0 E sdhci_msm 4784000.sdhci: Reset data parsing error
01-01 07:52:11.804     0     0 E         : get prop 201 is not supported in usb
01-01 07:52:11.804     0     0 E sgm4151x-1 1-006b: Couldn't get prop 201 rc = -22
01-01 07:52:11.804     0     0 E         : get prop 8 is not supported in usb
01-01 07:52:11.804     0     0 E sgm4151x-1 1-006b: Couldn't get prop 8 rc = -22
01-01 07:52:11.804     0     0 E         : get prop 184 is not supported in usb
01-01 07:52:11.804     0     0 E sgm4151x-1 1-006b: Couldn't get prop 184 rc = -22
01-01 07:52:11.804     0     0 E         : get prop 106 is not supported in usb
01-01 07:52:11.804     0     0 E sgm4151x-1 1-006b: Couldn't get prop 106 rc = -22
01-01 07:52:11.804     0     0 E         : get prop 77 is not supported in usb
01-01 07:52:11.804     0     0 E sgm4151x-1 1-006b: Couldn't get prop 77 rc = -22
01-01 07:52:11.804     0     0 E         : get prop 35 is not supported in usb
01-01 07:52:11.804     0     0 E sgm4151x-1 1-006b: Couldn't get prop 35 rc = -22
01-01 07:52:11.804     0     0 E         : get prop 66 is not supported in usb
01-01 07:52:11.804     0     0 E sgm4151x-1 1-006b: Couldn't get prop 66 rc = -22
01-01 07:52:11.804     0     0 E         : get prop 62 is not supported in usb
01-01 07:52:11.804     0     0 E sgm4151x-1 1-006b: Couldn't get prop 62 rc = -22
01-01 07:52:11.804     0     0 E         : get prop 12 is not supported in usb
01-01 07:52:11.804     0     0 E sgm4151x-1 1-006b: Couldn't get prop 12 rc = -22
01-01 07:52:11.804     0     0 E         : get prop 97 is not supported in usb
01-01 07:52:11.804     0     0 E sgm4151x-1 1-006b: Couldn't get prop 97 rc = -22
01-01 07:52:11.804     0     0 E         : get prop 65 is not supported in usb
01-01 07:52:11.804     0     0 E sgm4151x-1 1-006b: Couldn't get prop 65 rc = -22
01-01 07:52:11.804     0     0 E         : get prop 67 is not supported in usb
01-01 07:52:11.804     0     0 E sgm4151x-1 1-006b: Couldn't get prop 67 rc = -22
01-01 07:52:11.804     0     0 I aw2016_led 0-0064: aw2016 chip id 0
01-01 07:52:11.805     0     0 I aw2016_led 0-0064: aw2016 chip id 0
01-01 07:52:11.806     0     0 I aw2016_led 0-0064: aw2016 chip id 0
01-01 07:52:11.806     0     0 E aw2016_led 0-0064: Check chip id error
01-01 07:52:11.807     0     0 I sdhci_msm 4784000.sdhci: Linked as a consumer to regulator.44
01-01 07:52:11.807     0     0 I sdhci_msm 4784000.sdhci: Linked as a consumer to regulator.27
01-01 07:52:11.820     0     0 I mmc0    : SDHCI controller on 4784000.sdhci [4784000.sdhci] using 64-bit ADMA in legacy mode
01-01 07:52:11.821     0     0 I mmc0    : detect_gpio pin 1255 status is 1
01-01 07:52:11.821     0     0 I mmc0    : apply bht power on patch
01-01 07:52:11.821     0     0 I mmc0    : present status is 1
01-01 07:52:11.821     0     0 I mmc0    : pwr_gpio pin 1260 status is 1
01-01 07:52:11.829     0     0 W aw2016_led: probe of 0-0064 failed with error -22
01-01 07:52:11.829     0     0 I usbcore : registered new interface driver usbhid
01-01 07:52:11.829     0     0 I usbhid  : USB HID core driver
01-01 07:52:11.829     0     0 I ashmem  : initialized
01-01 07:52:11.830     0     0 I         : wlan_hdd_state wlan major(510) initialized
01-01 07:52:11.830     0     0 I bimc-bwmon 1b8e300.qcom,cpu-cpu-ddr-bwmon: BW HWmon governor registered.
01-01 07:52:11.831     0     0 I arm-memlat-mon soc: qcom,cpu0-cpugrp:qcom,cpu0-cpu-ddr-latmon: Memory Latency governor registered.
01-01 07:52:11.831     0     0 I arm-memlat-mon soc: qcom,cpu0-cpugrp:qcom,cpu0-computemon: Compute governor registered.
01-01 07:52:11.831     0     0 I arm-memlat-mon soc: qcom,cpu4-cpugrp:qcom,cpu4-cpu-ddr-latmon: Memory Latency governor registered.
01-01 07:52:11.831     0     0 I arm-memlat-mon soc: qcom,cpu4-cpugrp:qcom,cpu4-computemon: Compute governor registered.
01-01 07:52:11.833     0     0 I [l2 counters error]: Registered L2 cache PMU cluster 0
01-01 07:52:11.833     0     0 I [l2 counters error]: Registered L2 cache PMU cluster 1
01-01 07:52:11.834     0     0 I l2cache-pmu soc: l2cache_pmu: CPU0 associated with cluster 0
01-01 07:52:11.834     0     0 I l2cache-pmu soc: l2cache_pmu: CPU1 associated with cluster 0
01-01 07:52:11.834     0     0 I l2cache-pmu soc: l2cache_pmu: CPU2 associated with cluster 0
01-01 07:52:11.834     0     0 I l2cache-pmu soc: l2cache_pmu: CPU3 associated with cluster 0
01-01 07:52:11.834     0     0 I l2cache-pmu soc: l2cache_pmu: CPU4 associated with cluster 1
01-01 07:52:11.834     0     0 I l2cache-pmu soc: l2cache_pmu: CPU5 associated with cluster 1
01-01 07:52:11.834     0     0 I l2cache-pmu soc: l2cache_pmu: CPU6 associated with cluster 1
01-01 07:52:11.834     0     0 I l2cache-pmu soc: l2cache_pmu: CPU7 associated with cluster 1
01-01 07:52:11.834     0     0 I l2cache-pmu soc: l2cache_pmu: Registered L2 cache PMU using 2 HW PMUs
01-01 07:52:11.834     0     0 I KernelSU: ksu_lsm_hook_init
01-01 07:52:11.834     0     0 F KernelSU: KPROBES is disabled, KernelSU may not work, please check https://kernelsu.org/guide/how-to-integrate-for-non-gki.html
01-01 07:52:11.834     0     0 I usbcore : registered new interface driver snd-usb-audio
01-01 07:52:11.834     0     0 I uaudio-qmi soc: usb_audio_qmi_dev: Linked as a consumer to c600000.apps-smmu
01-01 07:52:11.834     0     0 I iommu   : Adding device soc:usb_audio_qmi_dev to group 10
01-01 07:52:11.835     0     0 I msm_vidc: err : ffffffff: .....: Failed to create debugfs for msm_vidc
01-01 07:52:11.835     0     0 I msm_vidc: err : ffffffff: .....: no device Registered
01-01 07:52:11.835     0     0 I msm_vidc: err : ffffffff: .....: Failed to create debugfs for msm_vidc
01-01 07:52:11.836     0     0 I msm_vidc_v4l2 5a00000.qcom,vidc: non_secure_cb: Linked as a consumer to c600000.apps-smmu
01-01 07:52:11.836     0     0 I iommu   : Adding device 5a00000.qcom,vidc:non_secure_cb to group 11
01-01 07:52:11.836     0     0 I msm_vidc_v4l2 5a00000.qcom,vidc: secure_bitstream_cb: Linked as a consumer to c600000.apps-smmu
01-01 07:52:11.837     0     0 I iommu   : Adding device 5a00000.qcom,vidc:secure_bitstream_cb to group 12
01-01 07:52:11.837     0     0 I msm_vidc_v4l2 5a00000.qcom,vidc: secure_pixel_cb: Linked as a consumer to c600000.apps-smmu
01-01 07:52:11.837     0     0 I iommu   : Adding device 5a00000.qcom,vidc:secure_pixel_cb to group 13
01-01 07:52:11.837     0     0 I msm_vidc_v4l2 5a00000.qcom,vidc: secure_non_pixel_cb: Linked as a consumer to c600000.apps-smmu
01-01 07:52:11.837     0     0 I iommu   : Adding device 5a00000.qcom,vidc:secure_non_pixel_cb to group 14
01-01 07:52:11.838     0     0 I rmnet_perf_init(): initializing rmnet_perf
01-01 07:52:11.838     0     0 I rmnet_perf_config_notify_cb(): rmnet_perf netdevice register, name = lo
01-01 07:52:11.838     0     0 I rmnet_perf_config_notify_cb(): rmnet_perf netdevice register, name = bond0
01-01 07:52:11.838     0     0 I rmnet_perf_config_notify_cb(): rmnet_perf netdevice register, name = dummy0
01-01 07:52:11.838     0     0 I rmnet_shs_module_init(): Starting rmnet SHS module
01-01 07:52:11.838     0     0 W dsi_phy 5e94400.qcom,mdss_dsi_phy0: 5e94400.qcom,mdss_dsi_phy0 supply gdsc not found, using dummy regulator
01-01 07:52:11.838     0     0 I dsi_phy 5e94400.qcom,mdss_dsi_phy0: Linked as a consumer to regulator.0
01-01 07:52:11.838     0     0 I dsi_phy 5e94400.qcom,mdss_dsi_phy0: Linked as a consumer to regulator.26
01-01 07:52:11.838     0     0 I [drm:dsi_phy_driver_probe] [msm-dsi-info]: DSI_0: Probe successful
01-01 07:52:11.838     0     0 I drm_dsi_ctrl 5e94000.qcom,mdss_dsi0_ctrl: Linked as a consumer to regulator.1
01-01 07:52:11.838     0     0 I drm_dsi_ctrl 5e94000.qcom,mdss_dsi0_ctrl: Linked as a consumer to regulator.40
01-01 07:52:11.838     0     0 E AXI     : get_pdata(): Error: Client name not found
01-01 07:52:11.838     0     0 E AXI     : msm_bus_cl_get_pdata(): client has to provide missing entry for successful registration
01-01 07:52:11.838     0     0 I [drm:dsi_ctrl_dev_probe] [msm-dsi-info]: dsi-ctrl-0: Probe successful
01-01 07:52:11.839     0     0 E OF      : graph: no port node found in /soc/qcom,dsi-display-primary
01-01 07:52:11.839     0     0 W [drm] [msm-dsi-warn]: [hx83102p boe 2k video mode dsi panel] fallback to default te-pin-select
01-01 07:52:11.839     0     0 I msm_drm 5e00000.qcom,mdss_mdp: Linked as a consumer to regulator.11
01-01 07:52:11.839     0     0 I [drm:sde_dbg_init:4764] evtlog_status: enable:11, panic:1, dump:2
01-01 07:52:11.839     0     0 I msm-dsi-display soc: qcom,dsi-display-primary: Linked as a consumer to regulator.31
01-01 07:52:11.840     0     0 I         : lcd hardwareinfo is 'qcom,mdss_dsi_hx83102p_boe_2k_video'
01-01 07:52:11.840     0     0 I [drm:dsi_display_bind] [msm-dsi-info]: Successfully bind display panel 'qcom,mdss_dsi_hx83102p_boe_2k_video'
01-01 07:52:11.840     0     0 I msm_drm 5e00000.qcom,mdss_mdp: bound soc:qcom,dsi-display-primary (ops dsi_display_comp_ops)
01-01 07:52:11.840     0     0 I         : [drm] mapped mdp address space @00000000b7d5ec42
01-01 07:52:11.840     0     0 I         : [drm:_sde_kms_hw_init_blocks:3623] sde hardware revision:0x600a0000
01-01 07:52:11.841     0     0 I msmdrm_smmu 5e00000.qcom,mdss_mdp: qcom,smmu_sde_unsec_cb: Linked as a consumer to c600000.apps-smmu
01-01 07:52:11.841     0     0 I iommu   : Adding device 5e00000.qcom,mdss_mdp:qcom,smmu_sde_unsec_cb to group 15
01-01 07:52:11.841     0     0 I         : [drm] probing device qcom,smmu_sde_unsec
01-01 07:52:11.841     0     0 I         : [drm] Created domain mdp_ns, secure=0
01-01 07:52:11.841     0     0 I msmdrm_smmu 5e00000.qcom,mdss_mdp: qcom,smmu_sde_sec_cb: Linked as a consumer to c600000.apps-smmu
01-01 07:52:11.842     0     0 I iommu   : Adding device 5e00000.qcom,mdss_mdp:qcom,smmu_sde_sec_cb to group 16
01-01 07:52:11.842     0     0 I         : [drm] probing device qcom,smmu_sde_sec
01-01 07:52:11.842     0     0 I         : [drm] Created domain mdp_s, secure=1
01-01 07:52:11.842     0     0 I [drm:dsi_panel_get_mode] [msm-dsi-info]: default topology: lm: 1 comp_enc:0 intf: 1
01-01 07:52:11.842     0     0 I         : [drm] Supports vblank timestamp caching Rev 2 (21.10.2013).
01-01 07:52:11.842     0     0 I         : [drm] No driver support for vblank timestamp query.
01-01 07:52:11.843     0     0 I         : [drm] Initialized msm_drm 1.3.0 20130625 for 5e00000.qcom,mdss_mdp on minor 0
01-01 07:52:11.843     0     0 I         : [drm] cont_splash enabled in 1 of 1 display(s)
01-01 07:52:11.843     0     0 I [drm:dsi_ctrl_isr_configure] [msm-dsi-info]: dsi-ctrl-0: IRQ 211 registered
01-01 07:52:11.878     0     0 I msm_cam_smmu soc: qcom,cam_smmu:msm_cam_smmu_tfe: Linked as a consumer to c600000.apps-smmu
01-01 07:52:11.878     0     0 I iommu   : Adding device soc:qcom,cam_smmu:msm_cam_smmu_tfe to group 17
01-01 07:52:11.878     0     0 I msm_cam_smmu soc: qcom,cam_smmu:msm_cam_smmu_ope: Linked as a consumer to c600000.apps-smmu
01-01 07:52:11.879     0     0 I iommu   : Adding device soc:qcom,cam_smmu:msm_cam_smmu_ope to group 18
01-01 07:52:11.879     0     0 I msm_cam_smmu soc: qcom,cam_smmu:msm_cam_smmu_cpas_cdm: Linked as a consumer to c600000.apps-smmu
01-01 07:52:11.879     0     0 I iommu   : Adding device soc:qcom,cam_smmu:msm_cam_smmu_cpas_cdm to group 19
01-01 07:52:11.880     0     0 I cam-cpas 5c11000.qcom,cam-cpas: Linked as a consumer to regulator.2
01-01 07:52:11.885     0     0 I msm_cam_cdm 5c23000.qcom,cpas-cdm0: Linked as a consumer to regulator.2
01-01 07:52:11.889     0     0 I msm_cam_cdm 5c42000.qcom,ope-cdm0: Linked as a consumer to regulator.2
01-01 07:52:11.893     0     0 I tpg_v1 5c66000.qcom,tpg0: Linked as a consumer to regulator.2
01-01 07:52:11.896     0     0 I tpg_v1 5c68000.qcom,tpg0: Linked as a consumer to regulator.2
01-01 07:52:11.899     0     0 I csid_530 5c6e000.qcom,tfe_csid0: Linked as a consumer to regulator.2
01-01 07:52:11.899     0     0 I CAM_INFO: CAM-ISP: cam_tfe_csid_hw_probe_init: 3266 PPI init failed for PPI 3
01-01 07:52:11.899     0     0 I csid_530 5c75000.qcom,tfe_csid1: Linked as a consumer to regulator.2
01-01 07:52:11.899     0     0 I CAM_INFO: CAM-ISP: cam_tfe_csid_hw_probe_init: 3266 PPI init failed for PPI 3
01-01 07:52:11.899     0     0 I csid_530 5c7c000.qcom,tfe_csid2: Linked as a consumer to regulator.2
01-01 07:52:11.899     0     0 I CAM_INFO: CAM-ISP: cam_tfe_csid_hw_probe_init: 3266 PPI init failed for PPI 3
01-01 07:52:11.899     0     0 I CAM_INFO: CAM-UTIL: cam_soc_util_get_option_clk_by_name: 559 No clk data for tfe_dsp_clk
01-01 07:52:11.899     0     0 I CAM_WARN: CAM-ISP: cam_tfe_init_soc_resources: 50 Option clk get failed with rc -22
01-01 07:52:11.899     0     0 I cam_tfe 5c6e000.qcom,tfe0: Linked as a consumer to regulator.2
01-01 07:52:11.902     0     0 I CAM_INFO: CAM-UTIL: cam_soc_util_get_option_clk_by_name: 559 No clk data for tfe_dsp_clk
01-01 07:52:11.902     0     0 I CAM_WARN: CAM-ISP: cam_tfe_init_soc_resources: 50 Option clk get failed with rc -22
01-01 07:52:11.902     0     0 I cam_tfe 5c75000.qcom,tfe1: Linked as a consumer to regulator.2
01-01 07:52:11.904     0     0 I CAM_INFO: CAM-UTIL: cam_soc_util_get_option_clk_by_name: 559 No clk data for tfe_dsp_clk
01-01 07:52:11.904     0     0 I CAM_WARN: CAM-ISP: cam_tfe_init_soc_resources: 50 Option clk get failed with rc -22
01-01 07:52:11.904     0     0 I cam_tfe 5c7c000.qcom,tfe2: Linked as a consumer to regulator.2
01-01 07:52:11.906     0     0 I CAM_INFO: CAM-ISP: cam_isp_dev_probe: 207 Camera ISP probe complete
01-01 07:52:11.907     0     0 I CAM_INFO: CAM: cam_res_mgr_probe: 684 Disable shared gpio support.
01-01 07:52:11.907     0     0 I cam-cci-driver 5c1b000.qcom,cci0: Linked as a consumer to regulator.2
01-01 07:52:11.909     0     0 I CAM_INFO: CAM-CCI: cam_cci_platform_probe: 521 Device Type :0
01-01 07:52:11.909     0     0 I CAM_WARN: CAM-CCI: cam_cci_create_debugfs_entry: 443 DebugFS not enabled
01-01 07:52:11.909     0     0 I cam-csiphy-driver 5c52000.qcom,csiphy0: Linked as a consumer to regulator.2
01-01 07:52:11.909     0     0 I cam-csiphy-driver 5c52000.qcom,csiphy0: Linked as a consumer to regulator.26
01-01 07:52:11.909     0     0 I cam-csiphy-driver 5c52000.qcom,csiphy0: Linked as a consumer to regulator.40
01-01 07:52:11.909     0     0 I cam-csiphy-driver 5c54000.qcom,csiphy1: Linked as a consumer to regulator.2
01-01 07:52:11.909     0     0 I cam-csiphy-driver 5c54000.qcom,csiphy1: Linked as a consumer to regulator.26
01-01 07:52:11.909     0     0 I cam-csiphy-driver 5c54000.qcom,csiphy1: Linked as a consumer to regulator.40
01-01 07:52:11.910     0     0 I cam-csiphy-driver 5c56000.qcom,csiphy2: Linked as a consumer to regulator.2
01-01 07:52:11.910     0     0 I cam-csiphy-driver 5c56000.qcom,csiphy2: Linked as a consumer to regulator.26
01-01 07:52:11.910     0     0 I cam-csiphy-driver 5c56000.qcom,csiphy2: Linked as a consumer to regulator.40
01-01 07:52:11.910     0     0 I CAM_INFO: CAM-ACTUATOR: cam_actuator_parse_dt: 60 No GPIO found
01-01 07:52:11.913     0     0 I ope 5c42000.qcom,ope: Linked as a consumer to regulator.2
01-01 07:52:11.916     0     0 I CAM_INFO: CAM-SMMU: cam_smmu_create_add_handle_in_table: 860 ope already got handle 0x1a2bb
01-01 07:52:11.916     0     0 I         : GACT probability NOT on
01-01 07:52:11.916     0     0 I         : Mirror/redirect action on
01-01 07:52:11.916     0     0 I netem   : version 1.3
01-01 07:52:11.916     0     0 I         : u32 classifier
01-01 07:52:11.916     0     0 I         : Actions configured
01-01 07:52:11.917     0     0 I xt_time : kernel timezone is -0000
01-01 07:52:11.917     0     0 I gre     : GRE over IPv4 demultiplexor driver
01-01 07:52:11.917     0     0 I         : IPv4 over IPsec tunneling driver
01-01 07:52:11.917     0     0 I rmnet_perf_config_notify_cb(): rmnet_perf netdevice register, name = ip_vti0
01-01 07:52:11.918     0     0 I         : Initializing XFRM netlink socket
01-01 07:52:11.918     0     0 I         : IPsec XFRM device driver
01-01 07:52:11.918     0     0 I NET     : Registered protocol family 10
01-01 07:52:11.919     0     0 I         : Segment Routing with IPv6
01-01 07:52:11.919     0     0 I mip6    : Mobile IPv6
01-01 07:52:11.919     0     0 I rmnet_perf_config_notify_cb(): rmnet_perf netdevice register, name = ip6_vti0
01-01 07:52:11.919     0     0 I sit     : IPv6, IPv4 and MPLS over IPv4 tunneling driver
01-01 07:52:11.919     0     0 I rmnet_perf_config_notify_cb(): rmnet_perf netdevice register, name = sit0
01-01 07:52:11.919     0     0 I rmnet_perf_config_notify_cb(): rmnet_perf netdevice register, name = ip6tnl0
01-01 07:52:11.919     0     0 I NET     : Registered protocol family 17
01-01 07:52:11.919     0     0 I NET     : Registered protocol family 15
01-01 07:52:11.919     0     0 I l2tp_core: L2TP core driver, V2.0
01-01 07:52:11.919     0     0 I l2tp_ppp: PPPoL2TP kernel driver, V2.0
01-01 07:52:11.919     0     0 I l2tp_ip : L2TP IP encapsulation support (L2TPv3)
01-01 07:52:11.919     0     0 I l2tp_netlink: L2TP netlink interface
01-01 07:52:11.919     0     0 I l2tp_eth: L2TP ethernet pseudowire support (L2TPv3)
01-01 07:52:11.919     0     0 I l2tp_ip6: L2TP IP encapsulation support for IPv6 (L2TPv3)
01-01 07:52:11.919     0     0 I sctp    : Hash tables configured (bind 256/256)
01-01 07:52:11.920     0     0 I         : Key type dns_resolver registered
01-01 07:52:11.922     0     0 I kgsl-3d 5900000.qcom,kgsl-3d0: Linked as a consumer to regulator.12
01-01 07:52:11.922     0     0 I kgsl-3d 5900000.qcom,kgsl-3d0: Linked as a consumer to regulator.13
01-01 07:52:11.923     0     0 I platform 59a0000.qcom,kgsl-iommu: gfx3d_user: Linked as a consumer to 59a0000.kgsl-smmu
01-01 07:52:11.923     0     0 I iommu   : Adding device 59a0000.qcom,kgsl-iommu:gfx3d_user to group 20
01-01 07:52:11.923     0     0 I platform 59a0000.qcom,kgsl-iommu: gfx3d_secure: Linked as a consumer to 59a0000.kgsl-smmu
01-01 07:52:11.923     0     0 I iommu   : Adding device 59a0000.qcom,kgsl-iommu:gfx3d_secure to group 21
01-01 07:52:11.937     0     0 I msm-dwc3 4e00000.ssusb: Linked as a consumer to regulator.4
01-01 07:52:11.938     0     0 E dwc3 4e00000.dwc3: Failed to get clk 'ref': -2
01-01 07:52:11.938     0     0 I dwc3 4e00000.dwc3: changing max_speed on rev 00000000
01-01 07:52:11.938     0     0 I usb_bam_init: setting SPS_BAM_SMMU_EN flag with (4f04000.qcom,usbbam)
01-01 07:52:11.938     0     0 I sps     : BAM 0x0000000004f04000 is registered.
01-01 07:52:11.939     0     0 E ipa_get_transport_type: 2925 IPA HW is not supported
01-01 07:52:11.939     0     0 E         : Invalid index Defaulting curr to 0
01-01 07:52:11.940     0     0 E ipa_rm_delete_resource: 139 IPA RM was not initialized
01-01 07:52:11.940     0     0 E ipa_get_ipc_logbuf: 3437 IPA HW is not supported
01-01 07:52:11.940     0     0 E ipa_get_ipc_logbuf_low: 3450 IPA HW is not supported
01-01 07:52:11.940     0     0 E usb_bam_ipa_delete_resources: Failed to delete USB_PROD resource
01-01 07:52:11.940     0     0 E ipa_rm_delete_resource: 139 IPA RM was not initialized
01-01 07:52:11.940     0     0 E ipa_get_ipc_logbuf: 3437 IPA HW is not supported
01-01 07:52:11.940     0     0 E ipa_get_ipc_logbuf_low: 3450 IPA HW is not supported
01-01 07:52:11.940     0     0 E usb_bam_ipa_delete_resources: Failed to delete USB_CONS resource
01-01 07:52:11.940     0     0 I msm-dwc3 4e00000.ssusb: Dropping the link to regulator.4
01-01 07:52:11.940     0     0 I rt-pd-manager soc: rt-pd-manager: rt_pd_manager_probe (0.0.8_G) probe_cnt = 2
01-01 07:52:11.941     0     0 I rt-pd-manager soc: rt-pd-manager: rt_pd_manager_probe OK!!
01-01 07:52:11.948     0     0 I msm-dwc3 4e00000.ssusb: Linked as a consumer to regulator.4
01-01 07:52:11.949     0     0 E dwc3 4e00000.dwc3: Failed to get clk 'ref': -2
01-01 07:52:11.949     0     0 I dwc3 4e00000.dwc3: changing max_speed on rev 00000000
01-01 07:52:11.949     0     0 I usb_bam_init: setting SPS_BAM_SMMU_EN flag with (4f04000.qcom,usbbam)
01-01 07:52:11.949     0     0 I sps     : BAM 0x0000000004f04000 is registered.
01-01 07:52:11.949     0     0 E ipa_get_transport_type: 2925 IPA HW is not supported
01-01 07:52:11.950     0     0 I msm-dwc3 4e00000.ssusb: Linked as a consumer to regulator.47
01-01 07:52:11.951     0     0 I core_ctl: Creating CPU group 0
01-01 07:52:11.951     0     0 I core_ctl: Init CPU0 state
01-01 07:52:11.951     0     0 I core_ctl: Init CPU1 state
01-01 07:52:11.951     0     0 I core_ctl: Init CPU2 state
01-01 07:52:11.951     0     0 I core_ctl: Init CPU3 state
01-01 07:52:11.951     0     0 I core_ctl: Creating CPU group 4
01-01 07:52:11.951     0     0 I core_ctl: Init CPU4 state
01-01 07:52:11.951     0     0 I core_ctl: Init CPU5 state
01-01 07:52:11.951     0     0 I core_ctl: Init CPU6 state
01-01 07:52:11.951     0     0 I core_ctl: Init CPU7 state
01-01 07:52:11.951     0     0 I         : registered taskstats version 1
01-01 07:52:11.951     0     0 I         : Loading compiled-in X.509 certificates
01-01 07:52:11.953     0     0 I         : Loaded X.509 cert 'Build time autogenerated kernel key: 7b22a3ec9573ceeb166e75b5efadb3bfd0fa696d'
01-01 07:52:11.953     0     0 I         : Key type ._fscrypt registered
01-01 07:52:11.953     0     0 I         : Key type .fscrypt registered
01-01 07:52:11.953     0     0 I         : Key type fscrypt-provisioning registered
01-01 07:52:11.954     0     0 I msm-dwc3 4e00000.ssusb: DWC3 exited from low power mode
01-01 07:52:11.954     0     0 W         : Error: swapper/0: fastrpc_device_init: failed to create debugfs root dir
01-01 07:52:11.955     0     0 I fastrpc soc: qcom,msm-adsprpc-mem: for adsp_rh segments only will be dumped.
01-01 07:52:11.955     0     0 I adsprpc : init_secure_vmid_list: secure VMID = 22
01-01 07:52:11.955     0     0 I adsprpc : init_secure_vmid_list: secure VMID = 37
01-01 07:52:11.955     0     0 I adsprpc : fastrpc_probe: service location enabled for avs/audio (audio_pdr_adsprpc)
01-01 07:52:11.955     0     0 I adsprpc : fastrpc_probe: service location enabled for tms/servreg (sensors_pdr_adsprpc)
01-01 07:52:11.957     0     0 I msm-dwc3 4e00000.ssusb: DWC3 in low power mode
01-01 07:52:11.957     0     0 I fastrpc soc: qcom,msm_fastrpc:qcom,msm_fastrpc_compute_cb1: Linked as a consumer to c600000.apps-smmu
01-01 07:52:11.957     0     0 I iommu   : Adding device soc:qcom,msm_fastrpc:qcom,msm_fastrpc_compute_cb1 to group 22
01-01 07:52:11.957     0     0 I fastrpc soc: qcom,msm_fastrpc:qcom,msm_fastrpc_compute_cb2: Linked as a consumer to c600000.apps-smmu
01-01 07:52:11.957     0     0 I iommu   : Adding device soc:qcom,msm_fastrpc:qcom,msm_fastrpc_compute_cb2 to group 23
01-01 07:52:11.958     0     0 I fastrpc soc: qcom,msm_fastrpc:qcom,msm_fastrpc_compute_cb3: Linked as a consumer to c600000.apps-smmu
01-01 07:52:11.958     0     0 I iommu   : Adding device soc:qcom,msm_fastrpc:qcom,msm_fastrpc_compute_cb3 to group 24
01-01 07:52:11.958     0     0 I fastrpc soc: qcom,msm_fastrpc:qcom,msm_fastrpc_compute_cb4: Linked as a consumer to c600000.apps-smmu
01-01 07:52:11.959     0     0 I iommu   : Adding device soc:qcom,msm_fastrpc:qcom,msm_fastrpc_compute_cb4 to group 25
01-01 07:52:11.959     0     0 I fastrpc soc: qcom,msm_fastrpc:qcom,msm_fastrpc_compute_cb5: Linked as a consumer to c600000.apps-smmu
01-01 07:52:11.959     0     0 I iommu   : Adding device soc:qcom,msm_fastrpc:qcom,msm_fastrpc_compute_cb5 to group 26
01-01 07:52:11.960     0     0 I fastrpc soc: qcom,msm_fastrpc:qcom,msm_fastrpc_compute_cb6: Linked as a consumer to c600000.apps-smmu
01-01 07:52:11.960     0     0 I iommu   : Adding device soc:qcom,msm_fastrpc:qcom,msm_fastrpc_compute_cb6 to group 27
01-01 07:52:11.960     0     0 I fastrpc soc: qcom,msm_fastrpc:qcom,msm_fastrpc_compute_cb9: Linked as a consumer to c600000.apps-smmu
01-01 07:52:11.960     0     0 I iommu   : Adding device soc:qcom,msm_fastrpc:qcom,msm_fastrpc_compute_cb9 to group 28
01-01 07:52:11.961     0     0 I fastrpc soc: qcom,msm_fastrpc:qcom,msm_fastrpc_compute_cb10: Linked as a consumer to c600000.apps-smmu
01-01 07:52:11.961     0     0 I iommu   : Adding device soc:qcom,msm_fastrpc:qcom,msm_fastrpc_compute_cb10 to group 29
01-01 07:52:11.961     0     0 I fastrpc soc: qcom,msm_fastrpc:qcom,msm_fastrpc_compute_cb11: Linked as a consumer to c600000.apps-smmu
01-01 07:52:11.962     0     0 I iommu   : Adding device soc:qcom,msm_fastrpc:qcom,msm_fastrpc_compute_cb11 to group 30
01-01 07:52:11.962     0     0 I fastrpc soc: qcom,msm_fastrpc:qcom,msm_fastrpc_compute_cb12: Linked as a consumer to c600000.apps-smmu
01-01 07:52:11.962     0     0 I iommu   : Adding device soc:qcom,msm_fastrpc:qcom,msm_fastrpc_compute_cb12 to group 31
01-01 07:52:11.963     0     0 I fastrpc soc: qcom,msm_fastrpc:qcom,msm_fastrpc_compute_cb13: Linked as a consumer to c600000.apps-smmu
01-01 07:52:11.963     0     0 I iommu   : Adding device soc:qcom,msm_fastrpc:qcom,msm_fastrpc_compute_cb13 to group 32
01-01 07:52:11.963     0     0 I fastrpc soc: qcom,msm_fastrpc:qcom,msm_fastrpc_compute_cb14: Linked as a consumer to c600000.apps-smmu
01-01 07:52:11.963     0     0 I iommu   : Adding device soc:qcom,msm_fastrpc:qcom,msm_fastrpc_compute_cb14 to group 33
01-01 07:52:11.964     0     0 I adsprpc : fastrpc_device_init: SSR notifier registered for adsp
01-01 07:52:11.964     0     0 I adsprpc : fastrpc_device_init: SSR notifier registered for modem
01-01 07:52:11.964     0     0 I adsprpc : fastrpc_device_init: SSR notifier registered for slpi
01-01 07:52:11.964     0     0 I adsprpc : fastrpc_device_init: SSR notifier registered for cdsp
01-01 07:52:11.965     0     0 W i2c_pmic 0-0009: ignoring dependency for device, assuming no driver
01-01 07:52:11.965     0     0 W msm-cdc-pinctrl soc: msm_cdc_pinctrl_pri: ignoring dependency for device, assuming no driver
01-01 07:52:11.967     0     0 I input   : gpio-keys as /devices/platform/soc/soc:gpio_keys/input/input1
01-01 07:52:11.973     0     0 W i2c_pmic 0-0009: ignoring dependency for device, assuming no driver
01-01 07:52:11.973     0     0 W msm-cdc-pinctrl soc: msm_cdc_pinctrl_pri: ignoring dependency for device, assuming no driver
01-01 07:52:11.986     0     0 I spi_geni 4a80000.spi: tx_fifo 16 rx_fifo 32 tx_width 32
01-01 07:52:12.012     0     0 I input   : himax-touchscreen as /devices/virtual/input/input2
01-01 07:52:12.012     0     0 I input   : himax-stylus as /devices/virtual/input/input3
01-01 07:52:12.013     0     0 W i2c_pmic 0-0009: ignoring dependency for device, assuming no driver
01-01 07:52:12.013     0     0 W msm-cdc-pinctrl soc: msm_cdc_pinctrl_pri: ignoring dependency for device, assuming no driver
01-01 07:52:12.013     0     0 E         : [NVT-ts] nvt_driver_init 2900: start nvt_driver_init
01-01 07:52:12.013     0     0 E         : [NVT-ts] nvt_driver_init 2902: It is not nt36523w panel,NOT init nvt TP
01-01 07:52:12.014     0     0 I lpm_levels: Cluster (system) stats not registered
01-01 07:52:12.014     0     0 I lpm_levels: Cluster (perf) stats not registered
01-01 07:52:12.014     0     0 I lpm_levels: Cluster (pwr) stats not registered
01-01 07:52:12.015     0     0 W i2c_pmic 0-0009: ignoring dependency for device, assuming no driver
01-01 07:52:12.015     0     0 W msm-cdc-pinctrl soc: msm_cdc_pinctrl_pri: ignoring dependency for device, assuming no driver
01-01 07:52:12.017     0     0 E ipa-wan ipa3_wwan_init: 4773 ipa3_ctx was not initialized
01-01 07:52:12.017     0     0 E ipa_get_ipc_logbuf: 3437 IPA HW is not supported
01-01 07:52:12.017     0     0 E ipa_get_ipc_logbuf_low: 3450 IPA HW is not supported
01-01 07:52:12.017     0     0 I         : RNDIS_IPA module is loaded.
01-01 07:52:12.017     0     0 I sde_mdp_parse_dt_prop_len: <SDEROT_INFO> prop qcom,mdss-rot-vbif-memtype : doesn't exist in device tree
01-01 07:52:12.017     0     0 I sde_mdp_parse_dt_prop_len: <SDEROT_INFO> prop qcom,mdss-inline-rot-qos-lut : doesn't exist in device tree
01-01 07:52:12.017     0     0 I sde_mdp_parse_dt_prop_len: <SDEROT_INFO> prop qcom,mdss-inline-rot-danger-lut : doesn't exist in device tree
01-01 07:52:12.017     0     0 I sde_mdp_parse_dt_prop_len: <SDEROT_INFO> prop qcom,mdss-inline-rot-safe-lut : doesn't exist in device tree
01-01 07:52:12.018     0     0 I sde_smmu 5e00000.qcom,mdss_rotator: qcom,smmu_rot_unsec_cb: Linked as a consumer to c600000.apps-smmu
01-01 07:52:12.018     0     0 I iommu   : Adding device 5e00000.qcom,mdss_rotator:qcom,smmu_rot_unsec_cb to group 34
01-01 07:52:12.018     0     0 I sde_smmu_probe: <SDEROT_INFO> iommu v2 domain[0] mapping and clk register successful!
01-01 07:52:12.018     0     0 W i2c_pmic 0-0009: ignoring dependency for device, assuming no driver
01-01 07:52:12.018     0     0 W msm-cdc-pinctrl soc: msm_cdc_pinctrl_pri: ignoring dependency for device, assuming no driver
01-01 07:52:12.019     0     0 I sde_smmu 5e00000.qcom,mdss_rotator: qcom,smmu_rot_sec_cb: Linked as a consumer to c600000.apps-smmu
01-01 07:52:12.020     0     0 I iommu   : Adding device 5e00000.qcom,mdss_rotator:qcom,smmu_rot_sec_cb to group 35
01-01 07:52:12.020     0     0 I sde_smmu_probe: <SDEROT_INFO> iommu v2 domain[1] mapping and clk register successful!
01-01 07:52:12.020     0     0 W i2c_pmic 0-0009: ignoring dependency for device, assuming no driver
01-01 07:52:12.020     0     0 W msm-cdc-pinctrl soc: msm_cdc_pinctrl_pri: ignoring dependency for device, assuming no driver
01-01 07:52:12.021     0     0 E         : No change in context(0==0), skip
01-01 07:52:12.023     0     0 I sde_rotator 5e00000.qcom,mdss_rotator: <SDEROT_INFO> SDE v4l2 rotator probe success
01-01 07:52:12.023     0     0 W i2c_pmic 0-0009: ignoring dependency for device, assuming no driver
01-01 07:52:12.023     0     0 W msm-cdc-pinctrl soc: msm_cdc_pinctrl_pri: ignoring dependency for device, assuming no driver
01-01 07:52:12.024     0     0 I [Awinic]aw882xx_i2c_init: aw882xx driver version v1.8.0
01-01 07:52:12.024     0     0 I [Awinic]aw882xx_i2c_probe: enter addr=0x34
01-01 07:52:12.024     0     0 I [Awinic][0-0034]aw882xx_parse_gpio_dt: reset gpio provided ok
01-01 07:52:12.024     0     0 I [Awinic][0-0034]aw882xx_parse_gpio_dt: no irq gpio provided.
01-01 07:52:12.024     0     0 I [Awinic][0-0034]aw882xx_parse_dt: dc-flag = 0
01-01 07:52:12.024     0     0 I [Awinic][0-0034]aw882xx_parse_dt: read sync flag failed,default phase sync off
01-01 07:52:12.024     0     0 I [Awinic][0-0034]aw882xx_hw_reset: enter
01-01 07:52:12.028     0     0 I [Awinic][0-0034]aw882xx_read_chipid: aw882xx 2013 detected
01-01 07:52:12.028     0     0 I [Awinic][0-0034]aw_pid_2013_efver_check: A2013 EFVER B
01-01 07:52:12.028     0     0 I [Awinic][0-0034]aw_pid_2013_efver_check: bstcfg enable: 0
01-01 07:52:12.028     0     0 I [Awinic][0-0034]aw_device_parse_topo_id_dt: tx-topo-id: 0x1000ff00, rx-topo-id: 0x1000ff01
01-01 07:52:12.028     0     0 I [Awinic][0-0034]aw_device_parse_port_id_dt: tx-port-id: 0x9001, rx-port-id: 0x9000
01-01 07:52:12.028     0     0 I [Awinic][0-0034]aw_cali_parse_dt: cali mode str:aw_attr num:1
01-01 07:52:12.028     0     0 I [Awinic][0-0034]aw_cali_attr_init: enter
01-01 07:52:12.028     0     0 I [Awinic][0-0034]aw_cali_parse_re_dt: re min: 4000, re max: 30000
01-01 07:52:12.028     0     0 I [Awinic][0-0034]aw_monitor_init: enter
01-01 07:52:12.028     0     0 I [Awinic][0-0034]aw_parse_spin_dts: spin mode is 1
01-01 07:52:12.028     0     0 I [Awinic][0-0034]aw_spin_init: aw_spin_kcontrol_st:1
01-01 07:52:12.028     0     0 I [Awinic][0-0034]aw882xx_interrupt_init: gpio invalid
01-01 07:52:12.028     0     0 I [Awinic][0-0034]aw882xx_dai_drv_append_suffix: dai name [aw882xx-aif-0-34]
01-01 07:52:12.028     0     0 I [Awinic][0-0034]aw882xx_dai_drv_append_suffix: pstream_name name [Speaker_Playback-0-34]
01-01 07:52:12.028     0     0 I [Awinic][0-0034]aw882xx_dai_drv_append_suffix: cstream_name name [Speaker_Capture-0-34]
01-01 07:52:12.028     0     0 I [Awinic][0-0034]aw882xx_i2c_probe: dev_cnt 1
01-01 07:52:12.028     0     0 W i2c_pmic 0-0009: ignoring dependency for device, assuming no driver
01-01 07:52:12.028     0     0 W msm-cdc-pinctrl soc: msm_cdc_pinctrl_pri: ignoring dependency for device, assuming no driver
01-01 07:52:12.029     0     0 I [Awinic]aw882xx_i2c_probe: enter addr=0x35
01-01 07:52:12.029     0     0 I [Awinic][0-0035]aw882xx_parse_gpio_dt: reset gpio provided ok
01-01 07:52:12.029     0     0 I [Awinic][0-0035]aw882xx_parse_gpio_dt: no irq gpio provided.
01-01 07:52:12.029     0     0 I [Awinic][0-0035]aw882xx_parse_dt: dc-flag = 0
01-01 07:52:12.029     0     0 I [Awinic][0-0035]aw882xx_parse_dt: read sync flag failed,default phase sync off
01-01 07:52:12.029     0     0 E [Awinic][0-0035]aw882xx_gpio_request: rst request failed
01-01 07:52:12.029     0     0 I [Awinic][0-0035]aw882xx_hw_reset: enter
01-01 07:52:12.032     0     0 I [Awinic][0-0035]aw882xx_read_chipid: aw882xx 2013 detected
01-01 07:52:12.032     0     0 I [Awinic][0-0035]aw_pid_2013_efver_check: A2013 EFVER B
01-01 07:52:12.032     0     0 I [Awinic][0-0035]aw_pid_2013_efver_check: bstcfg enable: 0
01-01 07:52:12.032     0     0 I [Awinic][0-0035]aw_device_parse_topo_id_dt: tx-topo-id: 0x1000ff00, rx-topo-id: 0x1000ff01
01-01 07:52:12.032     0     0 I [Awinic][0-0035]aw_device_parse_port_id_dt: tx-port-id: 0x9001, rx-port-id: 0x9000
01-01 07:52:12.032     0     0 I [Awinic][0-0035]aw_cali_parse_dt: cali mode str:aw_attr num:1
01-01 07:52:12.032     0     0 I [Awinic][0-0035]aw_cali_attr_init: enter
01-01 07:52:12.032     0     0 I [Awinic][0-0035]aw_cali_parse_re_dt: re min: 4000, re max: 30000
01-01 07:52:12.032     0     0 I [Awinic][0-0035]aw_monitor_init: enter
01-01 07:52:12.032     0     0 I [Awinic][0-0035]aw_parse_spin_dts: spin mode is 1
01-01 07:52:12.032     0     0 I [Awinic][0-0035]aw_spin_init: aw_spin_kcontrol_st:1
01-01 07:52:12.032     0     0 I [Awinic][0-0035]aw882xx_interrupt_init: gpio invalid
01-01 07:52:12.032     0     0 I [Awinic][0-0035]aw882xx_dai_drv_append_suffix: dai name [aw882xx-aif-0-35]
01-01 07:52:12.032     0     0 I [Awinic][0-0035]aw882xx_dai_drv_append_suffix: pstream_name name [Speaker_Playback-0-35]
01-01 07:52:12.032     0     0 I [Awinic][0-0035]aw882xx_dai_drv_append_suffix: cstream_name name [Speaker_Capture-0-35]
01-01 07:52:12.032     0     0 I [Awinic][0-0035]aw882xx_i2c_probe: dev_cnt 2
01-01 07:52:12.032     0     0 W i2c_pmic 0-0009: ignoring dependency for device, assuming no driver
01-01 07:52:12.032     0     0 W msm-cdc-pinctrl soc: msm_cdc_pinctrl_pri: ignoring dependency for device, assuming no driver
01-01 07:52:12.032     0     0 I [Awinic]aw882xx_i2c_probe: enter addr=0x34
01-01 07:52:12.032     0     0 I [Awinic][1-0034]aw882xx_parse_gpio_dt: reset gpio provided ok
01-01 07:52:12.032     0     0 I [Awinic][1-0034]aw882xx_parse_gpio_dt: no irq gpio provided.
01-01 07:52:12.032     0     0 I [Awinic][1-0034]aw882xx_parse_dt: dc-flag = 0
01-01 07:52:12.032     0     0 I [Awinic][1-0034]aw882xx_parse_dt: read sync flag failed,default phase sync off
01-01 07:52:12.032     0     0 E [Awinic][1-0034]aw882xx_gpio_request: rst request failed
01-01 07:52:12.032     0     0 I [Awinic][1-0034]aw882xx_hw_reset: enter
01-01 07:52:12.036     0     0 I [Awinic][1-0034]aw882xx_read_chipid: aw882xx 2013 detected
01-01 07:52:12.036     0     0 I [Awinic][1-0034]aw_pid_2013_efver_check: A2013 EFVER B
01-01 07:52:12.036     0     0 I [Awinic][1-0034]aw_pid_2013_efver_check: bstcfg enable: 0
01-01 07:52:12.036     0     0 I [Awinic][1-0034]aw_device_parse_topo_id_dt: tx-topo-id: 0x1000ff00, rx-topo-id: 0x1000ff01
01-01 07:52:12.036     0     0 I [Awinic][1-0034]aw_device_parse_port_id_dt: tx-port-id: 0x9001, rx-port-id: 0x9000
01-01 07:52:12.036     0     0 I [Awinic][1-0034]aw_cali_parse_dt: cali mode str:aw_attr num:1
01-01 07:52:12.036     0     0 I [Awinic][1-0034]aw_cali_attr_init: enter
01-01 07:52:12.036     0     0 I [Awinic][1-0034]aw_cali_parse_re_dt: re min: 4000, re max: 30000
01-01 07:52:12.036     0     0 I [Awinic][1-0034]aw_monitor_init: enter
01-01 07:52:12.036     0     0 I [Awinic][1-0034]aw_parse_spin_dts: spin mode is 1
01-01 07:52:12.036     0     0 I [Awinic][1-0034]aw_spin_init: aw_spin_kcontrol_st:1
01-01 07:52:12.036     0     0 I [Awinic][1-0034]aw882xx_interrupt_init: gpio invalid
01-01 07:52:12.036     0     0 I [Awinic][1-0034]aw882xx_dai_drv_append_suffix: dai name [aw882xx-aif-1-34]
01-01 07:52:12.036     0     0 I [Awinic][1-0034]aw882xx_dai_drv_append_suffix: pstream_name name [Speaker_Playback-1-34]
01-01 07:52:12.036     0     0 I [Awinic][1-0034]aw882xx_dai_drv_append_suffix: cstream_name name [Speaker_Capture-1-34]
01-01 07:52:12.036     0     0 I [Awinic][1-0034]aw882xx_i2c_probe: dev_cnt 3
01-01 07:52:12.036     0     0 W i2c_pmic 0-0009: ignoring dependency for device, assuming no driver
01-01 07:52:12.036     0     0 W msm-cdc-pinctrl soc: msm_cdc_pinctrl_pri: ignoring dependency for device, assuming no driver
01-01 07:52:12.036     0     0 I [Awinic]aw882xx_i2c_probe: enter addr=0x35
01-01 07:52:12.036     0     0 I [Awinic][1-0035]aw882xx_parse_gpio_dt: reset gpio provided ok
01-01 07:52:12.036     0     0 I [Awinic][1-0035]aw882xx_parse_gpio_dt: no irq gpio provided.
01-01 07:52:12.036     0     0 I [Awinic][1-0035]aw882xx_parse_dt: dc-flag = 0
01-01 07:52:12.036     0     0 I [Awinic][1-0035]aw882xx_parse_dt: read sync flag failed,default phase sync off
01-01 07:52:12.036     0     0 E [Awinic][1-0035]aw882xx_gpio_request: rst request failed
01-01 07:52:12.037     0     0 I [Awinic][1-0035]aw882xx_hw_reset: enter
01-01 07:52:12.040     0     0 I [Awinic][1-0035]aw882xx_read_chipid: aw882xx 2013 detected
01-01 07:52:12.040     0     0 I [Awinic][1-0035]aw_pid_2013_efver_check: A2013 EFVER B
01-01 07:52:12.040     0     0 I [Awinic][1-0035]aw_pid_2013_efver_check: bstcfg enable: 0
01-01 07:52:12.040     0     0 I [Awinic][1-0035]aw_device_parse_topo_id_dt: tx-topo-id: 0x1000ff00, rx-topo-id: 0x1000ff01
01-01 07:52:12.040     0     0 I [Awinic][1-0035]aw_device_parse_port_id_dt: tx-port-id: 0x9001, rx-port-id: 0x9000
01-01 07:52:12.040     0     0 I [Awinic][1-0035]aw_cali_parse_dt: cali mode str:aw_attr num:1
01-01 07:52:12.040     0     0 I [Awinic][1-0035]aw_cali_attr_init: enter
01-01 07:52:12.040     0     0 I [Awinic][1-0035]aw_cali_parse_re_dt: re min: 4000, re max: 30000
01-01 07:52:12.040     0     0 I [Awinic][1-0035]aw_monitor_init: enter
01-01 07:52:12.040     0     0 I [Awinic][1-0035]aw_parse_spin_dts: spin mode is 1
01-01 07:52:12.040     0     0 I [Awinic][1-0035]aw_spin_init: aw_spin_kcontrol_st:1
01-01 07:52:12.040     0     0 I [Awinic][1-0035]aw882xx_interrupt_init: gpio invalid
01-01 07:52:12.040     0     0 I [Awinic][1-0035]aw882xx_dai_drv_append_suffix: dai name [aw882xx-aif-1-35]
01-01 07:52:12.040     0     0 I [Awinic][1-0035]aw882xx_dai_drv_append_suffix: pstream_name name [Speaker_Playback-1-35]
01-01 07:52:12.040     0     0 I [Awinic][1-0035]aw882xx_dai_drv_append_suffix: cstream_name name [Speaker_Capture-1-35]
01-01 07:52:12.040     0     0 I [Awinic][1-0035]aw882xx_i2c_probe: dev_cnt 4
01-01 07:52:12.040     0     0 W i2c_pmic 0-0009: ignoring dependency for device, assuming no driver
01-01 07:52:12.040     0     0 W msm-cdc-pinctrl soc: msm_cdc_pinctrl_pri: ignoring dependency for device, assuming no driver
01-01 07:52:12.041     0     0 I CAM_ERR : CAM-CCI: cam_cci_assign_fops: 601 Invalid dev node:00000000e81ed627 offset: 0
01-01 07:52:12.041     0     0 I cfg80211: Loading compiled-in X.509 certificates for regulatory database
01-01 07:52:12.042     0     0 I cfg80211: Loaded X.509 cert 'sforshee: 00b28ddf47aef9cea7'
01-01 07:52:12.045     0     0 I regulator_proxy_consumer_remove_all: removing regulator proxy consumer requests
01-01 07:52:12.045     0     0 I         : __tcpc_class_complete_work = type_c_port0
01-01 07:52:12.050     0     0 I TCPC-TYPEC: typec_init: TrySNK
01-01 07:52:12.050     0     0 I TCPC-TYPEC: PowerOffCharge
01-01 07:52:12.050     0     0 I TCPC-TYPEC: ** Unattached.SNK
01-01 07:52:12.052     0     0 I tcpc_device_irq_enable: tcpc irq enable OK!
01-01 07:52:12.052     0     0 I         : ALSA device list:
01-01 07:52:12.052     0     0 I         : No soundcards found.
01-01 07:52:12.052     0     0 E         : Warning: unable to open an initial console.
01-01 07:52:12.052     0     0 I         : Freeing unused kernel memory: 1344K
01-01 07:52:12.052     0     0 I TCPC-TCPC: Alert:0x0003, Mask:0x21067f
01-01 07:52:12.052     0     0 I         : Run /init as init process
01-01 07:52:12.053     0     0 I TCPC-TYPEC: [CC_Alert] 0/5
01-01 07:52:12.053     0     0 I TCPC-TYPEC: ** AttachWait.SNK
01-01 07:52:12.053     0     0 E rt-pd-manager soc: rt-pd-manager: lsw pd_tcp_notifier_call 425!!
01-01 07:52:12.054     0     0 I TCPC-TCPC: ps_change=2
01-01 07:52:12.073     0     0 E         : ### Bayhub debug: degrade count is 0 ###
01-01 07:52:12.074     0     0 I mmc0    : Load BHT patch RC8.3.1-DS=4
01-01 07:52:12.074     0     0 I         : gg_sw_def[8] = 0x30503106, gg_sw_def[9]=0x64141711, gg_sw_def[15]=4a414177
01-01 07:52:12.090     0     0 E mmc0    : the new mode is 0x00000003
01-01 07:52:12.117     0     0 E mmc0    : tuning execution failed: 1
01-01 07:52:12.117     0     0 I mmc0    : det_gpio pin 1255 status is 1
01-01 07:52:12.117     0     0 I mmc0    : apply bht power off patch
01-01 07:52:12.117     0     0 I mmc0    : present status is 1
01-01 07:52:12.117     0     0 I mmc0    : pwr_gpio pin 1260 status is 0
01-01 07:52:12.131     0     0 I mmc0    : detect_gpio pin 1255 status is 1
01-01 07:52:12.131     0     0 I mmc0    : apply bht power on patch
01-01 07:52:12.131     0     0 I mmc0    : present status is 1
01-01 07:52:12.131     0     0 I mmc0    : pwr_gpio pin 1260 status is 1
01-01 07:52:12.147     0     0 I init    : init first stage started!
01-01 07:52:12.147     0     0 I init    : Unable to open /lib/modules, skipping module loading.
01-01 07:52:12.147     0     0 I init    : First stage mount skipped (recovery mode)
01-01 07:52:12.147     0     0 I init    : [libfs_mgr]dt_fstab: Skip disabled entry for partition vendor
01-01 07:52:12.147     0     0 I init    : [libfs_mgr]ReadFstabFromDt(): failed to read fstab from dt
01-01 07:52:12.147     0     0 I init    : [libfs_mgr]dt_fstab: Skip disabled entry for partition vendor
01-01 07:52:12.148     0     0 I init    : Using Android DT directory /proc/device-tree/firmware/android/
01-01 07:52:12.167     0     0 E init    : [libfs_avb]Invalid hash size:
01-01 07:52:12.167     0     0 E init    : [libfs_avb]Failed to verify vbmeta digest
01-01 07:52:12.167     0     0 I init    : [libfs_avb]Returning avb_handle with status: VerificationDisabled
01-01 07:52:12.167     0     0 I KernelSU: /system/bin/init argc: 2
01-01 07:52:12.167     0     0 I KernelSU: first arg: selinux_setup
01-01 07:52:12.173     0     0 I TCPC-TYPEC: [CC_Change] 0/5
01-01 07:52:12.173     0     0 I TCPC-TYPEC: ** Attached.SNK
01-01 07:52:12.174     0     0 I TCPC-TYPEC: Attached-> SINK
01-01 07:52:12.174     0     0 I TCPC-TCPC: usb_port_attached
01-01 07:52:12.174     0     0 E rt-pd-manager soc: rt-pd-manager: lsw pd_tcp_notifier_call 425!!
01-01 07:52:12.174     0     0 I rt-pd-manager soc: rt-pd-manager: pd_tcp_notifier_call sink vbus 5000mV 100mA type(0x01)
01-01 07:52:12.174     0     0 E rt-pd-manager soc: rt-pd-manager: lsw pd_tcp_notifier_call 425!!
01-01 07:52:12.174     0     0 I rt-pd-manager soc: rt-pd-manager: pd_tcp_notifier_call Charger plug in, polarity = 1
01-01 07:52:12.184     0     0 I rt-pd-manager soc: rt-pd-manager: usb_dwork_handler Device
01-01 07:52:12.196     0     0 I rt-pd-manager soc: rt-pd-manager: usb_dwork_handler Device
01-01 07:52:12.208     0     0 I rt-pd-manager soc: rt-pd-manager: usb_dwork_handler Device
01-01 07:52:12.212     0     0 W himax_ts spi0.0: Falling back to syfs fallback for: Himax_firmware.bin
01-01 07:52:12.220     0     0 I rt-pd-manager soc: rt-pd-manager: usb_dwork_handler Device
01-01 07:52:12.232     0     0 I rt-pd-manager soc: rt-pd-manager: usb_dwork_handler Device
01-01 07:52:12.244     0     0 I rt-pd-manager soc: rt-pd-manager: usb_dwork_handler Device
01-01 07:52:12.255     0     0 I init    : [libfs_mgr]dt_fstab: Skip disabled entry for partition vendor
01-01 07:52:12.255     0     0 W init    : DM_DEV_STATUS failed for system_ext_a: No such device or address
01-01 07:52:12.255     0     0 E init    : Could not update logical partition
01-01 07:52:12.256     0     0 W init    : DM_DEV_STATUS failed for product_a: No such device or address
01-01 07:52:12.256     0     0 E init    : Could not update logical partition
01-01 07:52:12.256     0     0 I init    : Opening SELinux policy
01-01 07:52:12.256     0     0 I rt-pd-manager soc: rt-pd-manager: usb_dwork_handler Device
01-01 07:52:12.256     0     0 I init    : Loading SELinux policy
01-01 07:52:12.265     0     0 I SELinux : Permission nlmsg_getneigh in class netlink_route_socket not defined in policy.
01-01 07:52:12.265     0     0 I SELinux : the above unknown classes and permissions will be denied
01-01 07:52:12.265     0     0 I SELinux : policy capability network_peer_controls=1
01-01 07:52:12.265     0     0 I SELinux : policy capability open_perms=1
01-01 07:52:12.265     0     0 I SELinux : policy capability extended_socket_class=1
01-01 07:52:12.265     0     0 I SELinux : policy capability always_check_network=0
01-01 07:52:12.265     0     0 I SELinux : policy capability cgroup_seclabel=0
01-01 07:52:12.265     0     0 I SELinux : policy capability nnp_nosuid_transition=1
01-01 07:52:12.268     0     0 I rt-pd-manager soc: rt-pd-manager: usb_dwork_handler Device
01-01 07:52:12.280     0     0 I rt-pd-manager soc: rt-pd-manager: usb_dwork_handler Device
01-01 07:52:12.292     0     0 I rt-pd-manager soc: rt-pd-manager: usb_dwork_handler Device
01-01 07:52:12.304     0     0 I rt-pd-manager soc: rt-pd-manager: usb_dwork_handler Device
01-01 07:52:12.306     0     0 I selinux : SELinux: Loaded file_contexts
01-01 07:52:12.306     0     0 I selinux :  
01-01 07:52:12.307     0     0 I KernelSU: /system/bin/init argc: 2
01-01 07:52:12.307     0     0 I KernelSU: first arg: second_stage
01-01 07:52:12.307     0     0 I KernelSU: /system/bin/init second_stage executed
01-01 07:52:12.307     0     0 I KernelSU: SELinux permissive or disabled, apply rules!
01-01 07:52:12.316     0     0 I rt-pd-manager soc: rt-pd-manager: usb_dwork_handler Device
01-01 07:52:12.327     0     0 I KernelSU: android context saved disabled
01-01 07:52:12.328     0     0 I rt-pd-manager soc: rt-pd-manager: usb_dwork_handler Device
01-01 07:52:12.340     0     0 I rt-pd-manager soc: rt-pd-manager: usb_dwork_handler Device
01-01 07:52:12.352     0     0 I rt-pd-manager soc: rt-pd-manager: usb_dwork_handler Device
01-01 07:52:12.364     0     0 I rt-pd-manager soc: rt-pd-manager: usb_dwork_handler Device
01-01 07:52:12.376     0     0 I rt-pd-manager soc: rt-pd-manager: usb_dwork_handler Device
01-01 07:52:12.380     0     0 E         : ### Bayhub debug: degrade count is 0 ###
01-01 07:52:12.381     0     0 I mmc0    : Load BHT patch RC8.3.1-DS=4
01-01 07:52:12.381     0     0 I mmc0    : driver strength should be init to 5
01-01 07:52:12.381     0     0 I         : gg_sw_def[8] = 0x30503106, gg_sw_def[9]=0x64141711, gg_sw_def[15]=5a514177
01-01 07:52:12.388     0     0 I rt-pd-manager soc: rt-pd-manager: usb_dwork_handler Device
01-01 07:52:12.398     0     0 E mmc0    : the new mode is 0x00000003
01-01 07:52:12.400     0     0 I rt-pd-manager soc: rt-pd-manager: usb_dwork_handler Device
01-01 07:52:12.412     0     0 I rt-pd-manager soc: rt-pd-manager: usb_dwork_handler Device
01-01 07:52:12.415     0     0 I init    : init second stage started!
01-01 07:52:12.424     0     0 I rt-pd-manager soc: rt-pd-manager: usb_dwork_handler Device
01-01 07:52:12.430     0     0 I init    : Using Android DT directory /proc/device-tree/firmware/android/
01-01 07:52:12.432     0     0 W init    : Overriding previous property 'persist.sys.usb.config':'adb' with new value 'none'
01-01 07:52:12.432     0     0 W init    : Couldn't load property file '/system/build.prop': open() failed: No such file or directory: No such file or directory
01-01 07:52:12.433     0     0 W init    : Couldn't load property file '/system_ext/etc/build.prop': open() failed: No such file or directory: No such file or directory
01-01 07:52:12.433     0     0 W init    : Couldn't load property file '/system_ext/default.prop': open() failed: No such file or directory: No such file or directory
01-01 07:52:12.433     0     0 W init    : Couldn't load property file '/system_ext/build.prop': open() failed: No such file or directory: No such file or directory
01-01 07:52:12.433     0     0 W init    : Couldn't load property file '/system_ext/default.prop': open() failed: No such file or directory: No such file or directory
01-01 07:52:12.433     0     0 W init    : Couldn't load property file '/system_ext/build.prop': open() failed: No such file or directory: No such file or directory
01-01 07:52:12.433     0     0 W init    : Couldn't load property file '/vendor/default.prop': open() failed: No such file or directory: No such file or directory
01-01 07:52:12.436     0     0 I rt-pd-manager soc: rt-pd-manager: usb_dwork_handler Device
01-01 07:52:12.445     0     0 I KernelSU: /system/bin/init argc: 4
01-01 07:52:12.448     0     0 I rt-pd-manager soc: rt-pd-manager: usb_dwork_handler Device
01-01 07:52:12.460     0     0 I rt-pd-manager soc: rt-pd-manager: usb_dwork_handler Device
01-01 07:52:12.472     0     0 I rt-pd-manager soc: rt-pd-manager: usb_dwork_handler Device
01-01 07:52:12.484     0     0 I rt-pd-manager soc: rt-pd-manager: usb_dwork_handler Device
01-01 07:52:12.496     0     0 I rt-pd-manager soc: rt-pd-manager: usb_dwork_handler Device
01-01 07:52:12.508     0     0 I rt-pd-manager soc: rt-pd-manager: usb_dwork_handler Device
01-01 07:52:12.520     0     0 I rt-pd-manager soc: rt-pd-manager: usb_dwork_handler Device
01-01 07:52:12.532     0     0 I rt-pd-manager soc: rt-pd-manager: usb_dwork_handler Device
01-01 07:52:12.544     0     0 I rt-pd-manager soc: rt-pd-manager: usb_dwork_handler Device
01-01 07:52:12.547     0     0 I ueventd : ueventd started!
01-01 07:52:12.548     0     0 I selinux : SELinux: Loaded file_contexts
01-01 07:52:12.548     0     0 I selinux :  
01-01 07:52:12.548     0     0 I ueventd : Parsing file /system/etc/ueventd.rc...
01-01 07:52:12.556     0     0 I rt-pd-manager soc: rt-pd-manager: usb_dwork_handler Device
01-01 07:52:12.564     0     0 I wt6670f-charge 2-0036: wt6670f_get_vbus_voltage: buf[0]: 0x0, buf[1]: 0xf1, adc_volt: 0xf1, vbus_volt: 3953
01-01 07:52:12.564     0     0 E         : get prop 155 is not supported in usb
01-01 07:52:12.564     0     0 E         : get prop 184 is not supported in usb
01-01 07:52:12.564     0     0 E         : get prop 82 is not supported in usb
01-01 07:52:12.568     0     0 I rt-pd-manager soc: rt-pd-manager: usb_dwork_handler Device
01-01 07:52:12.580     0     0 I rt-pd-manager soc: rt-pd-manager: usb_dwork_handler Device
01-01 07:52:12.592     0     0 I rt-pd-manager soc: rt-pd-manager: usb_dwork_handler Device
01-01 07:52:12.597     0     0 E         : get prop 8 is not supported in usb
01-01 07:52:12.597     0     0 E bq2589x-1 1-006a: Couldn't get prop 8 rc = -22
01-01 07:52:12.597     0     0 E         : get prop 184 is not supported in usb
01-01 07:52:12.597     0     0 E bq2589x-1 1-006a: Couldn't get prop 184 rc = -22
01-01 07:52:12.597     0     0 E         : get prop 106 is not supported in usb
01-01 07:52:12.597     0     0 E bq2589x-1 1-006a: Couldn't get prop 106 rc = -22
01-01 07:52:12.597     0     0 E         : get prop 35 is not supported in usb
01-01 07:52:12.597     0     0 E bq2589x-1 1-006a: Couldn't get prop 35 rc = -22
01-01 07:52:12.597     0     0 E         : get prop 66 is not supported in usb
01-01 07:52:12.597     0     0 E bq2589x-1 1-006a: Couldn't get prop 66 rc = -22
01-01 07:52:12.597     0     0 E         : get prop 62 is not supported in usb
01-01 07:52:12.597     0     0 E bq2589x-1 1-006a: Couldn't get prop 62 rc = -22
01-01 07:52:12.597     0     0 E         : get prop 12 is not supported in usb
01-01 07:52:12.597     0     0 E bq2589x-1 1-006a: Couldn't get prop 12 rc = -22
01-01 07:52:12.597     0     0 E         : get prop 67 is not supported in usb
01-01 07:52:12.597     0     0 E bq2589x-1 1-006a: Couldn't get prop 67 rc = -22
01-01 07:52:12.597     0     0 E         : get prop 201 is not supported in usb
01-01 07:52:12.597     0     0 E sgm4151x-1 1-006b: Couldn't get prop 201 rc = -22
01-01 07:52:12.597     0     0 E         : get prop 8 is not supported in usb
01-01 07:52:12.597     0     0 E sgm4151x-1 1-006b: Couldn't get prop 8 rc = -22
01-01 07:52:12.597     0     0 E         : get prop 184 is not supported in usb
01-01 07:52:12.597     0     0 E sgm4151x-1 1-006b: Couldn't get prop 184 rc = -22
01-01 07:52:12.597     0     0 E         : get prop 106 is not supported in usb
01-01 07:52:12.597     0     0 E sgm4151x-1 1-006b: Couldn't get prop 106 rc = -22
01-01 07:52:12.597     0     0 E         : get prop 77 is not supported in usb
01-01 07:52:12.597     0     0 E sgm4151x-1 1-006b: Couldn't get prop 77 rc = -22
01-01 07:52:12.597     0     0 E         : get prop 35 is not supported in usb
01-01 07:52:12.597     0     0 E sgm4151x-1 1-006b: Couldn't get prop 35 rc = -22
01-01 07:52:12.597     0     0 E         : get prop 66 is not supported in usb
01-01 07:52:12.597     0     0 E sgm4151x-1 1-006b: Couldn't get prop 66 rc = -22
01-01 07:52:12.597     0     0 E         : get prop 62 is not supported in usb
01-01 07:52:12.597     0     0 E sgm4151x-1 1-006b: Couldn't get prop 62 rc = -22
01-01 07:52:12.597     0     0 E         : get prop 12 is not supported in usb
01-01 07:52:12.597     0     0 E sgm4151x-1 1-006b: Couldn't get prop 12 rc = -22
01-01 07:52:12.597     0     0 E         : get prop 97 is not supported in usb
01-01 07:52:12.597     0     0 E sgm4151x-1 1-006b: Couldn't get prop 97 rc = -22
01-01 07:52:12.597     0     0 E         : get prop 65 is not supported in usb
01-01 07:52:12.597     0     0 E sgm4151x-1 1-006b: Couldn't get prop 65 rc = -22
01-01 07:52:12.597     0     0 E         : get prop 67 is not supported in usb
01-01 07:52:12.597     0     0 E sgm4151x-1 1-006b: Couldn't get prop 67 rc = -22
01-01 07:52:12.604     0     0 I rt-pd-manager soc: rt-pd-manager: usb_dwork_handler Device
01-01 07:52:12.616     0     0 I rt-pd-manager soc: rt-pd-manager: usb_dwork_handler Device
01-01 07:52:12.628     0     0 I rt-pd-manager soc: rt-pd-manager: usb_dwork_handler Device
01-01 07:52:12.640     0     0 I rt-pd-manager soc: rt-pd-manager: usb_dwork_handler Device
01-01 07:52:12.652     0     0 I rt-pd-manager soc: rt-pd-manager: usb_dwork_handler Device
01-01 07:52:12.664     0     0 I rt-pd-manager soc: rt-pd-manager: usb_dwork_handler Device
01-01 07:52:12.676     0     0 I rt-pd-manager soc: rt-pd-manager: usb_dwork_handler Device
01-01 07:52:12.680     0     0 I ueventd : firmware: loading 'Himax_firmware.bin' for '/devices/platform/soc/4a80000.spi/spi_master/spi0/spi0.0/firmware/Himax_firmware.bin'
01-01 07:52:12.681     0     0 I ueventd : loading /devices/platform/soc/4a80000.spi/spi_master/spi0/spi0.0/firmware/Himax_firmware.bin took 1ms
01-01 07:52:12.683     0     0 I ueventd : Coldboot took 0.134 seconds
01-01 07:52:12.688     0     0 I rt-pd-manager soc: rt-pd-manager: usb_dwork_handler Device
01-01 07:52:12.699     0     0 I         : file system registered
01-01 07:52:12.700     0     0 I rt-pd-manager soc: rt-pd-manager: usb_dwork_handler Device
01-01 07:52:12.702     0     0 I         : Mass Storage Function, version: 2009/09/11
01-01 07:52:12.702     0     0 I LUN     : removable file: (no medium)
01-01 07:52:12.712     0     0 I rt-pd-manager soc: rt-pd-manager: usb_dwork_handler Device
01-01 07:52:12.719     0     0 I msm-dwc3 4e00000.ssusb: DWC3 exited from low power mode
01-01 07:52:12.724     0     0 I rt-pd-manager soc: rt-pd-manager: usb_dwork_handler Device
01-01 07:52:12.733     0     0 W logd    : libprocessgroup: Controller freezer is not found
01-01 07:52:12.733     0     0 W logd    : libprocessgroup: SetAttribute: unknown attribute: FreezerState
01-01 07:52:12.733     0     0 W logd    : libprocessgroup: SetAttribute: unknown attribute: FreezerState
01-01 07:52:12.733     0     0 E logd    : Cannot read /system/etc/event-log-tags
01-01 07:52:12.733     0     0 I logd.auditd: start
01-01 07:52:12.736     0     0 I rt-pd-manager soc: rt-pd-manager: usb_dwork_handler Device
01-01 07:52:12.748     0     0 I rt-pd-manager soc: rt-pd-manager: usb_dwork_handler Device
01-01 07:52:12.749     0     0 E logd    : SocketListener: Failed to start unbound listener
01-01 07:52:12.760     0     0 I rt-pd-manager soc: rt-pd-manager: usb_dwork_handler Device
01-01 07:52:12.772     0     0 I rt-pd-manager soc: rt-pd-manager: usb_dwork_handler Device
01-01 07:52:12.776   402   402 I keystore2: keystore2_main: Keystore2 is starting.
01-01 07:52:12.777   402   402 I keystore2: keystore2_main: Starting thread pool now.
01-01 07:52:12.777   402   402 D ProcessState: Binder ioctl to enable oneway spam detection failed: Invalid argument
01-01 07:52:12.777   402   412 I keystore2: getDeviceHalManifest: Reading VINTF information.
01-01 07:52:12.778   402   412 I keystore2: getDeviceHalManifest: Successfully processed VINTF information
01-01 07:52:12.778   400   400 E SELinux : avc:  denied  { add } for pid=402 uid=0 name=android.security.compat scontext=u:r:recovery:s0 tcontext=u:object_r:keystore_compat_hal_service:s0 tclass=service_manager permissive=1
01-01 07:52:12.778   400   400 E SELinux : avc:  denied  { find } for pid=402 uid=0 name=android.security.compat scontext=u:r:recovery:s0 tcontext=u:object_r:keystore_compat_hal_service:s0 tclass=service_manager permissive=1
01-01 07:52:12.779   402   402 D hw-ProcessState: Binder ioctl to enable oneway spam detection failed: Invalid argument
01-01 07:52:12.779   402   402 E cutils-trace: Error opening trace file: No such file or directory (2)
01-01 07:52:12.779   402   402 E HidlServiceManagement: getService: Potential race detected. The VINTF manifest is not being enforced. If a HAL server has a delay in starting and it is not in the manifest, it will not be retrieved. Please make sure all HALs on this device are in the VINTF manifest and enable PRODUCT_ENFORCE_VINTF_MANIFEST on this device (this is also enabled by PRODUCT_FULL_TREBLE). PRODUCT_ENFORCE_VINTF_MANIFEST will ensure that no race condition is possible here.
01-01 07:52:12.784     0     0 I rt-pd-manager soc: rt-pd-manager: usb_dwork_handler Device
01-01 07:52:12.796     0     0 I rt-pd-manager soc: rt-pd-manager: usb_dwork_handler Device
01-01 07:52:12.808     0     0 I rt-pd-manager soc: rt-pd-manager: usb_dwork_handler Device
01-01 07:52:12.820     0     0 I rt-pd-manager soc: rt-pd-manager: usb_dwork_handler Device
01-01 07:52:12.832     0     0 I rt-pd-manager soc: rt-pd-manager: usb_dwork_handler Device
01-01 07:52:12.844     0     0 I rt-pd-manager soc: rt-pd-manager: usb_dwork_handler Device
01-01 07:52:12.856     0     0 I rt-pd-manager soc: rt-pd-manager: usb_dwork_handler Device
01-01 07:52:12.868     0     0 I rt-pd-manager soc: rt-pd-manager: usb_dwork_handler Device
01-01 07:52:12.880     0     0 I rt-pd-manager soc: rt-pd-manager: usb_dwork_handler Device
01-01 07:52:12.892     0     0 I rt-pd-manager soc: rt-pd-manager: usb_dwork_handler Device
01-01 07:52:12.904     0     0 I rt-pd-manager soc: rt-pd-manager: usb_dwork_handler Device
01-01 07:52:12.916     0     0 I rt-pd-manager soc: rt-pd-manager: usb_dwork_handler Device
01-01 07:52:12.928     0     0 I rt-pd-manager soc: rt-pd-manager: usb_dwork_handler Device
01-01 07:52:12.940     0     0 I rt-pd-manager soc: rt-pd-manager: usb_dwork_handler Device
01-01 07:52:12.952     0     0 I rt-pd-manager soc: rt-pd-manager: usb_dwork_handler Device
01-01 07:52:12.964     0     0 I rt-pd-manager soc: rt-pd-manager: usb_dwork_handler Device
01-01 07:52:12.976     0     0 I rt-pd-manager soc: rt-pd-manager: usb_dwork_handler Device
01-01 07:52:12.988     0     0 I rt-pd-manager soc: rt-pd-manager: usb_dwork_handler Device
01-01 07:52:13.000     0     0 I rt-pd-manager soc: rt-pd-manager: usb_dwork_handler Device
01-01 07:52:13.012     0     0 I rt-pd-manager soc: rt-pd-manager: usb_dwork_handler Device
01-01 07:52:13.017   405   405 W libc    : Unable to set property "ro.product.device" to "TB128FU": error code: 0xb
01-01 07:52:13.022   405   405 W libc    : Unable to set property "ro.fastbootd.available" to "1": error code: 0xb
01-01 07:52:13.024     0     0 I rt-pd-manager soc: rt-pd-manager: usb_dwork_handler Device
01-01 07:52:13.029   405   405 I recovery: [libfs_mgr]dt_fstab: Skip disabled entry for partition vendor
01-01 07:52:13.034   405   405 I recovery: Boot command: bootonce-bootloader
01-01 07:52:13.034   405   405 I recovery: [libfs_mgr]dt_fstab: Skip disabled entry for partition vendor
01-01 07:52:13.034   405   405 I recovery: [libfs_mgr]dt_fstab: Skip disabled entry for partition vendor
01-01 07:52:13.039   405   405 I recovery: [libfs_mgr]Created logical partition product_a on device /dev/block/dm-0
01-01 07:52:13.039   405   405 I recovery: [libfs_mgr]Skipping zero-length logical partition: product_b
01-01 07:52:13.036     0     0 I rt-pd-manager soc: rt-pd-manager: usb_dwork_handler Device
01-01 07:52:13.042   405   405 I recovery: [libfs_mgr]Created logical partition system_a on device /dev/block/dm-1
01-01 07:52:13.042   405   405 I recovery: [libfs_mgr]Skipping zero-length logical partition: system_b
01-01 07:52:13.044   405   405 I recovery: [libfs_mgr]Created logical partition system_ext_a on device /dev/block/dm-2
01-01 07:52:13.044   405   405 I recovery: [libfs_mgr]Skipping zero-length logical partition: system_ext_b
01-01 07:52:13.047   405   405 I recovery: [libfs_mgr]Created logical partition vendor_a on device /dev/block/dm-3
01-01 07:52:13.047   405   405 I recovery: [libfs_mgr]Skipping zero-length logical partition: vendor_b
01-01 07:52:13.052     0     0 I rt-pd-manager soc: rt-pd-manager: usb_dwork_handler Device
01-01 07:52:13.063     0     0 I EXT4-fs (dm-1): mounted filesystem without journal. Opts: barrier=1,discard
01-01 07:52:13.064     0     0 I rt-pd-manager soc: rt-pd-manager: usb_dwork_handler Device
01-01 07:52:13.074     0     0 I EXT4-fs (dm-2): mounted filesystem without journal. Opts: barrier=1,discard
01-01 07:52:13.076     0     0 I rt-pd-manager soc: rt-pd-manager: usb_dwork_handler Device
01-01 07:52:13.085     0     0 I EXT4-fs (dm-3): mounted filesystem without journal. Opts: barrier=1,discard
01-01 07:52:13.092     0     0 I rt-pd-manager soc: rt-pd-manager: usb_dwork_handler Device
01-01 07:52:13.095     0     0 I EXT4-fs (dm-0): mounted filesystem without journal. Opts: barrier=1,discard
01-01 07:52:13.104     0     0 I rt-pd-manager soc: rt-pd-manager: usb_dwork_handler Device
01-01 07:52:13.107     0     0 I EXT4-fs (sda2): mounted filesystem with ordered data mode. Opts:
01-01 07:52:13.109     0     0 I SELinux : Context u:object_r:vendor_persist_time_file:s0 is not valid (left unmapped).
01-01 07:52:13.120     0     0 I rt-pd-manager soc: rt-pd-manager: usb_dwork_handler Device
01-01 07:52:13.121     0     0 I EXT4-fs (dm-3): mounted filesystem without journal. Opts: barrier=1,discard
01-01 07:52:13.129     0     0 I mmc0    : new ultra high speed SDR104 SDHC card at address 59b4
01-01 07:52:13.131     0     0 I sdhci_msm_pm_qos_cpu_init (): voted for group #0 (mask=0xf) latency=-1
01-01 07:52:13.131     0     0 I sdhci_msm_pm_qos_cpu_init (): voted for group #1 (mask=0xf0) latency=-1
01-01 07:52:13.131     0     0 I mmcblk0 : mmc0:59b4 NCard 29.5 GiB
01-01 07:52:13.132     0     0 I mmcblk0 : p1
01-01 07:52:13.136     0     0 I rt-pd-manager soc: rt-pd-manager: usb_dwork_handler Device
01-01 07:52:13.140     0     0 W i2c_pmic 0-0009: ignoring dependency for device, assuming no driver
01-01 07:52:13.140     0     0 W msm-cdc-pinctrl soc: msm_cdc_pinctrl_pri: ignoring dependency for device, assuming no driver
01-01 07:52:13.148     0     0 I rt-pd-manager soc: rt-pd-manager: usb_dwork_handler Device
01-01 07:52:13.160     0     0 I rt-pd-manager soc: rt-pd-manager: usb_dwork_handler Device
01-01 07:52:13.172     0     0 I rt-pd-manager soc: rt-pd-manager: usb_dwork_handler Device
01-01 07:52:13.184     0     0 I rt-pd-manager soc: rt-pd-manager: usb_dwork_handler Device
01-01 07:52:13.196     0     0 I rt-pd-manager soc: rt-pd-manager: usb_dwork_handler Device
01-01 07:52:13.208     0     0 I rt-pd-manager soc: rt-pd-manager: usb_dwork_handler Device
01-01 07:52:13.220     0     0 I rt-pd-manager soc: rt-pd-manager: usb_dwork_handler Device
01-01 07:52:13.232     0     0 I rt-pd-manager soc: rt-pd-manager: usb_dwork_handler Device
01-01 07:52:13.244     0     0 I rt-pd-manager soc: rt-pd-manager: usb_dwork_handler Device
01-01 07:52:13.256     0     0 I rt-pd-manager soc: rt-pd-manager: usb_dwork_handler Device
01-01 07:52:13.268     0     0 I rt-pd-manager soc: rt-pd-manager: usb_dwork_handler Device
01-01 07:52:13.273     0     0 I bq2589x-1 1-006a: bq2589x_adapter_in_workfunc:other adapter plugged in,vbus_type is 0
01-01 07:52:13.273     0     0 I bq2589x-1 1-006a: bq2589x_adapter_in_workfunc: Set input current to 1000mA successfully
01-01 07:52:13.274     0     0 I bq2589x-1 1-006a: bq2589x_ico_workfunc:ICO command issued successfully
01-01 07:52:13.280     0     0 I rt-pd-manager soc: rt-pd-manager: usb_dwork_handler Device
01-01 07:52:13.292     0     0 I rt-pd-manager soc: rt-pd-manager: usb_dwork_handler Device
01-01 07:52:13.292     0     0 I [drm:dsi_display_set_mode] [msm-dsi-info]: mdp_transfer_time_us=0 us
01-01 07:52:13.292     0     0 I [drm:dsi_display_set_mode] [msm-dsi-info]: hactive= 1200,vactive= 2000,fps=60
01-01 07:52:13.292     0     0 E         : bl_scale = 1024, bl_scale_sv = 65535, bl_lvl = 2954
01-01 07:52:13.296     0     0 E         : wtchg_set_usb_online capacity=1 protect=0 batt_protected_mode=0
01-01 07:52:13.296     0     0 E wt_chg soc: qcom_wt_chg: wtchg_set_charge_work: start !!
01-01 07:52:13.296     0     0 E bq2589x-1 1-006a: bq2589x_charger_irq_workfunc:adapter plugged in
01-01 07:52:13.296     0     0 E bq2589x-1 1-006a: bq2589x_charger_irq_workfunc:usb_online: 1, chg_status: 1, chg_fault: 0x8
01-01 07:52:13.296     0     0 E wt_chg soc: qcom_wt_chg: wt_chg_main now = 2864 resume_time = 7864
01-01 07:52:13.297     0     0 E wt_chg soc: qcom_wt_chg: wtchg_float_charge_type_check vbus_online=1 real_type=0 float_recheck_cnt=0
01-01 07:52:13.300     0     0 E wt_chg soc: qcom_wt_chg: batt_protected_mode=0 batt_protected_mode_disable_charge=0 batt_protected_mode_disable_suspend=0
01-01 07:52:13.300     0     0 E wt_chg soc: qcom_wt_chg: batt_jeita_stat_prev=0, batt_jeita_stat=2
01-01 07:52:13.300     0     0 E wt_chg soc: qcom_wt_chg: batt_temp=279, jeita_status=2, board_temp=277,lcd_on=0
01-01 07:52:13.300     0     0 E wt_chg soc: qcom_wt_chg: jeita_batt_cv=4432, jeita_batt_cv_pre=0, input_curr=500, input_curr_pre=0, slave_enable=0
01-01 07:52:13.300     0     0 E bq2589x-1 1-006a: set charge voltage: 4432
01-01 07:52:13.301     0     0 E sgm4151x-1 1-006b: set slave charge: voltage: 4432
01-01 07:52:13.301     0     0 E chg_type: 0, vbus_online: 1, vbus_volt: 4500, chg_status: 2, batt_volt: 4339000, batt_current: 0, temp: 279, health: 1, capacity: 100
01-01 07:52:13.301     0     0 E chg_temp: 300, usb_temp: 261, board_temp: 277, usb_online: 1, ac_online: 0, pd_active:0 typec_pr_role:2
01-01 07:52:13.304     0     0 I rt-pd-manager soc: rt-pd-manager: usb_dwork_handler Device
01-01 07:52:13.316     0     0 I rt-pd-manager soc: rt-pd-manager: usb_dwork_handler Device
01-01 07:52:13.326     0     0 E         : bl_scale = 1024, bl_scale_sv = 65535, bl_lvl = 2954
01-01 07:52:13.328     0     0 I rt-pd-manager soc: rt-pd-manager: usb_dwork_handler Device
12-04 05:07:13.150   405   405 I ArmToArm64Assembler: generated scanline__00000077:03010101_00008001_00000000 [195 ipp] (241 ins) at [0x7223b2b3c0:0x7223b2b784] in 111250ns
01-01 07:52:13.340     0     0 I rt-pd-manager soc: rt-pd-manager: usb_dwork_handler Device
01-01 07:52:13.352     0     0 I rt-pd-manager soc: rt-pd-manager: usb_dwork_handler Device
01-01 07:52:13.364     0     0 I rt-pd-manager soc: rt-pd-manager: usb_dwork_handler Device
01-01 07:52:13.376     0     0 I rt-pd-manager soc: rt-pd-manager: usb_dwork_handler Device
01-01 07:52:13.388     0     0 I rt-pd-manager soc: rt-pd-manager: usb_dwork_handler Device
01-01 07:52:13.400     0     0 I rt-pd-manager soc: rt-pd-manager: usb_dwork_handler Device
01-01 07:52:13.412     0     0 I rt-pd-manager soc: rt-pd-manager: usb_dwork_handler Device
01-01 07:52:13.424     0     0 I rt-pd-manager soc: rt-pd-manager: usb_dwork_handler Device
01-01 07:52:13.436     0     0 I rt-pd-manager soc: rt-pd-manager: usb_dwork_handler Device
01-01 07:52:13.448     0     0 I rt-pd-manager soc: rt-pd-manager: usb_dwork_handler Device
01-01 07:52:13.460     0     0 I rt-pd-manager soc: rt-pd-manager: usb_dwork_handler Device
01-01 07:52:13.472     0     0 I rt-pd-manager soc: rt-pd-manager: usb_dwork_handler Device
01-01 07:52:13.484     0     0 I rt-pd-manager soc: rt-pd-manager: usb_dwork_handler Device
12-04 05:07:13.308   405   405 I ArmToArm64Assembler: generated scanline__00000077:03545401_00000A01_00000000 [ 69 ipp] (113 ins) at [0x7223b2b790:0x7223b2b954] in 53594ns
01-01 07:52:13.496     0     0 I rt-pd-manager soc: rt-pd-manager: usb_dwork_handler Device
01-01 07:52:13.508     0     0 I rt-pd-manager soc: rt-pd-manager: usb_dwork_handler Device
01-01 07:52:13.520     0     0 I rt-pd-manager soc: rt-pd-manager: usb_dwork_handler Device
12-04 05:07:13.351   405   405 I ArmToArm64Assembler: generated scanline__00000077:03545401_00000A08_00000000 [ 69 ipp] (116 ins) at [0x7223b2b960:0x7223b2bb30] in 46093ns
01-01 07:52:13.532     0     0 I rt-pd-manager soc: rt-pd-manager: usb_dwork_handler Device
01-01 07:52:13.543     0     0 E wt6670f-charge 2-0036: wt6670f_charge_irq_handler: start !!!
01-01 07:52:13.544     0     0 E wt_chg soc: qcom_wt_chg: wtchg_set_charge_work: start !!
01-01 07:52:13.544     0     0 E bq2589x-1 1-006a: bq2589x_set_charger_work:wt_hvdcp = 4
01-01 07:52:13.544     0     0 I rt-pd-manager soc: rt-pd-manager: usb_dwork_handler Device
01-01 07:52:13.544     0     0 E rt-pd-manager soc: rt-pd-manager: usb_dwork_handler usb peripheral
01-01 07:52:13.544     0     0 E wt_chg soc: qcom_wt_chg: wt_chg_main now = 3112 resume_time = 8112
01-01 07:52:13.545     0     0 E wt_chg soc: qcom_wt_chg: wtchg_float_charge_type_check vbus_online=1 real_type=4 float_recheck_cnt=0
01-01 07:52:13.548     0     0 E wt_chg soc: qcom_wt_chg: batt_protected_mode=0 batt_protected_mode_disable_charge=0 batt_protected_mode_disable_suspend=0
01-01 07:52:13.548     0     0 E wt_chg soc: qcom_wt_chg: batt_temp=279, jeita_status=2, board_temp=278,lcd_on=0
01-01 07:52:13.548     0     0 E wt_chg soc: qcom_wt_chg: jeita_batt_cv=4432, jeita_batt_cv_pre=4432, input_curr=500, input_curr_pre=0, slave_enable=0
01-01 07:52:13.548     0     0 E bq2589x-1 1-006a: set input current: 500
01-01 07:52:13.549     0     0 E bq2589x-1 1-006a: set usb suspend: 0
01-01 07:52:13.549     0     0 E sgm4151x-1 1-006b: set input suspend: 1
01-01 07:52:13.549     0     0 E wt_chg soc: qcom_wt_chg: type_ibatt=500, jeita_ibatt=4000, main_chg_ibatt=500, slave_chg_ibatt=0, chg_ibatt=500,chg_ibatt_pre=0
01-01 07:52:13.549     0     0 E bq2589x-1 1-006a: set charge current: 500
01-01 07:52:13.550     0     0 E bq2589x-1 1-006a: set term current: 350
01-01 07:52:13.550     0     0 E bq2589x-1 1-006a: set charging enable: 1
01-01 07:52:13.550     0     0 E sgm4151x-1 1-006b: set slave charge: enable: 0
01-01 07:52:13.554     0     0 I EXT4-fs (sda14): recovery complete
01-01 07:52:13.554     0     0 I EXT4-fs (sda14): mounted filesystem with ordered data mode. Opts:
01-01 07:52:13.557     0     0 E bq2589x-1 1-006a: bq2589x_monitor_workfunc:vbus_type: 4, vbus volt:4500,vbat volt:4384,charge current:0, usb-switch1 1279, usb_switch_flag 0
01-01 07:52:13.557     0     0 I bq2589x-1 1-006a: bq2589x_monitor_workfunc:IINDPM occurred
01-01 07:52:13.560     0     0 E chg_type: 4, vbus_online: 1, vbus_volt: 4500, chg_status: 1, batt_volt: 4339000, batt_current: 0, temp: 279, health: 1, capacity: 100
01-01 07:52:13.560     0     0 E chg_temp: 300, usb_temp: 262, board_temp: 278, usb_online: 1, ac_online: 0, pd_active:0 typec_pr_role:2
01-01 07:52:13.592     0     0 I F2FS-fs (sda18): Found nat_bits in checkpoint
01-01 07:52:13.724     0     0 I F2FS-fs (sda18): Mounted with checkpoint version = 767d97ab
01-01 07:52:13.735     0     0 I EXT4-fs (dm-1): mounted filesystem without journal. Opts: barrier=1,discard
01-01 07:52:13.740     0     0 W healthd : Unknown power supply type 'Main'
12-04 05:07:13.556   406   406 E HidlServiceManagement: Could not find instance 'default' in library android.hardware.health@2.0-impl-default.so. Keeping library open.
12-04 05:07:13.557   404   404 I android.hardware.boot@1.1-service: [libfs_mgr]dt_fstab: Skip disabled entry for partition vendor
12-04 05:07:13.559   399   399 E SELinux : avc:  denied  { add } for interface=android.hardware.boot::IBootControl sid=u:r:recovery:s0 pid=404 scontext=u:r:recovery:s0 tcontext=u:object_r:hal_bootctl_hwservice:s0 tclass=hwservice_manager permissive=1
12-04 05:07:13.559   399   399 I hwservicemanager: getTransport: Cannot find entry android.hardware.boot@1.1::IBootControl/default in either framework or device VINTF manifest.
12-04 05:07:13.559   404   404 I HidlServiceManagement: Registered android.hardware.boot@1.1::IBootControl/default
12-04 05:07:13.559   406   406 I android.hardware.health@2.1-service: default instance initializing with healthd_config...
12-04 05:07:13.559   404   404 I HidlServiceManagement: Removing namespace from process name android.hardware.boot@1.1-service to boot@1.1-service.
12-04 05:07:13.559   404   404 I LegacySupport: Registration complete for android.hardware.boot@1.0::IBootControl/default.
12-04 05:07:13.559   399   399 E SELinux : avc:  denied  { add } for interface=android.hardware.health::IHealth sid=u:r:recovery:s0 pid=406 scontext=u:r:recovery:s0 tcontext=u:object_r:hal_health_hwservice:s0 tclass=hwservice_manager permissive=1
12-04 05:07:13.560   399   399 I hwservicemanager: getTransport: Cannot find entry android.hardware.health@2.1::IHealth/default in either framework or device VINTF manifest.
12-04 05:07:13.560   406   406 I HidlServiceManagement: Registered android.hardware.health@2.1::IHealth/default
12-04 05:07:13.560   406   406 I HidlServiceManagement: Removing namespace from process name android.hardware.health@2.1-service to health@2.1-service.
12-04 05:07:13.560   406   406 I android.hardware.health@2.1-service: default: Hal init done
01-01 07:52:13.740     0     0 W healthd : Unknown power supply type 'Main'
01-01 07:52:13.740     0     0 W healthd : Unknown power supply type 'Main'
01-01 07:52:13.740     0     0 W healthd : batteryChargeTimeToFullNowPath. not found
01-01 07:52:13.561     0     0 W healthd : battery l=100 v=4339 t=27.9 h=2 st=2 c=0 fc=6624000 cc=547 chg=u
12-04 05:07:13.562     0     0 I EXT4-fs (dm-3): mounted filesystem without journal. Opts: barrier=1,discard
12-04 05:07:13.573     0     0 I EXT4-fs (dm-1): mounted filesystem without journal. Opts: barrier=1,discard
12-04 05:07:13.584     0     0 I EXT4-fs (dm-1): mounted filesystem without journal. Opts: barrier=1,discard
12-04 05:07:13.594     0     0 I EXT4-fs (dm-2): mounted filesystem without journal. Opts: barrier=1,discard
12-04 05:07:13.598   399   399 E SELinux : avc:  denied  { find } for interface=android.hardware.keymaster::IKeymasterDevice sid=u:r:recovery:s0 pid=402 scontext=u:r:recovery:s0 tcontext=u:object_r:hal_keymaster_hwservice:s0 tclass=hwservice_manager permissive=1
12-04 05:07:13.598   402   402 E HidlServiceManagement: getService: Potential race detected. The VINTF manifest is not being enforced. If a HAL server has a delay in starting and it is not in the manifest, it will not be retrieved. Please make sure all HALs on this device are in the VINTF manifest and enable PRODUCT_ENFORCE_VINTF_MANIFEST on this device (this is also enabled by PRODUCT_FULL_TREBLE). PRODUCT_ENFORCE_VINTF_MANIFEST will ensure that no race condition is possible here.
12-04 05:07:13.607     0     0 I EXT4-fs (dm-3): mounted filesystem without journal. Opts: barrier=1,discard
12-04 05:07:13.615     0     0 I EXT4-fs (dm-0): mounted filesystem without journal. Opts: barrier=1,discard
12-04 05:07:13.622     0     0 I EXT4-fs (sde9): mounted filesystem with ordered data mode. Opts:
12-04 05:07:13.622     0     0 I SELinux : Context u:object_r:adsprpcd_file:s0 is not valid (left unmapped).
12-04 05:07:13.887     0     0 I EXT4-fs (sda2): mounted filesystem with ordered data mode. Opts:
12-04 05:07:13.894     0     0 I EXT4-fs (sda10): mounted filesystem with ordered data mode. Opts: discard
12-04 05:07:14.048   405   405 I ArmToArm64Assembler: generated scanline__00000077:03010102_00008002_00000000 [192 ipp] (238 ins) at [0x7223b2bb40:0x7223b2bef8] in 46823ns
12-04 05:07:14.124     0     0 I bq2589x-1 1-006a: bq2589x_adjust_absolute_vindpm:Set absolute vindpm threshold 4600 successfully
12-04 05:07:14.599   399   399 I hwservicemanager: Since android.hardware.keymaster@4.0::IKeymasterDevice/default is not registered, trying to start it as a lazy HAL.
12-04 05:07:14.599   399   399 I hwservicemanager: Since android.hardware.keymaster@4.0::IKeymasterDevice/default is not registered, trying to start it as a lazy HAL.
12-04 05:07:14.600   402   402 I HidlServiceManagement: getService: Trying again for android.hardware.keymaster@4.0::IKeymasterDevice/default...
12-04 05:07:14.600   399   461 W libc    : Unable to set property "ctl.interface_start" to "android.hardware.keymaster@4.0::IKeymasterDevice/default": error code: 0x20
12-04 05:07:14.600   399   459 W libc    : Unable to set property "ctl.interface_start" to "android.hardware.keymaster@4.0::IKeymasterDevice/default": error code: 0x20
12-04 05:07:14.600   399   461 I hwservicemanager: Tried to start android.hardware.keymaster@4.0::IKeymasterDevice/default as a lazy service, but was unable to. Usually this happens when a service is not installed, but if the service is intended to be used as a lazy service, then it may be configured incorrectly.
12-04 05:07:14.601   399   459 I hwservicemanager: Tried to start android.hardware.keymaster@4.0::IKeymasterDevice/default as a lazy service, but was unable to. Usually this happens when a service is not installed, but if the service is intended to be used as a lazy service, then it may be configured incorrectly.
12-04 05:07:15.600   402   402 W HidlServiceManagement: Waited one second for android.hardware.keymaster@4.0::IKeymasterDevice/default
12-04 05:07:15.600   399   399 I hwservicemanager: Since android.hardware.keymaster@4.0::IKeymasterDevice/default is not registered, trying to start it as a lazy HAL.
12-04 05:07:15.600   402   402 I HidlServiceManagement: getService: Trying again for android.hardware.keymaster@4.0::IKeymasterDevice/default...
12-04 05:07:15.601   399   462 W libc    : Unable to set property "ctl.interface_start" to "android.hardware.keymaster@4.0::IKeymasterDevice/default": error code: 0x20
12-04 05:07:15.601   399   462 I hwservicemanager: Tried to start android.hardware.keymaster@4.0::IKeymasterDevice/default as a lazy service, but was unable to. Usually this happens when a service is not installed, but if the service is intended to be used as a lazy service, then it may be configured incorrectly.
12-04 05:07:16.600   402   402 W HidlServiceManagement: Waited one second for android.hardware.keymaster@4.0::IKeymasterDevice/default
12-04 05:07:16.601   399   399 I hwservicemanager: Since android.hardware.keymaster@4.0::IKeymasterDevice/default is not registered, trying to start it as a lazy HAL.
12-04 05:07:16.601   402   402 I HidlServiceManagement: getService: Trying again for android.hardware.keymaster@4.0::IKeymasterDevice/default...
12-04 05:07:16.601   399   463 W libc    : Unable to set property "ctl.interface_start" to "android.hardware.keymaster@4.0::IKeymasterDevice/default": error code: 0x20
12-04 05:07:16.601   399   463 I hwservicemanager: Tried to start android.hardware.keymaster@4.0::IKeymasterDevice/default as a lazy service, but was unable to. Usually this happens when a service is not installed, but if the service is intended to be used as a lazy service, then it may be configured incorrectly.
12-04 05:07:16.704   405   405 I recovery: [libfs_mgr]dt_fstab: Skip disabled entry for partition vendor
12-04 05:07:16.767     0     0 I EXT4-fs (dm-1): mounted filesystem without journal. Opts: barrier=1,discard
12-04 05:07:16.779     0     0 I EXT4-fs (dm-1): mounted filesystem without journal. Opts: barrier=1,discard
12-04 05:07:16.792     0     0 I EXT4-fs (dm-1): mounted filesystem without journal. Opts: barrier=1,discard
12-04 05:07:16.806     0     0 I EXT4-fs (dm-1): mounted filesystem without journal. Opts: barrier=1,discard
12-04 05:07:16.819     0     0 I EXT4-fs (dm-1): mounted filesystem without journal. Opts: barrier=1,discard
12-04 05:07:16.833     0     0 I EXT4-fs (dm-1): mounted filesystem without journal. Opts: barrier=1,discard
12-04 05:07:17.036     0     0 I mmc0    : det_gpio pin 1255 status is 1
12-04 05:07:17.036     0     0 I mmc0    : apply bht power off patch
12-04 05:07:17.036     0     0 I mmc0    : present status is 1
12-04 05:07:17.036     0     0 I mmc0    : pwr_gpio pin 1260 status is 0
12-04 05:07:17.531     0     0 I init    : starting service 'adbd'...
12-04 05:07:17.532     0     0 I init    : Created socket '/dev/socket/adbd', mode 660, user 1000, group 1000
12-04 05:07:17.601   402   402 W HidlServiceManagement: Waited one second for android.hardware.keymaster@4.0::IKeymasterDevice/default
12-04 05:07:17.602   399   399 I hwservicemanager: Since android.hardware.keymaster@4.0::IKeymasterDevice/default is not registered, trying to start it as a lazy HAL.
12-04 05:07:17.602   402   402 I HidlServiceManagement: getService: Trying again for android.hardware.keymaster@4.0::IKeymasterDevice/default...
12-04 05:07:17.603   399   508 W libc    : Unable to set property "ctl.interface_start" to "android.hardware.keymaster@4.0::IKeymasterDevice/default": error code: 0x20
12-04 05:07:17.603   399   508 I hwservicemanager: Tried to start android.hardware.keymaster@4.0::IKeymasterDevice/default as a lazy service, but was unable to. Usually this happens when a service is not installed, but if the service is intended to be used as a lazy service, then it may be configured incorrectly.
12-04 05:07:17.603     0     0 E init    : Control message: Could not find 'android.hardware.keymaster@4.0::IKeymasterDevice/default' for ctl.interface_start from pid: 399 (/system/bin/hwservicemanager)
12-04 05:07:17.636   506   506 I adbd    : persist.adb.watchdog set to ''
12-04 05:07:17.637   506   506 I adbd    : persist.sys.test_harness set to ''
12-04 05:07:17.637   506   506 I adbd    : adb watchdog timeout set to 600 seconds
12-04 05:07:17.637   506   511 I adbd    : Waiting for persist.adb.tls_server.enable=1
12-04 05:07:17.637   506   506 I adbd    : adbd started
12-04 05:07:17.637   506   513 I adbd    : opening control endpoint /dev/usb-ffs/adb/ep0
12-04 05:07:17.637     0     0 I         : read descriptors
12-04 05:07:17.638     0     0 I         : read strings
12-04 05:07:17.638   506   513 I adbd    : UsbFfsConnection constructed
12-04 05:07:17.639   506   514 I adbd    : UsbFfs-monitor thread spawned
12-04 05:07:17.640   506   514 I adbd    : USB event: FUNCTIONFS_BIND
12-04 05:07:17.638     0     0 I init    : processing action (sys.usb.config=adb && sys.usb.configfs=1 && sys.usb.ffs.ready=1) from (/system/etc/init/hw/init.rc:201)
12-04 05:07:17.695     0     0 I init    : Command 'write /config/usb_gadget/g1/UDC ${sys.usb.controller}' action=sys.usb.config=adb && sys.usb.configfs=1 && sys.usb.ffs.ready=1 (/system/etc/init/hw/init.rc:205) took 55ms and succeeded
12-04 05:07:17.695     0     0 I init    : processing action (sys.usb.config=adb && sys.usb.configfs=1 && sys.usb.ffs.ready=1) from (/init.tb128fu_usb.rc:77)
12-04 05:07:17.696     0     0 I init    : Command 'rm /config/usb_gadget/g1/configs/b.1/f2' action=sys.usb.config=adb && sys.usb.configfs=1 && sys.usb.ffs.ready=1 (/init.tb128fu_usb.rc:81) took 0ms and failed: unlink() failed: No such file or directory
12-04 05:07:17.696     0     0 I init    : Command 'rm /config/usb_gadget/g1/configs/b.1/f3' action=sys.usb.config=adb && sys.usb.configfs=1 && sys.usb.ffs.ready=1 (/init.tb128fu_usb.rc:82) took 0ms and failed: unlink() failed: No such file or directory
12-04 05:07:17.696     0     0 I android_work: did not send uevent (0 0 0000000000000000)
12-04 05:07:17.701     0     0 I msm-dwc3 4e00000.ssusb: Avail curr from USB = 2
12-04 05:07:17.701     0     0 E         : Set prop 145 is not supported in usb psy
12-04 05:07:17.773     0     0 I logd    : logdr: UID=0 GID=0 PID=517 n tail=0 logMask=99 pid=0 start=0ns deadline=0ns
12-04 05:07:17.828     0     0 I msm-dwc3 4e00000.ssusb: Avail curr from USB = 100
12-04 05:07:17.828     0     0 E         : Set prop 145 is not supported in usb psy
12-04 05:07:17.948     0     0 I android_work: sent uevent USB_STATE=CONNECTED
12-04 05:07:17.951     0     0 I msm-dwc3 4e00000.ssusb: Avail curr from USB = 100
12-04 05:07:17.951     0     0 E         : Set prop 145 is not supported in usb psy
12-04 05:07:17.952     0     0 I android_work: sent uevent USB_STATE=DISCONNECTED
12-04 05:07:18.084     0     0 I android_work: sent uevent USB_STATE=CONNECTED
12-04 05:07:18.089   506   514 I adbd    : USB event: FUNCTIONFS_ENABLE
12-04 05:07:18.089   506   529 I adbd    : UsbFfs-worker thread spawned
12-04 05:07:18.087     0     0 I configfs-gadget gadget: high-speed config #1: b
12-04 05:07:18.087     0     0 I msm-dwc3 4e00000.ssusb: Avail curr from USB = 500
12-04 05:07:18.088     0     0 E         : Set prop 145 is not supported in usb psy
12-04 05:07:18.088     0     0 I android_work: sent uevent USB_STATE=CONFIGURED
12-04 05:07:18.104     0     0 I EXT4-fs (dm-1): mounted filesystem without journal. Opts: (null)
12-04 05:07:18.439     0     0 I EXT4-fs (dm-3): mounted filesystem without journal. Opts: (null)
12-04 05:07:18.602   402   402 W HidlServiceManagement: Waited one second for android.hardware.keymaster@4.0::IKeymasterDevice/default
12-04 05:07:18.602   399   399 I hwservicemanager: Since android.hardware.keymaster@4.0::IKeymasterDevice/default is not registered, trying to start it as a lazy HAL.
12-04 05:07:18.603   402   402 I HidlServiceManagement: getService: Trying again for android.hardware.keymaster@4.0::IKeymasterDevice/default...
12-04 05:07:18.603   399   541 W libc    : Unable to set property "ctl.interface_start" to "android.hardware.keymaster@4.0::IKeymasterDevice/default": error code: 0x20
12-04 05:07:18.604   399   541 I hwservicemanager: Tried to start android.hardware.keymaster@4.0::IKeymasterDevice/default as a lazy service, but was unable to. Usually this happens when a service is not installed, but if the service is intended to be used as a lazy service, then it may be configured incorrectly.
12-04 05:07:18.603     0     0 E init    : Control message: Could not find 'android.hardware.keymaster@4.0::IKeymasterDevice/default' for ctl.interface_start from pid: 399 (/system/bin/hwservicemanager)
12-04 05:07:19.113   506   506 I adbd    : UsbFfs: already offline
12-04 05:07:19.113   506   506 I adbd    : authentication not required
12-04 05:07:19.603   402   402 W HidlServiceManagement: Waited one second for android.hardware.keymaster@4.0::IKeymasterDevice/default
12-04 05:07:19.603   399   399 I hwservicemanager: Since android.hardware.keymaster@4.0::IKeymasterDevice/default is not registered, trying to start it as a lazy HAL.
12-04 05:07:19.604   402   402 I HidlServiceManagement: getService: Trying again for android.hardware.keymaster@4.0::IKeymasterDevice/default...
12-04 05:07:19.604     0     0 E init    : Control message: Could not find 'android.hardware.keymaster@4.0::IKeymasterDevice/default' for ctl.interface_start from pid: 399 (/system/bin/hwservicemanager)
12-04 05:07:19.606   399   586 W libc    : Unable to set property "ctl.interface_start" to "android.hardware.keymaster@4.0::IKeymasterDevice/default": error code: 0x20
12-04 05:07:19.606   399   586 I hwservicemanager: Tried to start android.hardware.keymaster@4.0::IKeymasterDevice/default as a lazy service, but was unable to. Usually this happens when a service is not installed, but if the service is intended to be used as a lazy service, then it may be configured incorrectly.
12-04 05:07:19.879   405   405 W libc    : Unable to set property "ro.build.version.incremental" to "TB128FU_CN_OPEN_USER_Q00126_T_ZUI_15.0.348_ST_230911": error code: 0xb
12-04 05:07:19.883   405   405 W libc    : Unable to set property "ro.build.fingerprint" to ""Lenovo/P89990JA1/TB128FU:13/TKQ1.221013.002/15.0.1_230911:user/release-keys"": error code: 0xb
12-04 05:07:19.936     0     0 E dwc3 4e00000.dwc3: request 0000000000000000 was not queued to ep0out
12-04 05:07:20.015     0     0 I mmc0    : detect_gpio pin 1255 status is 1
12-04 05:07:20.015     0     0 I mmc0    : apply bht power on patch
12-04 05:07:20.015     0     0 I mmc0    : present status is 1
12-04 05:07:20.015     0     0 I mmc0    : pwr_gpio pin 1260 status is 1
12-04 05:07:20.265     0     0 E         : ### Bayhub debug: degrade count is 0 ###
12-04 05:07:20.265     0     0 I mmc0    : Load BHT patch RC8.3.1-DS=4
12-04 05:07:20.266     0     0 I mmc0    : skip load default configuration for tuning done
12-04 05:07:20.267     0     0 E mmc0    : the new mode is 0x00000003
12-04 05:07:20.336     0     0 W FAT-fs (mmcblk0p1): Volume was not properly unmounted. Some data may be corrupt. Please run fsck.
12-04 05:07:20.561     0     0 W         : request_module fs-auto succeeded, but still no fs?
12-04 05:07:20.562     0     0 E         : bl_scale = 1024, bl_scale_sv = 65535, bl_lvl = 2954
12-04 05:07:20.604   402   402 W HidlServiceManagement: Waited one second for android.hardware.keymaster@4.0::IKeymasterDevice/default
12-04 05:07:20.604   399   399 I hwservicemanager: Since android.hardware.keymaster@4.0::IKeymasterDevice/default is not registered, trying to start it as a lazy HAL.
12-04 05:07:20.604   402   402 I HidlServiceManagement: getService: Trying again for android.hardware.keymaster@4.0::IKeymasterDevice/default...
12-04 05:07:20.605   399   606 W libc    : Unable to set property "ctl.interface_start" to "android.hardware.keymaster@4.0::IKeymasterDevice/default": error code: 0x20
12-04 05:07:20.605   399   606 I hwservicemanager: Tried to start android.hardware.keymaster@4.0::IKeymasterDevice/default as a lazy service, but was unable to. Usually this happens when a service is not installed, but if the service is intended to be used as a lazy service, then it may be configured incorrectly.
12-04 05:07:20.615     0     0 I EXT4-fs (dm-1): mounted filesystem without journal. Opts: barrier=1,discard
12-04 05:07:20.672     0     0 I EXT4-fs (sda2): mounted filesystem with ordered data mode. Opts:
12-04 05:07:20.768     0     0 E         : bl_scale = 1024, bl_scale_sv = 65535, bl_lvl = 2954
12-04 05:07:20.783     0     0 E EXT4-fs (dm-1): couldn't mount RDWR because of unsupported optional features (4000)
12-04 05:07:20.783     0     0 E EXT4-fs (dm-1): couldn't mount RDWR because of unsupported optional features (4000)
12-04 05:07:20.793     0     0 E EXT4-fs (dm-2): couldn't mount RDWR because of unsupported optional features (4000)
12-04 05:07:20.793     0     0 E EXT4-fs (dm-2): couldn't mount RDWR because of unsupported optional features (4000)
12-04 05:07:20.801     0     0 E EXT4-fs (dm-3): couldn't mount RDWR because of unsupported optional features (4000)
12-04 05:07:20.801     0     0 E EXT4-fs (dm-3): couldn't mount RDWR because of unsupported optional features (4000)
12-04 05:07:20.810     0     0 E EXT4-fs (dm-0): couldn't mount RDWR because of unsupported optional features (4000)
12-04 05:07:20.811     0     0 E EXT4-fs (dm-0): couldn't mount RDWR because of unsupported optional features (4000)
12-04 05:07:20.910   405   405 I ArmToArm64Assembler: generated scanline__00000077:03545401_00000000_00000000 [ 65 ipp] (94 ins) at [0x7223b2bf00:0x7223b2c078] in 49635ns
12-04 05:07:20.979   621   621 I adbd    : persist.adb.watchdog set to ''
12-04 05:07:20.979   621   621 I adbd    : persist.sys.test_harness set to ''
12-04 05:07:20.979   621   621 I adbd    : adb watchdog timeout set to 600 seconds
12-04 05:07:20.979   621   625 I adbd    : Waiting for persist.adb.tls_server.enable=1
12-04 05:07:20.979   621   621 I adbd    : adbd started
12-04 05:07:20.979   621   627 I adbd    : opening control endpoint /dev/usb-ffs/adb/ep0
12-04 05:07:20.980   621   627 I adbd    : UsbFfsConnection constructed
12-04 05:07:20.980   621   628 I adbd    : UsbFfs-monitor thread spawned
12-04 05:07:20.980     0     0 I         : read descriptors
12-04 05:07:20.980     0     0 I         : read strings
12-04 05:07:20.983   621   628 I adbd    : USB event: FUNCTIONFS_BIND
12-04 05:07:21.039     0     0 I android_work: sent uevent USB_STATE=DISCONNECTED
12-04 05:07:21.045     0     0 I msm-dwc3 4e00000.ssusb: Avail curr from USB = 2
12-04 05:07:21.045     0     0 E         : Set prop 145 is not supported in usb psy
12-04 05:07:21.168     0     0 I msm-dwc3 4e00000.ssusb: Avail curr from USB = 100
12-04 05:07:21.168     0     0 E         : Set prop 145 is not supported in usb psy
12-04 05:07:21.168     0     0 I android_work: did not send uevent (0 0 0000000000000000)
12-04 05:07:21.288     0     0 I android_work: sent uevent USB_STATE=CONNECTED
12-04 05:07:21.292     0     0 I msm-dwc3 4e00000.ssusb: Avail curr from USB = 100
12-04 05:07:21.292     0     0 E         : Set prop 145 is not supported in usb psy
12-04 05:07:21.292     0     0 I android_work: sent uevent USB_STATE=DISCONNECTED
12-04 05:07:21.428     0     0 I android_work: sent uevent USB_STATE=CONNECTED
12-04 05:07:21.431   621   628 I adbd    : USB event: FUNCTIONFS_ENABLE
12-04 05:07:21.432   621   629 I adbd    : UsbFfs-worker thread spawned
12-04 05:07:21.431     0     0 I configfs-gadget gadget: high-speed config #1: b
12-04 05:07:21.432     0     0 I msm-dwc3 4e00000.ssusb: Avail curr from USB = 500
12-04 05:07:21.432     0     0 E         : Set prop 145 is not supported in usb psy
12-04 05:07:21.432     0     0 I android_work: sent uevent USB_STATE=CONFIGURED
12-04 05:07:21.604   402   402 W HidlServiceManagement: Waited one second for android.hardware.keymaster@4.0::IKeymasterDevice/default
12-04 05:07:21.605   399   399 I hwservicemanager: Since android.hardware.keymaster@4.0::IKeymasterDevice/default is not registered, trying to start it as a lazy HAL.
12-04 05:07:21.605   402   402 I HidlServiceManagement: getService: Trying again for android.hardware.keymaster@4.0::IKeymasterDevice/default...
12-04 05:07:21.606   399   630 W libc    : Unable to set property "ctl.interface_start" to "android.hardware.keymaster@4.0::IKeymasterDevice/default": error code: 0x20
12-04 05:07:21.606   399   630 I hwservicemanager: Tried to start android.hardware.keymaster@4.0::IKeymasterDevice/default as a lazy service, but was unable to. Usually this happens when a service is not installed, but if the service is intended to be used as a lazy service, then it may be configured incorrectly.
12-04 05:07:21.683     0     0 I         : mtp_open
12-04 05:07:21.683     0     0 I         : mtp_open
12-04 05:07:21.683     0     0 E         : mtp_open mtp_release not called returning EBUSY
12-04 05:07:21.683     0     0 I         : mtp_release
12-04 05:07:21.739     0     0 I wt6670f-charge 2-0036: wt6670f_get_vbus_voltage: buf[0]: 0x0, buf[1]: 0xfa, adc_volt: 0xfa, vbus_volt: 4101
12-04 05:07:21.994     0     0 I         : tcpc_event_init_work typec attach new = 1
12-04 05:07:21.996     0     0 I         : TCPC-DC> dc_dfp_none
12-04 05:07:21.996     0     0 I TCPC-DP : dp_dfp_u_discover_id
12-04 05:07:21.996     0     0 I         : TCPC-DC> dc_dfp_discover_id
12-04 05:07:21.996     0     0 I TCPC-PE : PD-> SNK_START
12-04 05:07:21.996     0     0 I TCPC-PE-EVT: reset_prl_done
12-04 05:07:21.996     0     0 I TCPC-PE : PD-> SNK_DISC
12-04 05:07:21.996     0     0 I TCPC-PE-EVT: vbus_high
12-04 05:07:21.996     0     0 I TCPC-PE : PD-> SNK_WAIT_CAP
12-04 05:07:22.368     0     0 I TCPC-PE-EVT: timer
12-04 05:07:22.368     0     0 I TCPC-PE : PD-> SNK_HRESET
12-04 05:07:22.368     0     0 E rt-pd-manager soc: rt-pd-manager: lsw pd_tcp_notifier_call 425!!
12-04 05:07:22.370     0     0 I TCPC-TCPC: Alert:0x0050, Mask:0x23067f
12-04 05:07:22.371     0     0 I TCPC-PE-EVT: hard_reset_done
12-04 05:07:22.371     0     0 I TCPC-PE : PD-> SNK_TRANS_DFT
12-04 05:07:22.371     0     0 I TCPC-PE : pd_state=9
12-04 05:07:22.371     0     0 E rt-pd-manager soc: rt-pd-manager: lsw pd_tcp_notifier_call 425!!
12-04 05:07:22.371     0     0 I rt-pd-manager soc: rt-pd-manager: pd_tcp_notifier_call pd state = 9
12-04 05:07:22.373     0     0 I         : TCPC-DC> dc_dfp_none
12-04 05:07:22.373     0     0 I TCPC-DP : dp_dfp_u_discover_id
12-04 05:07:22.373     0     0 I         : TCPC-DC> dc_dfp_discover_id
12-04 05:07:22.373     0     0 I TCPC-PE-EVT: pr_at_dft
12-04 05:07:22.373     0     0 I TCPC-PE : PD-> SNK_START
12-04 05:07:22.373     0     0 E rt-pd-manager soc: rt-pd-manager: lsw pd_tcp_notifier_call 425!!
12-04 05:07:22.373     0     0 I rt-pd-manager soc: rt-pd-manager: pd_tcp_notifier_call sink vbus 5000mV 100mA type(0x02)
12-04 05:07:22.373     0     0 I TCPC-PE-EVT: reset_prl_done
12-04 05:07:22.373     0     0 I TCPC-PE : PD-> SNK_DISC
12-04 05:07:22.457   621   621 I adbd    : UsbFfs: already offline
12-04 05:07:22.457   621   621 I adbd    : authentication not required
12-04 05:07:22.483     0     0 I         : mtp_open
12-04 05:07:22.605   402   402 W HidlServiceManagement: Waited one second for android.hardware.keymaster@4.0::IKeymasterDevice/default
12-04 05:07:22.606   399   399 I hwservicemanager: Since android.hardware.keymaster@4.0::IKeymasterDevice/default is not registered, trying to start it as a lazy HAL.
12-04 05:07:22.606   402   402 I HidlServiceManagement: getService: Trying again for android.hardware.keymaster@4.0::IKeymasterDevice/default...
12-04 05:07:22.607   399   636 W libc    : Unable to set property "ctl.interface_start" to "android.hardware.keymaster@4.0::IKeymasterDevice/default": error code: 0x20
12-04 05:07:22.607   399   636 I hwservicemanager: Tried to start android.hardware.keymaster@4.0::IKeymasterDevice/default as a lazy service, but was unable to. Usually this happens when a service is not installed, but if the service is intended to be used as a lazy service, then it may be configured incorrectly.
12-04 05:07:22.607     0     0 E init    : Control message: Could not find 'android.hardware.keymaster@4.0::IKeymasterDevice/default' for ctl.interface_start from pid: 399 (/system/bin/hwservicemanager)
12-04 05:07:22.843     0     0 I TCPC-PE-EVT: timer
12-04 05:07:22.843     0     0 I TCPC-PE : SRC NoResp
12-04 05:07:22.843     0     0 I TCPC-PE : TYPE-C Only Charger!
12-04 05:07:22.843     0     0 E rt-pd-manager soc: rt-pd-manager: lsw pd_tcp_notifier_call 425!!
12-04 05:07:22.843     0     0 I rt-pd-manager soc: rt-pd-manager: pd_tcp_notifier_call sink vbus 5000mV 100mA type(0x04)
12-04 05:07:22.847     0     0 I TCPC-PE : pd_state=1
12-04 05:07:22.847     0     0 E rt-pd-manager soc: rt-pd-manager: lsw pd_tcp_notifier_call 425!!
12-04 05:07:22.847     0     0 E rt-pd-manager soc: rt-pd-manager: lsw pd_tcp_notifier_call 425!!
12-04 05:07:22.847     0     0 I rt-pd-manager soc: rt-pd-manager: pd_tcp_notifier_call pd state = 1
12-04 05:07:23.530     0     0 E wt_chg soc: qcom_wt_chg: wt_chg_main now = 13280 resume_time = 18280
12-04 05:07:23.533     0     0 E bq2589x-1 1-006a: bq2589x_monitor_workfunc:vbus_type: 4, vbus volt:4700,vbat volt:4344,charge current:0, usb-switch1 1279, usb_switch_flag 0
12-04 05:07:23.533     0     0 I bq2589x-1 1-006a: bq2589x_monitor_workfunc:IINDPM occurred
12-04 05:07:23.538     0     0 E wt_chg soc: qcom_wt_chg: wtchg_float_charge_type_check vbus_online=1 real_type=4 float_recheck_cnt=0
12-04 05:07:23.541     0     0 E wt_chg soc: qcom_wt_chg: batt_protected_mode=0 batt_protected_mode_disable_charge=0 batt_protected_mode_disable_suspend=0
12-04 05:07:23.541     0     0 E wt_chg soc: qcom_wt_chg: batt_temp=279, jeita_status=2, board_temp=278,lcd_on=0
12-04 05:07:23.541     0     0 E wt_chg soc: qcom_wt_chg: jeita_batt_cv=4432, jeita_batt_cv_pre=4432, input_curr=500, input_curr_pre=500, slave_enable=0
12-04 05:07:23.541     0     0 E bq2589x-1 1-006a: set input current: 500
12-04 05:07:23.541     0     0 E bq2589x-1 1-006a: set usb suspend: 0
12-04 05:07:23.542     0     0 E sgm4151x-1 1-006b: set input suspend: 1
12-04 05:07:23.542     0     0 E wt_chg soc: qcom_wt_chg: type_ibatt=500, jeita_ibatt=4000, main_chg_ibatt=500, slave_chg_ibatt=0, chg_ibatt=500,chg_ibatt_pre=500
12-04 05:07:23.542     0     0 E chg_type: 4, vbus_online: 1, vbus_volt: 4700, chg_status: 1, batt_volt: 4313000, batt_current: -305000, temp: 279, health: 1, capacity: 100
12-04 05:07:23.542     0     0 E chg_temp: 300, usb_temp: 262, board_temp: 278, usb_online: 1, ac_online: 0, pd_active:0 typec_pr_role:2
12-04 05:07:23.544     0     0 I TCPC-TCPC: bat_update_work_func battery update soc = 100
12-04 05:07:23.544     0     0 I TCPC-TCPC: bat_update_work_func Battery Charging
12-04 05:07:23.547     0     0 W healthd : battery l=100 v=4313 t=27.9 h=2 st=2 c=-305000 fc=6590000 cc=547 chg=u
12-04 05:07:23.550     0     0 W healthd : battery l=100 v=4313 t=27.9 h=2 st=2 c=-305000 fc=6590000 cc=547 chg=u
12-04 05:07:23.552     0     0 W healthd : battery l=100 v=4313 t=27.9 h=2 st=2 c=-305000 fc=6590000 cc=547 chg=u
12-04 05:07:23.606   402   402 W HidlServiceManagement: Waited one second for android.hardware.keymaster@4.0::IKeymasterDevice/default
12-04 05:07:23.607   399   399 I hwservicemanager: Since android.hardware.keymaster@4.0::IKeymasterDevice/default is not registered, trying to start it as a lazy HAL.
12-04 05:07:23.607   402   402 I HidlServiceManagement: getService: Trying again for android.hardware.keymaster@4.0::IKeymasterDevice/default...
12-04 05:07:23.608   399   638 W libc    : Unable to set property "ctl.interface_start" to "android.hardware.keymaster@4.0::IKeymasterDevice/default": error code: 0x20
12-04 05:07:23.608   399   638 I hwservicemanager: Tried to start android.hardware.keymaster@4.0::IKeymasterDevice/default as a lazy service, but was unable to. Usually this happens when a service is not installed, but if the service is intended to be used as a lazy service, then it may be configured incorrectly.
12-04 05:07:23.607     0     0 E init    : Control message: Could not find 'android.hardware.keymaster@4.0::IKeymasterDevice/default' for ctl.interface_start from pid: 399 (/system/bin/hwservicemanager)
12-04 05:07:24.607   402   402 W HidlServiceManagement: Waited one second for android.hardware.keymaster@4.0::IKeymasterDevice/default
12-04 05:07:24.607   399   399 I hwservicemanager: Since android.hardware.keymaster@4.0::IKeymasterDevice/default is not registered, trying to start it as a lazy HAL.
12-04 05:07:24.608   402   402 I HidlServiceManagement: getService: Trying again for android.hardware.keymaster@4.0::IKeymasterDevice/default...
12-04 05:07:24.608   399   639 W libc    : Unable to set property "ctl.interface_start" to "android.hardware.keymaster@4.0::IKeymasterDevice/default": error code: 0x20
12-04 05:07:24.609   399   639 I hwservicemanager: Tried to start android.hardware.keymaster@4.0::IKeymasterDevice/default as a lazy service, but was unable to. Usually this happens when a service is not installed, but if the service is intended to be used as a lazy service, then it may be configured incorrectly.
12-04 05:07:24.608     0     0 E init    : Control message: Could not find 'android.hardware.keymaster@4.0::IKeymasterDevice/default' for ctl.interface_start from pid: 399 (/system/bin/hwservicemanager)
12-04 05:07:25.068     0     0 I mmc0    : det_gpio pin 1255 status is 1
12-04 05:07:25.068     0     0 I mmc0    : apply bht power off patch
12-04 05:07:25.068     0     0 I mmc0    : present status is 1
12-04 05:07:25.068     0     0 I mmc0    : pwr_gpio pin 1260 status is 0
12-04 05:07:25.608   402   402 W HidlServiceManagement: Waited one second for android.hardware.keymaster@4.0::IKeymasterDevice/default
12-04 05:07:25.608   399   399 I hwservicemanager: Since android.hardware.keymaster@4.0::IKeymasterDevice/default is not registered, trying to start it as a lazy HAL.
12-04 05:07:25.609   402   402 I HidlServiceManagement: getService: Trying again for android.hardware.keymaster@4.0::IKeymasterDevice/default...
12-04 05:07:25.609   399   641 W libc    : Unable to set property "ctl.interface_start" to "android.hardware.keymaster@4.0::IKeymasterDevice/default": error code: 0x20
12-04 05:07:25.609   399   641 I hwservicemanager: Tried to start android.hardware.keymaster@4.0::IKeymasterDevice/default as a lazy service, but was unable to. Usually this happens when a service is not installed, but if the service is intended to be used as a lazy service, then it may be configured incorrectly.
12-04 05:07:25.609     0     0 E init    : Control message: Could not find 'android.hardware.keymaster@4.0::IKeymasterDevice/default' for ctl.interface_start from pid: 399 (/system/bin/hwservicemanager)
12-04 05:07:26.609   402   402 W HidlServiceManagement: Waited one second for android.hardware.keymaster@4.0::IKeymasterDevice/default
12-04 05:07:26.609   399   399 I hwservicemanager: Since android.hardware.keymaster@4.0::IKeymasterDevice/default is not registered, trying to start it as a lazy HAL.
12-04 05:07:26.609   402   402 I HidlServiceManagement: getService: Trying again for android.hardware.keymaster@4.0::IKeymasterDevice/default...
12-04 05:07:26.610   399   642 W libc    : Unable to set property "ctl.interface_start" to "android.hardware.keymaster@4.0::IKeymasterDevice/default": error code: 0x20
12-04 05:07:26.610   399   642 I hwservicemanager: Tried to start android.hardware.keymaster@4.0::IKeymasterDevice/default as a lazy service, but was unable to. Usually this happens when a service is not installed, but if the service is intended to be used as a lazy service, then it may be configured incorrectly.
12-04 05:07:26.610     0     0 E init    : Control message: Could not find 'android.hardware.keymaster@4.0::IKeymasterDevice/default' for ctl.interface_start from pid: 399 (/system/bin/hwservicemanager)
12-04 05:07:27.610   402   402 W HidlServiceManagement: Waited one second for android.hardware.keymaster@4.0::IKeymasterDevice/default
12-04 05:07:27.610   399   399 I hwservicemanager: Since android.hardware.keymaster@4.0::IKeymasterDevice/default is not registered, trying to start it as a lazy HAL.
12-04 05:07:27.610   402   402 I HidlServiceManagement: getService: Trying again for android.hardware.keymaster@4.0::IKeymasterDevice/default...
12-04 05:07:27.611   399   643 W libc    : Unable to set property "ctl.interface_start" to "android.hardware.keymaster@4.0::IKeymasterDevice/default": error code: 0x20
12-04 05:07:27.611   399   643 I hwservicemanager: Tried to start android.hardware.keymaster@4.0::IKeymasterDevice/default as a lazy service, but was unable to. Usually this happens when a service is not installed, but if the service is intended to be used as a lazy service, then it may be configured incorrectly.
12-04 05:07:27.611     0     0 E init    : Control message: Could not find 'android.hardware.keymaster@4.0::IKeymasterDevice/default' for ctl.interface_start from pid: 399 (/system/bin/hwservicemanager)
12-04 05:07:28.544     0     0 I TCPC-PE-EVT: timer
12-04 05:07:28.611   402   402 W HidlServiceManagement: Waited one second for android.hardware.keymaster@4.0::IKeymasterDevice/default
12-04 05:07:28.611   399   399 I hwservicemanager: Since android.hardware.keymaster@4.0::IKeymasterDevice/default is not registered, trying to start it as a lazy HAL.
12-04 05:07:28.611   402   402 I HidlServiceManagement: getService: Trying again for android.hardware.keymaster@4.0::IKeymasterDevice/default...
12-04 05:07:28.612   399   644 W libc    : Unable to set property "ctl.interface_start" to "android.hardware.keymaster@4.0::IKeymasterDevice/default": error code: 0x20
12-04 05:07:28.612   399   644 I hwservicemanager: Tried to start android.hardware.keymaster@4.0::IKeymasterDevice/default as a lazy service, but was unable to. Usually this happens when a service is not installed, but if the service is intended to be used as a lazy service, then it may be configured incorrectly.
12-04 05:07:28.612     0     0 E init    : Control message: Could not find 'android.hardware.keymaster@4.0::IKeymasterDevice/default' for ctl.interface_start from pid: 399 (/system/bin/hwservicemanager)
12-04 05:07:29.611   402   402 W HidlServiceManagement: Waited one second for android.hardware.keymaster@4.0::IKeymasterDevice/default
12-04 05:07:29.612   399   399 I hwservicemanager: Since android.hardware.keymaster@4.0::IKeymasterDevice/default is not registered, trying to start it as a lazy HAL.
12-04 05:07:29.612   402   402 I HidlServiceManagement: getService: Trying again for android.hardware.keymaster@4.0::IKeymasterDevice/default...
12-04 05:07:29.613   399   645 W libc    : Unable to set property "ctl.interface_start" to "android.hardware.keymaster@4.0::IKeymasterDevice/default": error code: 0x20
12-04 05:07:29.613   399   645 I hwservicemanager: Tried to start android.hardware.keymaster@4.0::IKeymasterDevice/default as a lazy service, but was unable to. Usually this happens when a service is not installed, but if the service is intended to be used as a lazy service, then it may be configured incorrectly.
12-04 05:07:29.613     0     0 E init    : Control message: Could not find 'android.hardware.keymaster@4.0::IKeymasterDevice/default' for ctl.interface_start from pid: 399 (/system/bin/hwservicemanager)
12-04 05:07:30.612   402   402 W HidlServiceManagement: Waited one second for android.hardware.keymaster@4.0::IKeymasterDevice/default
12-04 05:07:30.613   399   399 I hwservicemanager: Since android.hardware.keymaster@4.0::IKeymasterDevice/default is not registered, trying to start it as a lazy HAL.
12-04 05:07:30.613   402   402 I HidlServiceManagement: getService: Trying again for android.hardware.keymaster@4.0::IKeymasterDevice/default...
12-04 05:07:30.614   399   646 W libc    : Unable to set property "ctl.interface_start" to "android.hardware.keymaster@4.0::IKeymasterDevice/default": error code: 0x20
12-04 05:07:30.614   399   646 I hwservicemanager: Tried to start android.hardware.keymaster@4.0::IKeymasterDevice/default as a lazy service, but was unable to. Usually this happens when a service is not installed, but if the service is intended to be used as a lazy service, then it may be configured incorrectly.
12-04 05:07:30.614     0     0 E init    : Control message: Could not find 'android.hardware.keymaster@4.0::IKeymasterDevice/default' for ctl.interface_start from pid: 399 (/system/bin/hwservicemanager)
12-04 05:07:31.613   402   402 W HidlServiceManagement: Waited one second for android.hardware.keymaster@4.0::IKeymasterDevice/default
12-04 05:07:31.614   399   399 I hwservicemanager: Since android.hardware.keymaster@4.0::IKeymasterDevice/default is not registered, trying to start it as a lazy HAL.
12-04 05:07:31.614   402   402 I HidlServiceManagement: getService: Trying again for android.hardware.keymaster@4.0::IKeymasterDevice/default...
12-04 05:07:31.615   399   647 W libc    : Unable to set property "ctl.interface_start" to "android.hardware.keymaster@4.0::IKeymasterDevice/default": error code: 0x20
12-04 05:07:31.615   399   647 I hwservicemanager: Tried to start android.hardware.keymaster@4.0::IKeymasterDevice/default as a lazy service, but was unable to. Usually this happens when a service is not installed, but if the service is intended to be used as a lazy service, then it may be configured incorrectly.
12-04 05:07:31.615     0     0 E init    : Control message: Could not find 'android.hardware.keymaster@4.0::IKeymasterDevice/default' for ctl.interface_start from pid: 399 (/system/bin/hwservicemanager)
12-04 05:07:32.614   402   402 W HidlServiceManagement: Waited one second for android.hardware.keymaster@4.0::IKeymasterDevice/default
12-04 05:07:32.615   399   399 I hwservicemanager: Since android.hardware.keymaster@4.0::IKeymasterDevice/default is not registered, trying to start it as a lazy HAL.
12-04 05:07:32.615   402   402 I HidlServiceManagement: getService: Trying again for android.hardware.keymaster@4.0::IKeymasterDevice/default...
12-04 05:07:32.616   399   648 W libc    : Unable to set property "ctl.interface_start" to "android.hardware.keymaster@4.0::IKeymasterDevice/default": error code: 0x20
12-04 05:07:32.616   399   648 I hwservicemanager: Tried to start android.hardware.keymaster@4.0::IKeymasterDevice/default as a lazy service, but was unable to. Usually this happens when a service is not installed, but if the service is intended to be used as a lazy service, then it may be configured incorrectly.
12-04 05:07:32.615     0     0 E init    : Control message: Could not find 'android.hardware.keymaster@4.0::IKeymasterDevice/default' for ctl.interface_start from pid: 399 (/system/bin/hwservicemanager)
12-04 05:07:33.615   402   402 W HidlServiceManagement: Waited one second for android.hardware.keymaster@4.0::IKeymasterDevice/default
12-04 05:07:33.615   399   399 I hwservicemanager: Since android.hardware.keymaster@4.0::IKeymasterDevice/default is not registered, trying to start it as a lazy HAL.
12-04 05:07:33.616   402   402 I HidlServiceManagement: getService: Trying again for android.hardware.keymaster@4.0::IKeymasterDevice/default...
12-04 05:07:33.616   399   649 W libc    : Unable to set property "ctl.interface_start" to "android.hardware.keymaster@4.0::IKeymasterDevice/default": error code: 0x20
12-04 05:07:33.616   399   649 I hwservicemanager: Tried to start android.hardware.keymaster@4.0::IKeymasterDevice/default as a lazy service, but was unable to. Usually this happens when a service is not installed, but if the service is intended to be used as a lazy service, then it may be configured incorrectly.
12-04 05:07:33.616     0     0 E init    : Control message: Could not find 'android.hardware.keymaster@4.0::IKeymasterDevice/default' for ctl.interface_start from pid: 399 (/system/bin/hwservicemanager)
12-04 05:07:33.770     0     0 E wt_chg soc: qcom_wt_chg: wt_chg_main now = 23520 resume_time = 28520
12-04 05:07:33.771     0     0 E bq2589x-1 1-006a: bq2589x_monitor_workfunc:vbus_type: 4, vbus volt:4700,vbat volt:4344,charge current:0, usb-switch1 1279, usb_switch_flag 0
12-04 05:07:33.772     0     0 I bq2589x-1 1-006a: bq2589x_monitor_workfunc:IINDPM occurred
12-04 05:07:33.776     0     0 E wt_chg soc: qcom_wt_chg: wtchg_float_charge_type_check vbus_online=1 real_type=4 float_recheck_cnt=0
12-04 05:07:33.779     0     0 E wt_chg soc: qcom_wt_chg: batt_protected_mode=0 batt_protected_mode_disable_charge=0 batt_protected_mode_disable_suspend=0
12-04 05:07:33.779     0     0 E wt_chg soc: qcom_wt_chg: batt_temp=279, jeita_status=2, board_temp=278,lcd_on=0
12-04 05:07:33.779     0     0 E wt_chg soc: qcom_wt_chg: jeita_batt_cv=4432, jeita_batt_cv_pre=4432, input_curr=500, input_curr_pre=500, slave_enable=0
12-04 05:07:33.779     0     0 E bq2589x-1 1-006a: set input current: 500
12-04 05:07:33.780     0     0 E bq2589x-1 1-006a: set usb suspend: 0
12-04 05:07:33.780     0     0 E sgm4151x-1 1-006b: set input suspend: 1
12-04 05:07:33.780     0     0 E wt_chg soc: qcom_wt_chg: type_ibatt=500, jeita_ibatt=4000, main_chg_ibatt=500, slave_chg_ibatt=0, chg_ibatt=500,chg_ibatt_pre=500
12-04 05:07:33.780     0     0 E chg_type: 4, vbus_online: 1, vbus_volt: 4700, chg_status: 1, batt_volt: 4311000, batt_current: -281000, temp: 279, health: 1, capacity: 100
12-04 05:07:33.780     0     0 E chg_temp: 301, usb_temp: 262, board_temp: 278, usb_online: 1, ac_online: 0, pd_active:0 typec_pr_role:2
12-04 05:07:33.780     0     0 I TCPC-TCPC: bat_update_work_func battery update soc = 100
12-04 05:07:33.780     0     0 I TCPC-TCPC: bat_update_work_func Battery Charging
12-04 05:07:33.785     0     0 W healthd : battery l=100 v=4311 t=27.9 h=2 st=2 c=-281000 fc=6590000 cc=547 chg=u
12-04 05:07:33.787     0     0 W healthd : battery l=100 v=4311 t=27.9 h=2 st=2 c=-281000 fc=6590000 cc=547 chg=u
12-04 05:07:33.790     0     0 W healthd : battery l=100 v=4311 t=27.9 h=2 st=2 c=-281000 fc=6590000 cc=547 chg=u
12-04 05:07:34.616   402   402 W HidlServiceManagement: Waited one second for android.hardware.keymaster@4.0::IKeymasterDevice/default
12-04 05:07:34.616   399   399 I hwservicemanager: Since android.hardware.keymaster@4.0::IKeymasterDevice/default is not registered, trying to start it as a lazy HAL.
12-04 05:07:34.617   402   402 I HidlServiceManagement: getService: Trying again for android.hardware.keymaster@4.0::IKeymasterDevice/default...
12-04 05:07:34.617   399   650 W libc    : Unable to set property "ctl.interface_start" to "android.hardware.keymaster@4.0::IKeymasterDevice/default": error code: 0x20
12-04 05:07:34.617   399   650 I hwservicemanager: Tried to start android.hardware.keymaster@4.0::IKeymasterDevice/default as a lazy service, but was unable to. Usually this happens when a service is not installed, but if the service is intended to be used as a lazy service, then it may be configured incorrectly.
12-04 05:07:34.617     0     0 E init    : Control message: Could not find 'android.hardware.keymaster@4.0::IKeymasterDevice/default' for ctl.interface_start from pid: 399 (/system/bin/hwservicemanager)
12-04 05:07:35.617   402   402 W HidlServiceManagement: Waited one second for android.hardware.keymaster@4.0::IKeymasterDevice/default
12-04 05:07:35.617   399   399 I hwservicemanager: Since android.hardware.keymaster@4.0::IKeymasterDevice/default is not registered, trying to start it as a lazy HAL.
12-04 05:07:35.617   402   402 I HidlServiceManagement: getService: Trying again for android.hardware.keymaster@4.0::IKeymasterDevice/default...
12-04 05:07:35.618   399   651 W libc    : Unable to set property "ctl.interface_start" to "android.hardware.keymaster@4.0::IKeymasterDevice/default": error code: 0x20
12-04 05:07:35.618   399   651 I hwservicemanager: Tried to start android.hardware.keymaster@4.0::IKeymasterDevice/default as a lazy service, but was unable to. Usually this happens when a service is not installed, but if the service is intended to be used as a lazy service, then it may be configured incorrectly.
12-04 05:07:35.618     0     0 E init    : Control message: Could not find 'android.hardware.keymaster@4.0::IKeymasterDevice/default' for ctl.interface_start from pid: 399 (/system/bin/hwservicemanager)
12-04 05:07:36.618   402   402 W HidlServiceManagement: Waited one second for android.hardware.keymaster@4.0::IKeymasterDevice/default
12-04 05:07:36.618   399   399 I hwservicemanager: Since android.hardware.keymaster@4.0::IKeymasterDevice/default is not registered, trying to start it as a lazy HAL.
12-04 05:07:36.618   402   402 I HidlServiceManagement: getService: Trying again for android.hardware.keymaster@4.0::IKeymasterDevice/default...
12-04 05:07:36.619   399   652 W libc    : Unable to set property "ctl.interface_start" to "android.hardware.keymaster@4.0::IKeymasterDevice/default": error code: 0x20
12-04 05:07:36.619   399   652 I hwservicemanager: Tried to start android.hardware.keymaster@4.0::IKeymasterDevice/default as a lazy service, but was unable to. Usually this happens when a service is not installed, but if the service is intended to be used as a lazy service, then it may be configured incorrectly.
12-04 05:07:36.619     0     0 E init    : Control message: Could not find 'android.hardware.keymaster@4.0::IKeymasterDevice/default' for ctl.interface_start from pid: 399 (/system/bin/hwservicemanager)
12-04 05:07:37.619   402   402 W HidlServiceManagement: Waited one second for android.hardware.keymaster@4.0::IKeymasterDevice/default
12-04 05:07:37.619   399   399 I hwservicemanager: Since android.hardware.keymaster@4.0::IKeymasterDevice/default is not registered, trying to start it as a lazy HAL.
12-04 05:07:37.619   402   402 I HidlServiceManagement: getService: Trying again for android.hardware.keymaster@4.0::IKeymasterDevice/default...
12-04 05:07:37.620   399   653 W libc    : Unable to set property "ctl.interface_start" to "android.hardware.keymaster@4.0::IKeymasterDevice/default": error code: 0x20
12-04 05:07:37.620   399   653 I hwservicemanager: Tried to start android.hardware.keymaster@4.0::IKeymasterDevice/default as a lazy service, but was unable to. Usually this happens when a service is not installed, but if the service is intended to be used as a lazy service, then it may be configured incorrectly.
12-04 05:07:37.620     0     0 E init    : Control message: Could not find 'android.hardware.keymaster@4.0::IKeymasterDevice/default' for ctl.interface_start from pid: 399 (/system/bin/hwservicemanager)
12-04 05:07:38.619   402   402 W HidlServiceManagement: Waited one second for android.hardware.keymaster@4.0::IKeymasterDevice/default
12-04 05:07:38.620   399   399 I hwservicemanager: Since android.hardware.keymaster@4.0::IKeymasterDevice/default is not registered, trying to start it as a lazy HAL.
12-04 05:07:38.620   402   402 I HidlServiceManagement: getService: Trying again for android.hardware.keymaster@4.0::IKeymasterDevice/default...
12-04 05:07:38.621   399   654 W libc    : Unable to set property "ctl.interface_start" to "android.hardware.keymaster@4.0::IKeymasterDevice/default": error code: 0x20
12-04 05:07:38.621   399   654 I hwservicemanager: Tried to start android.hardware.keymaster@4.0::IKeymasterDevice/default as a lazy service, but was unable to. Usually this happens when a service is not installed, but if the service is intended to be used as a lazy service, then it may be configured incorrectly.
12-04 05:07:38.621     0     0 E init    : Control message: Could not find 'android.hardware.keymaster@4.0::IKeymasterDevice/default' for ctl.interface_start from pid: 399 (/system/bin/hwservicemanager)
12-04 05:07:39.620   402   402 W HidlServiceManagement: Waited one second for android.hardware.keymaster@4.0::IKeymasterDevice/default
12-04 05:07:39.621   399   399 I hwservicemanager: Since android.hardware.keymaster@4.0::IKeymasterDevice/default is not registered, trying to start it as a lazy HAL.
12-04 05:07:39.621   402   402 I HidlServiceManagement: getService: Trying again for android.hardware.keymaster@4.0::IKeymasterDevice/default...
12-04 05:07:39.622   399   655 W libc    : Unable to set property "ctl.interface_start" to "android.hardware.keymaster@4.0::IKeymasterDevice/default": error code: 0x20
12-04 05:07:39.622   399   655 I hwservicemanager: Tried to start android.hardware.keymaster@4.0::IKeymasterDevice/default as a lazy service, but was unable to. Usually this happens when a service is not installed, but if the service is intended to be used as a lazy service, then it may be configured incorrectly.
12-04 05:07:39.622     0     0 E init    : Control message: Could not find 'android.hardware.keymaster@4.0::IKeymasterDevice/default' for ctl.interface_start from pid: 399 (/system/bin/hwservicemanager)
12-04 05:07:40.621   402   402 W HidlServiceManagement: Waited one second for android.hardware.keymaster@4.0::IKeymasterDevice/default
12-04 05:07:40.622   399   399 I hwservicemanager: Since android.hardware.keymaster@4.0::IKeymasterDevice/default is not registered, trying to start it as a lazy HAL.
12-04 05:07:40.622   402   402 I HidlServiceManagement: getService: Trying again for android.hardware.keymaster@4.0::IKeymasterDevice/default...
12-04 05:07:40.623   399   656 W libc    : Unable to set property "ctl.interface_start" to "android.hardware.keymaster@4.0::IKeymasterDevice/default": error code: 0x20
12-04 05:07:40.623   399   656 I hwservicemanager: Tried to start android.hardware.keymaster@4.0::IKeymasterDevice/default as a lazy service, but was unable to. Usually this happens when a service is not installed, but if the service is intended to be used as a lazy service, then it may be configured incorrectly.
12-04 05:07:40.622     0     0 E init    : Control message: Could not find 'android.hardware.keymaster@4.0::IKeymasterDevice/default' for ctl.interface_start from pid: 399 (/system/bin/hwservicemanager)
12-04 05:07:41.622   402   402 W HidlServiceManagement: Waited one second for android.hardware.keymaster@4.0::IKeymasterDevice/default
12-04 05:07:41.622   399   399 I hwservicemanager: Since android.hardware.keymaster@4.0::IKeymasterDevice/default is not registered, trying to start it as a lazy HAL.
12-04 05:07:41.623   402   402 I HidlServiceManagement: getService: Trying again for android.hardware.keymaster@4.0::IKeymasterDevice/default...
12-04 05:07:41.623   399   658 W libc    : Unable to set property "ctl.interface_start" to "android.hardware.keymaster@4.0::IKeymasterDevice/default": error code: 0x20
12-04 05:07:41.624   399   658 I hwservicemanager: Tried to start android.hardware.keymaster@4.0::IKeymasterDevice/default as a lazy service, but was unable to. Usually this happens when a service is not installed, but if the service is intended to be used as a lazy service, then it may be configured incorrectly.
12-04 05:07:41.623     0     0 E init    : Control message: Could not find 'android.hardware.keymaster@4.0::IKeymasterDevice/default' for ctl.interface_start from pid: 399 (/system/bin/hwservicemanager)
12-04 05:07:41.962     0     0 I vdd_supply: disabling
12-04 05:07:41.963     0     0 W         : ------------[ cut here ]------------
12-04 05:07:41.963     0     0 W i2c_pmic 0-0009: deferred probe timeout, ignoring dependency
12-04 05:07:41.963     0     0 W         : WARNING: CPU: 2 PID: 657 at driver_deferred_probe_check_state+0x78/0x8c
12-04 05:07:41.963     0     0 W         : Modules linked in:
12-04 05:07:41.963     0     0 W         : CPU: 2 PID: 657 Comm: kworker/2:4 Tainted: G S                4.19.292-Grass-perf #1
12-04 05:07:41.963     0     0 W Hardware name: Qualcomm Technologies, Inc. KHAJE IDP nopmi (DT)
12-04 05:07:41.963     0     0 W Workqueue: events deferred_probe_work_func
12-04 05:07:41.963     0     0 W pstate  : 60400005 (nZCv daif +PAN -UAO)
12-04 05:07:41.963     0     0 W pc      : driver_deferred_probe_check_state+0x78/0x8c
12-04 05:07:41.963     0     0 W lr      : driver_deferred_probe_check_state+0x74/0x8c
12-04 05:07:41.963     0     0 W sp      : ffffff8012453a90
12-04 05:07:41.963     0     0 W         : x29: ffffff8012453a90 x28: ffffffc57fed3ca0
12-04 05:07:41.963     0     0 W         : x27: 0000000000000000 x26: ffffffc57fed4338
12-04 05:07:41.963     0     0 W         : x25: ffffffbefe85e1b0 x24: ffffffbefe85e1c8
12-04 05:07:41.963     0     0 W         : x23: ffffffc57fdd9100 x22: 0000000000000000
12-04 05:07:41.963     0     0 W         : x21: ffffffc55716df00 x20: ffffffc57fed4080
12-04 05:07:41.963     0     0 W         : x19: ffffffc404a66420 x18: ffffffc578155078
12-04 05:07:41.963     0     0 W         : x17: 0000000000000000 x16: 00000000000000a4
12-04 05:07:41.963     0     0 W         : x15: ffffffa1639da150 x14: ffffffa1641dff68
12-04 05:07:41.963     0     0 W         : x13: 0000000000000004 x12: 0000000000000000
12-04 05:07:41.963     0     0 W         : x11: 0000000000000000 x10: ffffffffffffffff
12-04 05:07:41.963     0     0 W         : x9 : 0ed4947e95dad400 x8 : 0ed4947e95dad400
12-04 05:07:41.963     0     0 W         : x7 : 000000000000003c x6 : ffffffa164696994
12-04 05:07:41.963     0     0 W         : x5 : ffffffa164694028 x4 : 0000000000000008
12-04 05:07:41.963     0     0 W         : x3 : 0000000079636e65 x2 : 0000000000000034
12-04 05:07:41.963     0     0 W         : x1 : ffffffa164694064 x0 : 00000000ffffff92
12-04 05:07:41.963     0     0 W Call trace:  
12-04 05:07:41.963     0     0 W         : driver_deferred_probe_check_state+0x78/0x8c
12-04 05:07:41.963     0     0 W         : pinctrl_dt_to_map+0x2a4/0x46c
12-04 05:07:41.963     0     0 W         : create_pinctrl+0x6c/0x28c
12-04 05:07:41.963     0     0 W         : devm_pinctrl_get+0xb4/0x10c
12-04 05:07:41.963     0     0 W         : pinctrl_bind_pins+0x3c/0x14c
12-04 05:07:41.963     0     0 W         : really_probe+0x14c/0x300
12-04 05:07:41.963     0     0 W         : driver_probe_device+0x64/0x100
12-04 05:07:41.963     0     0 W         : __device_attach_driver+0xfc/0x118
12-04 05:07:41.963     0     0 W         : bus_for_each_drv+0x84/0xd0
12-04 05:07:41.963     0     0 W         : __device_attach.llvm.17672203628988705084+0xb4/0x14c
12-04 05:07:41.963     0     0 W         : bus_probe_device+0x38/0x9c
12-04 05:07:41.963     0     0 W         : deferred_probe_work_func+0x68/0xc4
12-04 05:07:41.963     0     0 W         : process_one_work+0x2ac/0x494
12-04 05:07:41.963     0     0 W         : worker_thread+0x2e4/0x570
12-04 05:07:41.963     0     0 W         : kthread+0x164/0x1e0
12-04 05:07:41.963     0     0 W         : ret_from_fork+0x10/0x18
12-04 05:07:41.963     0     0 W         : ---[ end trace 582409f92ffcdde8 ]---
12-04 05:07:41.966     0     0 W geni_i2c_xfer: 109 callbacks suppressed
12-04 05:07:41.966     0     0 E i2c_geni 4a84000.i2c: i2c error :-107
12-04 05:07:41.966     0     0 E PM8008  : pm8008_read: failed to read 0x403b
12-04 05:07:41.966     0     0 E PM8008  : pm8008_register_ldo: pm8008_l1: failed to read step rate configuration rc=-107
12-04 05:07:41.966     0     0 E PM8008  : pm8008_parse_regulator: failed to register regulator pm8008_l1 rc=-107
12-04 05:07:41.966     0     0 E PM8008  : pm8008_regulator_probe: failed to parse device tree rc=-107
12-04 05:07:41.966     0     0 W qcom,pm8008-regulator: probe of 4a84000.i2c:qcom,pm8008@9:qcom,pm8008-regulator failed with error -107
12-04 05:07:41.966     0     0 I I2C PMIC: i2c_pmic_probe: I2C PMIC probe successful
12-04 05:07:41.969     0     0 W         : ------------[ cut here ]------------
12-04 05:07:41.969     0     0 W msm-cdc-pinctrl soc: msm_cdc_pinctrl_pri: deferred probe timeout, ignoring dependency
12-04 05:07:41.969     0     0 W         : WARNING: CPU: 2 PID: 657 at driver_deferred_probe_check_state+0x78/0x8c
12-04 05:07:41.969     0     0 W         : Modules linked in:
12-04 05:07:41.969     0     0 W         : CPU: 2 PID: 657 Comm: kworker/2:4 Tainted: G S      W         4.19.292-Grass-perf #1
12-04 05:07:41.969     0     0 W Hardware name: Qualcomm Technologies, Inc. KHAJE IDP nopmi (DT)
12-04 05:07:41.969     0     0 W Workqueue: events deferred_probe_work_func
12-04 05:07:41.969     0     0 W pstate  : 60400005 (nZCv daif +PAN -UAO)
12-04 05:07:41.969     0     0 W pc      : driver_deferred_probe_check_state+0x78/0x8c
12-04 05:07:41.969     0     0 W lr      : driver_deferred_probe_check_state+0x74/0x8c
12-04 05:07:41.969     0     0 W sp      : ffffff8012453a90
12-04 05:07:41.969     0     0 W         : x29: ffffff8012453a90 x28: ffffffc57ff11da0
12-04 05:07:41.969     0     0 W         : x27: 0000000000000000 x26: ffffffc57ff74430
12-04 05:07:41.969     0     0 W         : x25: ffffffbefe88eda0 x24: ffffffbefe88edc8
12-04 05:07:41.969     0     0 W         : x23: ffffffc57fdd9100 x22: 0000000000000000
12-04 05:07:41.969     0     0 W         : x21: ffffffc5575acd00 x20: ffffffc57ff74278
12-04 05:07:41.969     0     0 W         : x19: ffffffc578367410 x18: ffffffc578155078
12-04 05:07:41.969     0     0 W         : x17: 0000000000000000 x16: 00000000000000a4
12-04 05:07:41.969     0     0 W         : x15: ffffffa1639da150 x14: 6e69726f6e676920
12-04 05:07:41.969     0     0 W         : x13: 2c74756f656d6974 x12: 0000000000000000
12-04 05:07:41.969     0     0 W         : x11: 0000000000000000 x10: ffffffffffffffff
12-04 05:07:41.969     0     0 W         : x9 : 0ed4947e95dad400 x8 : 0ed4947e95dad400
12-04 05:07:41.969     0     0 W         : x7 : 0000000000000054 x6 : ffffffa1646969ac
12-04 05:07:41.969     0     0 W         : x5 : ffffffa164694028 x4 : 0000000000000008
12-04 05:07:41.969     0     0 W         : x3 : 0000000079636e65 x2 : ffffffffffffffcc
12-04 05:07:41.969     0     0 W         : x1 : ffffffa16469407c x0 : 00000000ffffff92
12-04 05:07:41.969     0     0 W Call trace:  
12-04 05:07:41.969     0     0 W         : driver_deferred_probe_check_state+0x78/0x8c
12-04 05:07:41.969     0     0 W         : pinctrl_dt_to_map+0x2a4/0x46c
12-04 05:07:41.969     0     0 W         : create_pinctrl+0x6c/0x28c
12-04 05:07:41.969     0     0 W         : devm_pinctrl_get+0xb4/0x10c
12-04 05:07:41.969     0     0 W         : pinctrl_bind_pins+0x3c/0x14c
12-04 05:07:41.969     0     0 W         : really_probe+0x14c/0x300
12-04 05:07:41.969     0     0 W         : driver_probe_device+0x64/0x100
12-04 05:07:41.969     0     0 W         : __device_attach_driver+0xfc/0x118
12-04 05:07:41.969     0     0 W         : bus_for_each_drv+0x84/0xd0
12-04 05:07:41.969     0     0 W         : __device_attach.llvm.17672203628988705084+0xb4/0x14c
12-04 05:07:41.969     0     0 W         : bus_probe_device+0x38/0x9c
12-04 05:07:41.969     0     0 W         : deferred_probe_work_func+0x68/0xc4
12-04 05:07:41.969     0     0 W         : process_one_work+0x2ac/0x494
12-04 05:07:41.969     0     0 W         : worker_thread+0x2e4/0x570
12-04 05:07:41.969     0     0 W         : kthread+0x164/0x1e0
12-04 05:07:41.969     0     0 W         : ret_from_fork+0x10/0x18
12-04 05:07:41.969     0     0 W         : ---[ end trace 582409f92ffcdde9 ]---
12-04 05:07:41.969     0     0 W         : ------------[ cut here ]------------
12-04 05:07:41.969     0     0 W msm-cdc-pinctrl soc: msm_cdc_pinctrl_pri: deferred probe timeout, ignoring dependency
12-04 05:07:41.969     0     0 W         : WARNING: CPU: 2 PID: 657 at driver_deferred_probe_check_state+0x78/0x8c
12-04 05:07:41.969     0     0 W         : Modules linked in:
12-04 05:07:41.969     0     0 W         : CPU: 2 PID: 657 Comm: kworker/2:4 Tainted: G S      W         4.19.292-Grass-perf #1
12-04 05:07:41.969     0     0 W Hardware name: Qualcomm Technologies, Inc. KHAJE IDP nopmi (DT)
12-04 05:07:41.969     0     0 W Workqueue: events deferred_probe_work_func
12-04 05:07:41.969     0     0 W pstate  : 60400005 (nZCv daif +PAN -UAO)
12-04 05:07:41.969     0     0 W pc      : driver_deferred_probe_check_state+0x78/0x8c
12-04 05:07:41.969     0     0 W lr      : driver_deferred_probe_check_state+0x74/0x8c
12-04 05:07:41.969     0     0 W sp      : ffffff8012453950
12-04 05:07:41.969     0     0 W         : x29: ffffff8012453950 x28: ffffffc57ff11da0
12-04 05:07:41.969     0     0 W         : x27: 0000000000000000 x26: ffffffc57ff74430
12-04 05:07:41.969     0     0 W         : x25: ffffffbefe88eda0 x24: ffffffbefe88edc8
12-04 05:07:41.969     0     0 W         : x23: ffffffc57fdd9100 x22: 0000000000000000
12-04 05:07:41.969     0     0 W         : x21: ffffffc5575acc80 x20: ffffffc57ff74278
12-04 05:07:41.969     0     0 W         : x19: ffffffc578367410 x18: ffffffc578155080
12-04 05:07:41.969     0     0 W         : x17: 0000000000000000 x16: 00000000000000a4
12-04 05:07:41.969     0     0 W         : x15: ffffffa1639da150 x14: 6e69726f6e676920
12-04 05:07:41.969     0     0 W         : x13: 2c74756f656d6974 x12: 0000000000000000
12-04 05:07:41.969     0     0 W         : x11: 0000000000000000 x10: ffffffffffffffff
12-04 05:07:41.969     0     0 W         : x9 : 0ed4947e95dad400 x8 : 0ed4947e95dad400
12-04 05:07:41.969     0     0 W         : x7 : 0000000000000054 x6 : ffffffa1646969ac
12-04 05:07:41.969     0     0 W         : x5 : ffffffa164694028 x4 : 0000000000000008
12-04 05:07:41.969     0     0 W         : x3 : 0000000079636e65 x2 : ffffffffffffffcc
12-04 05:07:41.969     0     0 W         : x1 : ffffffa16469407c x0 : 00000000ffffff92
12-04 05:07:41.969     0     0 W Call trace:  
12-04 05:07:41.969     0     0 W         : driver_deferred_probe_check_state+0x78/0x8c
12-04 05:07:41.969     0     0 W         : pinctrl_dt_to_map+0x2a4/0x46c
12-04 05:07:41.969     0     0 W         : create_pinctrl+0x6c/0x28c
12-04 05:07:41.969     0     0 W         : devm_pinctrl_get+0xb4/0x10c
12-04 05:07:41.969     0     0 W         : msm_cdc_pinctrl_probe+0x8c/0x3f8
12-04 05:07:41.969     0     0 W         : platform_drv_probe+0x80/0xbc
12-04 05:07:41.969     0     0 W         : really_probe+0x27c/0x300
12-04 05:07:41.969     0     0 W         : driver_probe_device+0x64/0x100
12-04 05:07:41.969     0     0 W         : __device_attach_driver+0xfc/0x118
12-04 05:07:41.969     0     0 W         : bus_for_each_drv+0x84/0xd0
12-04 05:07:41.969     0     0 W         : __device_attach.llvm.17672203628988705084+0xb4/0x14c
12-04 05:07:41.969     0     0 W         : bus_probe_device+0x38/0x9c
12-04 05:07:41.969     0     0 W         : deferred_probe_work_func+0x68/0xc4
12-04 05:07:41.969     0     0 W         : process_one_work+0x2ac/0x494
12-04 05:07:41.969     0     0 W         : worker_thread+0x2e4/0x570
12-04 05:07:41.969     0     0 W         : kthread+0x164/0x1e0
12-04 05:07:41.969     0     0 W         : ret_from_fork+0x10/0x18
12-04 05:07:41.969     0     0 W         : ---[ end trace 582409f92ffcddea ]---
12-04 05:07:41.969     0     0 E msm-cdc-pinctrl soc: msm_cdc_pinctrl_pri: msm_cdc_pinctrl_probe: Cannot get cdc gpio pinctrl:-110
12-04 05:07:41.969     0     0 W msm-cdc-pinctrl: probe of soc:msm_cdc_pinctrl_pri failed with error -110
12-04 05:07:41.970     0     0 I platform soc: qcom,msm-pcm-voice: deferred probe pending
12-04 05:07:41.970     0     0 I platform soc: qcom,msm-voip-dsp: deferred probe pending
12-04 05:07:42.623   402   402 W HidlServiceManagement: Waited one second for android.hardware.keymaster@4.0::IKeymasterDevice/default
12-04 05:07:42.623   399   399 I hwservicemanager: Since android.hardware.keymaster@4.0::IKeymasterDevice/default is not registered, trying to start it as a lazy HAL.
12-04 05:07:42.624   402   402 I HidlServiceManagement: getService: Trying again for android.hardware.keymaster@4.0::IKeymasterDevice/default...
12-04 05:07:42.624   399   659 W libc    : Unable to set property "ctl.interface_start" to "android.hardware.keymaster@4.0::IKeymasterDevice/default": error code: 0x20
12-04 05:07:42.624   399   659 I hwservicemanager: Tried to start android.hardware.keymaster@4.0::IKeymasterDevice/default as a lazy service, but was unable to. Usually this happens when a service is not installed, but if the service is intended to be used as a lazy service, then it may be configured incorrectly.
12-04 05:07:42.624     0     0 E init    : Control message: Could not find 'android.hardware.keymaster@4.0::IKeymasterDevice/default' for ctl.interface_start from pid: 399 (/system/bin/hwservicemanager)
12-04 05:07:43.362     0     0 E wt_chg soc: qcom_wt_chg: chg_main_alarm_cb wt chg alarm triggered 33112
12-04 05:07:43.624   402   402 W HidlServiceManagement: Waited one second for android.hardware.keymaster@4.0::IKeymasterDevice/default
12-04 05:07:43.624   399   399 I hwservicemanager: Since android.hardware.keymaster@4.0::IKeymasterDevice/default is not registered, trying to start it as a lazy HAL.
12-04 05:07:43.624   402   402 I HidlServiceManagement: getService: Trying again for android.hardware.keymaster@4.0::IKeymasterDevice/default...
12-04 05:07:43.625   399   660 W libc    : Unable to set property "ctl.interface_start" to "android.hardware.keymaster@4.0::IKeymasterDevice/default": error code: 0x20
12-04 05:07:43.625   399   660 I hwservicemanager: Tried to start android.hardware.keymaster@4.0::IKeymasterDevice/default as a lazy service, but was unable to. Usually this happens when a service is not installed, but if the service is intended to be used as a lazy service, then it may be configured incorrectly.
12-04 05:07:43.625     0     0 E init    : Control message: Could not find 'android.hardware.keymaster@4.0::IKeymasterDevice/default' for ctl.interface_start from pid: 399 (/system/bin/hwservicemanager)
12-04 05:07:44.010     0     0 E wt_chg soc: qcom_wt_chg: wt_chg_main now = 33760 resume_time = 38760
12-04 05:07:44.012     0     0 E bq2589x-1 1-006a: bq2589x_monitor_workfunc:vbus_type: 4, vbus volt:4700,vbat volt:4344,charge current:0, usb-switch1 1279, usb_switch_flag 0
12-04 05:07:44.013     0     0 I bq2589x-1 1-006a: bq2589x_monitor_workfunc:IINDPM occurred
12-04 05:07:44.018     0     0 E wt_chg soc: qcom_wt_chg: wtchg_float_charge_type_check vbus_online=1 real_type=4 float_recheck_cnt=0
12-04 05:07:44.021     0     0 E wt_chg soc: qcom_wt_chg: batt_protected_mode=0 batt_protected_mode_disable_charge=0 batt_protected_mode_disable_suspend=0
12-04 05:07:44.021     0     0 E wt_chg soc: qcom_wt_chg: batt_temp=280, jeita_status=2, board_temp=281,lcd_on=0
12-04 05:07:44.021     0     0 E wt_chg soc: qcom_wt_chg: jeita_batt_cv=4432, jeita_batt_cv_pre=4432, input_curr=500, input_curr_pre=500, slave_enable=0
12-04 05:07:44.021     0     0 E bq2589x-1 1-006a: set input current: 500
12-04 05:07:44.021     0     0 E bq2589x-1 1-006a: set usb suspend: 0
12-04 05:07:44.022     0     0 E sgm4151x-1 1-006b: set input suspend: 1
12-04 05:07:44.022     0     0 E wt_chg soc: qcom_wt_chg: type_ibatt=500, jeita_ibatt=4000, main_chg_ibatt=500, slave_chg_ibatt=0, chg_ibatt=500,chg_ibatt_pre=500
12-04 05:07:44.022     0     0 E chg_type: 4, vbus_online: 1, vbus_volt: 4700, chg_status: 1, batt_volt: 4311000, batt_current: -285000, temp: 280, health: 1, capacity: 100
12-04 05:07:44.022     0     0 E chg_temp: 302, usb_temp: 262, board_temp: 281, usb_online: 1, ac_online: 0, pd_active:0 typec_pr_role:2
12-04 05:07:44.022     0     0 I TCPC-TCPC: bat_update_work_func battery update soc = 100
12-04 05:07:44.022     0     0 I TCPC-TCPC: bat_update_work_func Battery Charging
12-04 05:07:44.027     0     0 W healthd : battery l=100 v=4311 t=28.0 h=2 st=2 c=-285000 fc=6590000 cc=547 chg=u
12-04 05:07:44.029     0     0 W healthd : battery l=100 v=4311 t=28.0 h=2 st=2 c=-285000 fc=6590000 cc=547 chg=u
12-04 05:07:44.032     0     0 W healthd : battery l=100 v=4311 t=28.0 h=2 st=2 c=-285000 fc=6590000 cc=547 chg=u
12-04 05:07:44.625   402   402 W HidlServiceManagement: Waited one second for android.hardware.keymaster@4.0::IKeymasterDevice/default
12-04 05:07:44.625   399   399 I hwservicemanager: Since android.hardware.keymaster@4.0::IKeymasterDevice/default is not registered, trying to start it as a lazy HAL.
12-04 05:07:44.625   402   402 I HidlServiceManagement: getService: Trying again for android.hardware.keymaster@4.0::IKeymasterDevice/default...
12-04 05:07:44.626   399   661 W libc    : Unable to set property "ctl.interface_start" to "android.hardware.keymaster@4.0::IKeymasterDevice/default": error code: 0x20
12-04 05:07:44.626     0     0 E init    : Control message: Could not find 'android.hardware.keymaster@4.0::IKeymasterDevice/default' for ctl.interface_start from pid: 399 (/system/bin/hwservicemanager)
12-04 05:07:44.626   399   661 I hwservicemanager: Tried to start android.hardware.keymaster@4.0::IKeymasterDevice/default as a lazy service, but was unable to. Usually this happens when a service is not installed, but if the service is intended to be used as a lazy service, then it may be configured incorrectly.
12-04 05:07:45.625   402   402 W HidlServiceManagement: Waited one second for android.hardware.keymaster@4.0::IKeymasterDevice/default
12-04 05:07:45.626   399   399 I hwservicemanager: Since android.hardware.keymaster@4.0::IKeymasterDevice/default is not registered, trying to start it as a lazy HAL.
12-04 05:07:45.626   402   402 I HidlServiceManagement: getService: Trying again for android.hardware.keymaster@4.0::IKeymasterDevice/default...
12-04 05:07:45.627   399   662 W libc    : Unable to set property "ctl.interface_start" to "android.hardware.keymaster@4.0::IKeymasterDevice/default": error code: 0x20
12-04 05:07:45.627   399   662 I hwservicemanager: Tried to start android.hardware.keymaster@4.0::IKeymasterDevice/default as a lazy service, but was unable to. Usually this happens when a service is not installed, but if the service is intended to be used as a lazy service, then it may be configured incorrectly.
12-04 05:07:45.627     0     0 E init    : Control message: Could not find 'android.hardware.keymaster@4.0::IKeymasterDevice/default' for ctl.interface_start from pid: 399 (/system/bin/hwservicemanager)
12-04 05:07:46.626   402   402 W HidlServiceManagement: Waited one second for android.hardware.keymaster@4.0::IKeymasterDevice/default
12-04 05:07:46.627   399   399 I hwservicemanager: Since android.hardware.keymaster@4.0::IKeymasterDevice/default is not registered, trying to start it as a lazy HAL.
12-04 05:07:46.627   402   402 I HidlServiceManagement: getService: Trying again for android.hardware.keymaster@4.0::IKeymasterDevice/default...
12-04 05:07:46.628   399   663 W libc    : Unable to set property "ctl.interface_start" to "android.hardware.keymaster@4.0::IKeymasterDevice/default": error code: 0x20
12-04 05:07:46.628   399   663 I hwservicemanager: Tried to start android.hardware.keymaster@4.0::IKeymasterDevice/default as a lazy service, but was unable to. Usually this happens when a service is not installed, but if the service is intended to be used as a lazy service, then it may be configured incorrectly.
12-04 05:07:46.627     0     0 E init    : Control message: Could not find 'android.hardware.keymaster@4.0::IKeymasterDevice/default' for ctl.interface_start from pid: 399 (/system/bin/hwservicemanager)
12-04 05:07:47.627   402   402 W HidlServiceManagement: Waited one second for android.hardware.keymaster@4.0::IKeymasterDevice/default
12-04 05:07:47.627   399   399 I hwservicemanager: Since android.hardware.keymaster@4.0::IKeymasterDevice/default is not registered, trying to start it as a lazy HAL.
12-04 05:07:47.628   402   402 I HidlServiceManagement: getService: Trying again for android.hardware.keymaster@4.0::IKeymasterDevice/default...
12-04 05:07:47.628   399   664 W libc    : Unable to set property "ctl.interface_start" to "android.hardware.keymaster@4.0::IKeymasterDevice/default": error code: 0x20
12-04 05:07:47.628   399   664 I hwservicemanager: Tried to start android.hardware.keymaster@4.0::IKeymasterDevice/default as a lazy service, but was unable to. Usually this happens when a service is not installed, but if the service is intended to be used as a lazy service, then it may be configured incorrectly.
12-04 05:07:47.628     0     0 E init    : Control message: Could not find 'android.hardware.keymaster@4.0::IKeymasterDevice/default' for ctl.interface_start from pid: 399 (/system/bin/hwservicemanager)
12-04 05:07:48.628   402   402 W HidlServiceManagement: Waited one second for android.hardware.keymaster@4.0::IKeymasterDevice/default
12-04 05:07:48.628   399   399 I hwservicemanager: Since android.hardware.keymaster@4.0::IKeymasterDevice/default is not registered, trying to start it as a lazy HAL.
12-04 05:07:48.628   402   402 I HidlServiceManagement: getService: Trying again for android.hardware.keymaster@4.0::IKeymasterDevice/default...
12-04 05:07:48.629   399   665 W libc    : Unable to set property "ctl.interface_start" to "android.hardware.keymaster@4.0::IKeymasterDevice/default": error code: 0x20
12-04 05:07:48.629   399   665 I hwservicemanager: Tried to start android.hardware.keymaster@4.0::IKeymasterDevice/default as a lazy service, but was unable to. Usually this happens when a service is not installed, but if the service is intended to be used as a lazy service, then it may be configured incorrectly.
12-04 05:07:48.629     0     0 E init    : Control message: Could not find 'android.hardware.keymaster@4.0::IKeymasterDevice/default' for ctl.interface_start from pid: 399 (/system/bin/hwservicemanager)
12-04 05:07:49.629   402   402 W HidlServiceManagement: Waited one second for android.hardware.keymaster@4.0::IKeymasterDevice/default
12-04 05:07:49.629   399   399 I hwservicemanager: Since android.hardware.keymaster@4.0::IKeymasterDevice/default is not registered, trying to start it as a lazy HAL.
12-04 05:07:49.629   402   402 I HidlServiceManagement: getService: Trying again for android.hardware.keymaster@4.0::IKeymasterDevice/default...
12-04 05:07:49.630     0     0 E init    : Control message: Could not find 'android.hardware.keymaster@4.0::IKeymasterDevice/default' for ctl.interface_start from pid: 399 (/system/bin/hwservicemanager)
12-04 05:07:49.630   399   666 W libc    : Unable to set property "ctl.interface_start" to "android.hardware.keymaster@4.0::IKeymasterDevice/default": error code: 0x20
12-04 05:07:49.630   399   666 I hwservicemanager: Tried to start android.hardware.keymaster@4.0::IKeymasterDevice/default as a lazy service, but was unable to. Usually this happens when a service is not installed, but if the service is intended to be used as a lazy service, then it may be configured incorrectly.
12-04 05:07:50.630   402   402 W HidlServiceManagement: Waited one second for android.hardware.keymaster@4.0::IKeymasterDevice/default
12-04 05:07:50.630   399   399 I hwservicemanager: Since android.hardware.keymaster@4.0::IKeymasterDevice/default is not registered, trying to start it as a lazy HAL.
12-04 05:07:50.630   402   402 I HidlServiceManagement: getService: Trying again for android.hardware.keymaster@4.0::IKeymasterDevice/default...
12-04 05:07:50.631   399   667 W libc    : Unable to set property "ctl.interface_start" to "android.hardware.keymaster@4.0::IKeymasterDevice/default": error code: 0x20
12-04 05:07:50.631   399   667 I hwservicemanager: Tried to start android.hardware.keymaster@4.0::IKeymasterDevice/default as a lazy service, but was unable to. Usually this happens when a service is not installed, but if the service is intended to be used as a lazy service, then it may be configured incorrectly.
12-04 05:07:50.631     0     0 E init    : Control message: Could not find 'android.hardware.keymaster@4.0::IKeymasterDevice/default' for ctl.interface_start from pid: 399 (/system/bin/hwservicemanager)
12-04 05:07:51.630   402   402 W HidlServiceManagement: Waited one second for android.hardware.keymaster@4.0::IKeymasterDevice/default
12-04 05:07:51.631   399   399 I hwservicemanager: Since android.hardware.keymaster@4.0::IKeymasterDevice/default is not registered, trying to start it as a lazy HAL.
12-04 05:07:51.631   402   402 I HidlServiceManagement: getService: Trying again for android.hardware.keymaster@4.0::IKeymasterDevice/default...
12-04 05:07:51.632   399   668 W libc    : Unable to set property "ctl.interface_start" to "android.hardware.keymaster@4.0::IKeymasterDevice/default": error code: 0x20
12-04 05:07:51.632   399   668 I hwservicemanager: Tried to start android.hardware.keymaster@4.0::IKeymasterDevice/default as a lazy service, but was unable to. Usually this happens when a service is not installed, but if the service is intended to be used as a lazy service, then it may be configured incorrectly.
12-04 05:07:51.632     0     0 E init    : Control message: Could not find 'android.hardware.keymaster@4.0::IKeymasterDevice/default' for ctl.interface_start from pid: 399 (/system/bin/hwservicemanager)
12-04 05:07:52.631   402   402 W HidlServiceManagement: Waited one second for android.hardware.keymaster@4.0::IKeymasterDevice/default
12-04 05:07:52.632   399   399 I hwservicemanager: Since android.hardware.keymaster@4.0::IKeymasterDevice/default is not registered, trying to start it as a lazy HAL.
12-04 05:07:52.632   402   402 I HidlServiceManagement: getService: Trying again for android.hardware.keymaster@4.0::IKeymasterDevice/default...
12-04 05:07:52.633   399   669 W libc    : Unable to set property "ctl.interface_start" to "android.hardware.keymaster@4.0::IKeymasterDevice/default": error code: 0x20
12-04 05:07:52.633   399   669 I hwservicemanager: Tried to start android.hardware.keymaster@4.0::IKeymasterDevice/default as a lazy service, but was unable to. Usually this happens when a service is not installed, but if the service is intended to be used as a lazy service, then it may be configured incorrectly.
12-04 05:07:52.633     0     0 E init    : Control message: Could not find 'android.hardware.keymaster@4.0::IKeymasterDevice/default' for ctl.interface_start from pid: 399 (/system/bin/hwservicemanager)
12-04 05:07:53.632   402   402 W HidlServiceManagement: Waited one second for android.hardware.keymaster@4.0::IKeymasterDevice/default
12-04 05:07:53.633   399   399 I hwservicemanager: Since android.hardware.keymaster@4.0::IKeymasterDevice/default is not registered, trying to start it as a lazy HAL.
12-04 05:07:53.633   402   402 I HidlServiceManagement: getService: Trying again for android.hardware.keymaster@4.0::IKeymasterDevice/default...
12-04 05:07:53.634   399   670 W libc    : Unable to set property "ctl.interface_start" to "android.hardware.keymaster@4.0::IKeymasterDevice/default": error code: 0x20
12-04 05:07:53.634   399   670 I hwservicemanager: Tried to start android.hardware.keymaster@4.0::IKeymasterDevice/default as a lazy service, but was unable to. Usually this happens when a service is not installed, but if the service is intended to be used as a lazy service, then it may be configured incorrectly.
12-04 05:07:53.633     0     0 E init    : Control message: Could not find 'android.hardware.keymaster@4.0::IKeymasterDevice/default' for ctl.interface_start from pid: 399 (/system/bin/hwservicemanager)
12-04 05:07:54.250     0     0 E wt_chg soc: qcom_wt_chg: wt_chg_main now = 44000 resume_time = 49000
12-04 05:07:54.251     0     0 E bq2589x-1 1-006a: bq2589x_monitor_workfunc:vbus_type: 4, vbus volt:4700,vbat volt:4324,charge current:0, usb-switch1 1279, usb_switch_flag 0
12-04 05:07:54.251     0     0 I bq2589x-1 1-006a: bq2589x_monitor_workfunc:IINDPM occurred
12-04 05:07:54.256     0     0 E wt_chg soc: qcom_wt_chg: wtchg_float_charge_type_check vbus_online=1 real_type=4 float_recheck_cnt=0
12-04 05:07:54.259     0     0 E wt_chg soc: qcom_wt_chg: batt_protected_mode=0 batt_protected_mode_disable_charge=0 batt_protected_mode_disable_suspend=0
12-04 05:07:54.259     0     0 E wt_chg soc: qcom_wt_chg: batt_temp=280, jeita_status=2, board_temp=283,lcd_on=0
12-04 05:07:54.259     0     0 E wt_chg soc: qcom_wt_chg: jeita_batt_cv=4432, jeita_batt_cv_pre=4432, input_curr=500, input_curr_pre=500, slave_enable=0
12-04 05:07:54.259     0     0 E bq2589x-1 1-006a: set input current: 500
12-04 05:07:54.259     0     0 E bq2589x-1 1-006a: set usb suspend: 0
12-04 05:07:54.260     0     0 E sgm4151x-1 1-006b: set input suspend: 1
12-04 05:07:54.260     0     0 E wt_chg soc: qcom_wt_chg: type_ibatt=500, jeita_ibatt=4000, main_chg_ibatt=500, slave_chg_ibatt=0, chg_ibatt=500,chg_ibatt_pre=500
12-04 05:07:54.260     0     0 E chg_type: 4, vbus_online: 1, vbus_volt: 4700, chg_status: 1, batt_volt: 4314000, batt_current: -275000, temp: 280, health: 1, capacity: 100
12-04 05:07:54.260     0     0 E chg_temp: 304, usb_temp: 262, board_temp: 283, usb_online: 1, ac_online: 0, pd_active:0 typec_pr_role:2
12-04 05:07:54.260     0     0 I TCPC-TCPC: bat_update_work_func battery update soc = 100
12-04 05:07:54.260     0     0 I TCPC-TCPC: bat_update_work_func Battery Charging
12-04 05:07:54.266     0     0 W healthd : battery l=100 v=4314 t=28.0 h=2 st=2 c=-275000 fc=6590000 cc=547 chg=u
12-04 05:07:54.268     0     0 W healthd : battery l=100 v=4314 t=28.0 h=2 st=2 c=-275000 fc=6590000 cc=547 chg=u
12-04 05:07:54.271     0     0 W healthd : battery l=100 v=4314 t=28.0 h=2 st=2 c=-275000 fc=6590000 cc=547 chg=u
12-04 05:07:54.633   402   402 W HidlServiceManagement: Waited one second for android.hardware.keymaster@4.0::IKeymasterDevice/default
12-04 05:07:54.633   399   399 I hwservicemanager: Since android.hardware.keymaster@4.0::IKeymasterDevice/default is not registered, trying to start it as a lazy HAL.
12-04 05:07:54.634   402   402 I HidlServiceManagement: getService: Trying again for android.hardware.keymaster@4.0::IKeymasterDevice/default...
12-04 05:07:54.635   399   671 W libc    : Unable to set property "ctl.interface_start" to "android.hardware.keymaster@4.0::IKeymasterDevice/default": error code: 0x20
12-04 05:07:54.635   399   671 I hwservicemanager: Tried to start android.hardware.keymaster@4.0::IKeymasterDevice/default as a lazy service, but was unable to. Usually this happens when a service is not installed, but if the service is intended to be used as a lazy service, then it may be configured incorrectly.
12-04 05:07:54.634     0     0 E init    : Control message: Could not find 'android.hardware.keymaster@4.0::IKeymasterDevice/default' for ctl.interface_start from pid: 399 (/system/bin/hwservicemanager)
12-04 05:07:55.634   402   402 W HidlServiceManagement: Waited one second for android.hardware.keymaster@4.0::IKeymasterDevice/default
12-04 05:07:55.634   399   399 I hwservicemanager: Since android.hardware.keymaster@4.0::IKeymasterDevice/default is not registered, trying to start it as a lazy HAL.
12-04 05:07:55.635   402   402 I HidlServiceManagement: getService: Trying again for android.hardware.keymaster@4.0::IKeymasterDevice/default...
12-04 05:07:55.635   399   672 W libc    : Unable to set property "ctl.interface_start" to "android.hardware.keymaster@4.0::IKeymasterDevice/default": error code: 0x20
12-04 05:07:55.635   399   672 I hwservicemanager: Tried to start android.hardware.keymaster@4.0::IKeymasterDevice/default as a lazy service, but was unable to. Usually this happens when a service is not installed, but if the service is intended to be used as a lazy service, then it may be configured incorrectly.
12-04 05:07:55.635     0     0 E init    : Control message: Could not find 'android.hardware.keymaster@4.0::IKeymasterDevice/default' for ctl.interface_start from pid: 399 (/system/bin/hwservicemanager)
12-04 05:07:56.635   402   402 W HidlServiceManagement: Waited one second for android.hardware.keymaster@4.0::IKeymasterDevice/default
12-04 05:07:56.635   399   399 I hwservicemanager: Since android.hardware.keymaster@4.0::IKeymasterDevice/default is not registered, trying to start it as a lazy HAL.
12-04 05:07:56.636   402   402 I HidlServiceManagement: getService: Trying again for android.hardware.keymaster@4.0::IKeymasterDevice/default...
12-04 05:07:56.636   399   673 W libc    : Unable to set property "ctl.interface_start" to "android.hardware.keymaster@4.0::IKeymasterDevice/default": error code: 0x20
12-04 05:07:56.636   399   673 I hwservicemanager: Tried to start android.hardware.keymaster@4.0::IKeymasterDevice/default as a lazy service, but was unable to. Usually this happens when a service is not installed, but if the service is intended to be used as a lazy service, then it may be configured incorrectly.
12-04 05:07:56.636     0     0 E init    : Control message: Could not find 'android.hardware.keymaster@4.0::IKeymasterDevice/default' for ctl.interface_start from pid: 399 (/system/bin/hwservicemanager)
12-04 05:07:57.636   402   402 W HidlServiceManagement: Waited one second for android.hardware.keymaster@4.0::IKeymasterDevice/default
12-04 05:07:57.636   399   399 I hwservicemanager: Since android.hardware.keymaster@4.0::IKeymasterDevice/default is not registered, trying to start it as a lazy HAL.
12-04 05:07:57.636   402   402 I HidlServiceManagement: getService: Trying again for android.hardware.keymaster@4.0::IKeymasterDevice/default...
12-04 05:07:57.637   399   674 W libc    : Unable to set property "ctl.interface_start" to "android.hardware.keymaster@4.0::IKeymasterDevice/default": error code: 0x20
12-04 05:07:57.637   399   674 I hwservicemanager: Tried to start android.hardware.keymaster@4.0::IKeymasterDevice/default as a lazy service, but was unable to. Usually this happens when a service is not installed, but if the service is intended to be used as a lazy service, then it may be configured incorrectly.
12-04 05:07:57.637     0     0 E init    : Control message: Could not find 'android.hardware.keymaster@4.0::IKeymasterDevice/default' for ctl.interface_start from pid: 399 (/system/bin/hwservicemanager)
12-04 05:07:58.637   402   402 W HidlServiceManagement: Waited one second for android.hardware.keymaster@4.0::IKeymasterDevice/default
12-04 05:07:58.637   399   399 I hwservicemanager: Since android.hardware.keymaster@4.0::IKeymasterDevice/default is not registered, trying to start it as a lazy HAL.
12-04 05:07:58.637   402   402 I HidlServiceManagement: getService: Trying again for android.hardware.keymaster@4.0::IKeymasterDevice/default...
12-04 05:07:58.638   399   675 W libc    : Unable to set property "ctl.interface_start" to "android.hardware.keymaster@4.0::IKeymasterDevice/default": error code: 0x20
12-04 05:07:58.638     0     0 E init    : Control message: Could not find 'android.hardware.keymaster@4.0::IKeymasterDevice/default' for ctl.interface_start from pid: 399 (/system/bin/hwservicemanager)
12-04 05:07:58.638   399   675 I hwservicemanager: Tried to start android.hardware.keymaster@4.0::IKeymasterDevice/default as a lazy service, but was unable to. Usually this happens when a service is not installed, but if the service is intended to be used as a lazy service, then it may be configured incorrectly.
12-04 05:07:59.637   402   402 W HidlServiceManagement: Waited one second for android.hardware.keymaster@4.0::IKeymasterDevice/default
12-04 05:07:59.638   399   399 I hwservicemanager: Since android.hardware.keymaster@4.0::IKeymasterDevice/default is not registered, trying to start it as a lazy HAL.
12-04 05:07:59.638   402   402 I HidlServiceManagement: getService: Trying again for android.hardware.keymaster@4.0::IKeymasterDevice/default...
12-04 05:07:59.639   399   676 W libc    : Unable to set property "ctl.interface_start" to "android.hardware.keymaster@4.0::IKeymasterDevice/default": error code: 0x20
12-04 05:07:59.639   399   676 I hwservicemanager: Tried to start android.hardware.keymaster@4.0::IKeymasterDevice/default as a lazy service, but was unable to. Usually this happens when a service is not installed, but if the service is intended to be used as a lazy service, then it may be configured incorrectly.
12-04 05:07:59.639     0     0 E init    : Control message: Could not find 'android.hardware.keymaster@4.0::IKeymasterDevice/default' for ctl.interface_start from pid: 399 (/system/bin/hwservicemanager)
12-04 05:08:00.638   402   402 W HidlServiceManagement: Waited one second for android.hardware.keymaster@4.0::IKeymasterDevice/default
12-04 05:08:00.639   399   399 I hwservicemanager: Since android.hardware.keymaster@4.0::IKeymasterDevice/default is not registered, trying to start it as a lazy HAL.
12-04 05:08:00.639   402   402 I HidlServiceManagement: getService: Trying again for android.hardware.keymaster@4.0::IKeymasterDevice/default...
12-04 05:08:00.640   399   677 W libc    : Unable to set property "ctl.interface_start" to "android.hardware.keymaster@4.0::IKeymasterDevice/default": error code: 0x20
12-04 05:08:00.640   399   677 I hwservicemanager: Tried to start android.hardware.keymaster@4.0::IKeymasterDevice/default as a lazy service, but was unable to. Usually this happens when a service is not installed, but if the service is intended to be used as a lazy service, then it may be configured incorrectly.
12-04 05:08:00.640     0     0 E init    : Control message: Could not find 'android.hardware.keymaster@4.0::IKeymasterDevice/default' for ctl.interface_start from pid: 399 (/system/bin/hwservicemanager)
12-04 05:08:01.639   402   402 W HidlServiceManagement: Waited one second for android.hardware.keymaster@4.0::IKeymasterDevice/default
12-04 05:08:01.640   399   399 I hwservicemanager: Since android.hardware.keymaster@4.0::IKeymasterDevice/default is not registered, trying to start it as a lazy HAL.
12-04 05:08:01.640   402   402 I HidlServiceManagement: getService: Trying again for android.hardware.keymaster@4.0::IKeymasterDevice/default...
12-04 05:08:01.641   399   678 W libc    : Unable to set property "ctl.interface_start" to "android.hardware.keymaster@4.0::IKeymasterDevice/default": error code: 0x20
12-04 05:08:01.641   399   678 I hwservicemanager: Tried to start android.hardware.keymaster@4.0::IKeymasterDevice/default as a lazy service, but was unable to. Usually this happens when a service is not installed, but if the service is intended to be used as a lazy service, then it may be configured incorrectly.
12-04 05:08:01.640     0     0 E init    : Control message: Could not find 'android.hardware.keymaster@4.0::IKeymasterDevice/default' for ctl.interface_start from pid: 399 (/system/bin/hwservicemanager)
12-04 05:08:02.640   402   402 W HidlServiceManagement: Waited one second for android.hardware.keymaster@4.0::IKeymasterDevice/default
12-04 05:08:02.640   399   399 I hwservicemanager: Since android.hardware.keymaster@4.0::IKeymasterDevice/default is not registered, trying to start it as a lazy HAL.
12-04 05:08:02.641   402   402 I HidlServiceManagement: getService: Trying again for android.hardware.keymaster@4.0::IKeymasterDevice/default...
12-04 05:08:02.641   399   679 W libc    : Unable to set property "ctl.interface_start" to "android.hardware.keymaster@4.0::IKeymasterDevice/default": error code: 0x20
12-04 05:08:02.642   399   679 I hwservicemanager: Tried to start android.hardware.keymaster@4.0::IKeymasterDevice/default as a lazy service, but was unable to. Usually this happens when a service is not installed, but if the service is intended to be used as a lazy service, then it may be configured incorrectly.
12-04 05:08:02.641     0     0 E init    : Control message: Could not find 'android.hardware.keymaster@4.0::IKeymasterDevice/default' for ctl.interface_start from pid: 399 (/system/bin/hwservicemanager)
12-04 05:08:03.641   402   402 W HidlServiceManagement: Waited one second for android.hardware.keymaster@4.0::IKeymasterDevice/default
12-04 05:08:03.641   399   399 I hwservicemanager: Since android.hardware.keymaster@4.0::IKeymasterDevice/default is not registered, trying to start it as a lazy HAL.
12-04 05:08:03.642   402   402 I HidlServiceManagement: getService: Trying again for android.hardware.keymaster@4.0::IKeymasterDevice/default...
12-04 05:08:03.642   399   680 W libc    : Unable to set property "ctl.interface_start" to "android.hardware.keymaster@4.0::IKeymasterDevice/default": error code: 0x20
12-04 05:08:03.643   399   680 I hwservicemanager: Tried to start android.hardware.keymaster@4.0::IKeymasterDevice/default as a lazy service, but was unable to. Usually this happens when a service is not installed, but if the service is intended to be used as a lazy service, then it may be configured incorrectly.
12-04 05:08:03.642     0     0 E init    : Control message: Could not find 'android.hardware.keymaster@4.0::IKeymasterDevice/default' for ctl.interface_start from pid: 399 (/system/bin/hwservicemanager)
12-04 05:08:04.490     0     0 E wt_chg soc: qcom_wt_chg: wt_chg_main now = 54240 resume_time = 59240
12-04 05:08:04.491     0     0 E bq2589x-1 1-006a: bq2589x_monitor_workfunc:vbus_type: 4, vbus volt:4700,vbat volt:4324,charge current:0, usb-switch1 1279, usb_switch_flag 0
12-04 05:08:04.491     0     0 I bq2589x-1 1-006a: bq2589x_monitor_workfunc:IINDPM occurred
12-04 05:08:04.496     0     0 E wt_chg soc: qcom_wt_chg: wtchg_float_charge_type_check vbus_online=1 real_type=4 float_recheck_cnt=0
12-04 05:08:04.499     0     0 E wt_chg soc: qcom_wt_chg: batt_protected_mode=0 batt_protected_mode_disable_charge=0 batt_protected_mode_disable_suspend=0
12-04 05:08:04.499     0     0 E wt_chg soc: qcom_wt_chg: batt_temp=281, jeita_status=2, board_temp=285,lcd_on=0
12-04 05:08:04.499     0     0 E wt_chg soc: qcom_wt_chg: jeita_batt_cv=4432, jeita_batt_cv_pre=4432, input_curr=500, input_curr_pre=500, slave_enable=0
12-04 05:08:04.499     0     0 E bq2589x-1 1-006a: set input current: 500
12-04 05:08:04.499     0     0 E bq2589x-1 1-006a: set usb suspend: 0
12-04 05:08:04.500     0     0 E sgm4151x-1 1-006b: set input suspend: 1
12-04 05:08:04.500     0     0 E wt_chg soc: qcom_wt_chg: type_ibatt=500, jeita_ibatt=4000, main_chg_ibatt=500, slave_chg_ibatt=0, chg_ibatt=500,chg_ibatt_pre=500
12-04 05:08:04.500     0     0 E chg_type: 4, vbus_online: 1, vbus_volt: 4700, chg_status: 1, batt_volt: 4309000, batt_current: -312000, temp: 281, health: 1, capacity: 100
12-04 05:08:04.500     0     0 E chg_temp: 307, usb_temp: 262, board_temp: 285, usb_online: 1, ac_online: 0, pd_active:0 typec_pr_role:2
12-04 05:08:04.500     0     0 I TCPC-TCPC: bat_update_work_func battery update soc = 100
12-04 05:08:04.500     0     0 I TCPC-TCPC: bat_update_work_func Battery Charging
12-04 05:08:04.505     0     0 W healthd : battery l=100 v=4309 t=28.1 h=2 st=2 c=-312000 fc=6584000 cc=547 chg=u
12-04 05:08:04.507     0     0 W healthd : battery l=100 v=4309 t=28.1 h=2 st=2 c=-312000 fc=6584000 cc=547 chg=u
12-04 05:08:04.510     0     0 W healthd : battery l=100 v=4309 t=28.1 h=2 st=2 c=-312000 fc=6584000 cc=547 chg=u
12-04 05:08:04.642   402   402 W HidlServiceManagement: Waited one second for android.hardware.keymaster@4.0::IKeymasterDevice/default
12-04 05:08:04.642   399   399 I hwservicemanager: Since android.hardware.keymaster@4.0::IKeymasterDevice/default is not registered, trying to start it as a lazy HAL.
12-04 05:08:04.643   402   402 I HidlServiceManagement: getService: Trying again for android.hardware.keymaster@4.0::IKeymasterDevice/default...
12-04 05:08:04.643   399   681 W libc    : Unable to set property "ctl.interface_start" to "android.hardware.keymaster@4.0::IKeymasterDevice/default": error code: 0x20
12-04 05:08:04.643   399   681 I hwservicemanager: Tried to start android.hardware.keymaster@4.0::IKeymasterDevice/default as a lazy service, but was unable to. Usually this happens when a service is not installed, but if the service is intended to be used as a lazy service, then it may be configured incorrectly.
12-04 05:08:04.643     0     0 E init    : Control message: Could not find 'android.hardware.keymaster@4.0::IKeymasterDevice/default' for ctl.interface_start from pid: 399 (/system/bin/hwservicemanager)
12-04 05:08:05.643   402   402 W HidlServiceManagement: Waited one second for android.hardware.keymaster@4.0::IKeymasterDevice/default
12-04 05:08:05.643   399   399 I hwservicemanager: Since android.hardware.keymaster@4.0::IKeymasterDevice/default is not registered, trying to start it as a lazy HAL.
12-04 05:08:05.643   402   402 I HidlServiceManagement: getService: Trying again for android.hardware.keymaster@4.0::IKeymasterDevice/default...
12-04 05:08:05.644   399   682 W libc    : Unable to set property "ctl.interface_start" to "android.hardware.keymaster@4.0::IKeymasterDevice/default": error code: 0x20
12-04 05:08:05.644   399   682 I hwservicemanager: Tried to start android.hardware.keymaster@4.0::IKeymasterDevice/default as a lazy service, but was unable to. Usually this happens when a service is not installed, but if the service is intended to be used as a lazy service, then it may be configured incorrectly.
12-04 05:08:05.644     0     0 E init    : Control message: Could not find 'android.hardware.keymaster@4.0::IKeymasterDevice/default' for ctl.interface_start from pid: 399 (/system/bin/hwservicemanager)
12-04 05:08:06.644   402   402 W HidlServiceManagement: Waited one second for android.hardware.keymaster@4.0::IKeymasterDevice/default
12-04 05:08:06.644   399   399 I hwservicemanager: Since android.hardware.keymaster@4.0::IKeymasterDevice/default is not registered, trying to start it as a lazy HAL.
12-04 05:08:06.644   402   402 I HidlServiceManagement: getService: Trying again for android.hardware.keymaster@4.0::IKeymasterDevice/default...
12-04 05:08:06.645   399   683 W libc    : Unable to set property "ctl.interface_start" to "android.hardware.keymaster@4.0::IKeymasterDevice/default": error code: 0x20
12-04 05:08:06.645   399   683 I hwservicemanager: Tried to start android.hardware.keymaster@4.0::IKeymasterDevice/default as a lazy service, but was unable to. Usually this happens when a service is not installed, but if the service is intended to be used as a lazy service, then it may be configured incorrectly.
12-04 05:08:06.645     0     0 E init    : Control message: Could not find 'android.hardware.keymaster@4.0::IKeymasterDevice/default' for ctl.interface_start from pid: 399 (/system/bin/hwservicemanager)
12-04 05:08:07.644   402   402 W HidlServiceManagement: Waited one second for android.hardware.keymaster@4.0::IKeymasterDevice/default
12-04 05:08:07.645   399   399 I hwservicemanager: Since android.hardware.keymaster@4.0::IKeymasterDevice/default is not registered, trying to start it as a lazy HAL.
12-04 05:08:07.645   402   402 I HidlServiceManagement: getService: Trying again for android.hardware.keymaster@4.0::IKeymasterDevice/default...
12-04 05:08:07.646   399   684 W libc    : Unable to set property "ctl.interface_start" to "android.hardware.keymaster@4.0::IKeymasterDevice/default": error code: 0x20
12-04 05:08:07.646   399   684 I hwservicemanager: Tried to start android.hardware.keymaster@4.0::IKeymasterDevice/default as a lazy service, but was unable to. Usually this happens when a service is not installed, but if the service is intended to be used as a lazy service, then it may be configured incorrectly.
12-04 05:08:07.646     0     0 E init    : Control message: Could not find 'android.hardware.keymaster@4.0::IKeymasterDevice/default' for ctl.interface_start from pid: 399 (/system/bin/hwservicemanager)
12-04 05:08:08.645   402   402 W HidlServiceManagement: Waited one second for android.hardware.keymaster@4.0::IKeymasterDevice/default
12-04 05:08:08.646   399   399 I hwservicemanager: Since android.hardware.keymaster@4.0::IKeymasterDevice/default is not registered, trying to start it as a lazy HAL.
12-04 05:08:08.646   402   402 I HidlServiceManagement: getService: Trying again for android.hardware.keymaster@4.0::IKeymasterDevice/default...
12-04 05:08:08.647   399   685 W libc    : Unable to set property "ctl.interface_start" to "android.hardware.keymaster@4.0::IKeymasterDevice/default": error code: 0x20
12-04 05:08:08.647   399   685 I hwservicemanager: Tried to start android.hardware.keymaster@4.0::IKeymasterDevice/default as a lazy service, but was unable to. Usually this happens when a service is not installed, but if the service is intended to be used as a lazy service, then it may be configured incorrectly.
12-04 05:08:08.646     0     0 E init    : Control message: Could not find 'android.hardware.keymaster@4.0::IKeymasterDevice/default' for ctl.interface_start from pid: 399 (/system/bin/hwservicemanager)
12-04 05:08:09.646   402   402 W HidlServiceManagement: Waited one second for android.hardware.keymaster@4.0::IKeymasterDevice/default
12-04 05:08:09.647   399   399 I hwservicemanager: Since android.hardware.keymaster@4.0::IKeymasterDevice/default is not registered, trying to start it as a lazy HAL.
12-04 05:08:09.647   402   402 I HidlServiceManagement: getService: Trying again for android.hardware.keymaster@4.0::IKeymasterDevice/default...
12-04 05:08:09.648   399   686 W libc    : Unable to set property "ctl.interface_start" to "android.hardware.keymaster@4.0::IKeymasterDevice/default": error code: 0x20
12-04 05:08:09.648   399   686 I hwservicemanager: Tried to start android.hardware.keymaster@4.0::IKeymasterDevice/default as a lazy service, but was unable to. Usually this happens when a service is not installed, but if the service is intended to be used as a lazy service, then it may be configured incorrectly.
12-04 05:08:09.647     0     0 E init    : Control message: Could not find 'android.hardware.keymaster@4.0::IKeymasterDevice/default' for ctl.interface_start from pid: 399 (/system/bin/hwservicemanager)
12-04 05:08:10.488     0     0 I EXT4-fs (dm-1): mounted filesystem without journal. Opts: barrier=1,discard
12-04 05:08:10.647   402   402 W HidlServiceManagement: Waited one second for android.hardware.keymaster@4.0::IKeymasterDevice/default
12-04 05:08:10.647   399   399 I hwservicemanager: Since android.hardware.keymaster@4.0::IKeymasterDevice/default is not registered, trying to start it as a lazy HAL.
12-04 05:08:10.648   402   402 I HidlServiceManagement: getService: Trying again for android.hardware.keymaster@4.0::IKeymasterDevice/default...
12-04 05:08:10.648   399   688 W libc    : Unable to set property "ctl.interface_start" to "android.hardware.keymaster@4.0::IKeymasterDevice/default": error code: 0x20
12-04 05:08:10.649   399   688 I hwservicemanager: Tried to start android.hardware.keymaster@4.0::IKeymasterDevice/default as a lazy service, but was unable to. Usually this happens when a service is not installed, but if the service is intended to be used as a lazy service, then it may be configured incorrectly.
12-04 05:08:10.648     0     0 E init    : Control message: Could not find 'android.hardware.keymaster@4.0::IKeymasterDevice/default' for ctl.interface_start from pid: 399 (/system/bin/hwservicemanager)
12-04 05:08:11.648   402   402 W HidlServiceManagement: Waited one second for android.hardware.keymaster@4.0::IKeymasterDevice/default
12-04 05:08:11.648   399   399 I hwservicemanager: Since android.hardware.keymaster@4.0::IKeymasterDevice/default is not registered, trying to start it as a lazy HAL.
12-04 05:08:11.648   402   402 I HidlServiceManagement: getService: Trying again for android.hardware.keymaster@4.0::IKeymasterDevice/default...
12-04 05:08:11.649   399   689 W libc    : Unable to set property "ctl.interface_start" to "android.hardware.keymaster@4.0::IKeymasterDevice/default": error code: 0x20
12-04 05:08:11.649   399   689 I hwservicemanager: Tried to start android.hardware.keymaster@4.0::IKeymasterDevice/default as a lazy service, but was unable to. Usually this happens when a service is not installed, but if the service is intended to be used as a lazy service, then it may be configured incorrectly.
12-04 05:08:11.649     0     0 E init    : Control message: Could not find 'android.hardware.keymaster@4.0::IKeymasterDevice/default' for ctl.interface_start from pid: 399 (/system/bin/hwservicemanager)
12-04 05:08:12.479     0     0 I EXT4-fs (dm-2): mounted filesystem without journal. Opts: barrier=1,discard
12-04 05:08:12.649   402   402 W HidlServiceManagement: Waited one second for android.hardware.keymaster@4.0::IKeymasterDevice/default
12-04 05:08:12.649   399   399 I hwservicemanager: Since android.hardware.keymaster@4.0::IKeymasterDevice/default is not registered, trying to start it as a lazy HAL.
12-04 05:08:12.649   402   402 I HidlServiceManagement: getService: Trying again for android.hardware.keymaster@4.0::IKeymasterDevice/default...
12-04 05:08:12.650   399   691 W libc    : Unable to set property "ctl.interface_start" to "android.hardware.keymaster@4.0::IKeymasterDevice/default": error code: 0x20
12-04 05:08:12.650   399   691 I hwservicemanager: Tried to start android.hardware.keymaster@4.0::IKeymasterDevice/default as a lazy service, but was unable to. Usually this happens when a service is not installed, but if the service is intended to be used as a lazy service, then it may be configured incorrectly.
12-04 05:08:12.650     0     0 E init    : Control message: Could not find 'android.hardware.keymaster@4.0::IKeymasterDevice/default' for ctl.interface_start from pid: 399 (/system/bin/hwservicemanager)
12-04 05:08:13.342     0     0 I EXT4-fs (dm-1): mounted filesystem without journal. Opts: barrier=1,discard
12-04 05:08:13.362     0     0 E wt_chg soc: qcom_wt_chg: chg_main_alarm_cb wt chg alarm triggered 63112
12-04 05:08:13.566     0     0 W healthd : battery l=100 v=4309 t=28.1 h=2 st=2 c=-309000 fc=6590000 cc=547 chg=u
12-04 05:08:13.649   402   402 W HidlServiceManagement: Waited one second for android.hardware.keymaster@4.0::IKeymasterDevice/default
12-04 05:08:13.650   399   399 I hwservicemanager: Since android.hardware.keymaster@4.0::IKeymasterDevice/default is not registered, trying to start it as a lazy HAL.
12-04 05:08:13.650   402   402 I HidlServiceManagement: getService: Trying again for android.hardware.keymaster@4.0::IKeymasterDevice/default...
12-04 05:08:13.651   399   693 W libc    : Unable to set property "ctl.interface_start" to "android.hardware.keymaster@4.0::IKeymasterDevice/default": error code: 0x20
12-04 05:08:13.651   399   693 I hwservicemanager: Tried to start android.hardware.keymaster@4.0::IKeymasterDevice/default as a lazy service, but was unable to. Usually this happens when a service is not installed, but if the service is intended to be used as a lazy service, then it may be configured incorrectly.
12-04 05:08:13.651     0     0 E init    : Control message: Could not find 'android.hardware.keymaster@4.0::IKeymasterDevice/default' for ctl.interface_start from pid: 399 (/system/bin/hwservicemanager)
12-04 05:08:14.650   402   402 W HidlServiceManagement: Waited one second for android.hardware.keymaster@4.0::IKeymasterDevice/default
12-04 05:08:14.651   399   399 I hwservicemanager: Since android.hardware.keymaster@4.0::IKeymasterDevice/default is not registered, trying to start it as a lazy HAL.
12-04 05:08:14.651   402   402 I HidlServiceManagement: getService: Trying again for android.hardware.keymaster@4.0::IKeymasterDevice/default...
12-04 05:08:14.652   399   694 W libc    : Unable to set property "ctl.interface_start" to "android.hardware.keymaster@4.0::IKeymasterDevice/default": error code: 0x20
12-04 05:08:14.652   399   694 I hwservicemanager: Tried to start android.hardware.keymaster@4.0::IKeymasterDevice/default as a lazy service, but was unable to. Usually this happens when a service is not installed, but if the service is intended to be used as a lazy service, then it may be configured incorrectly.
12-04 05:08:14.652     0     0 E init    : Control message: Could not find 'android.hardware.keymaster@4.0::IKeymasterDevice/default' for ctl.interface_start from pid: 399 (/system/bin/hwservicemanager)
12-04 05:08:14.677     0     0 I EXT4-fs (dm-1): mounted filesystem without journal. Opts: barrier=1,discard
12-04 05:08:14.730     0     0 E wt_chg soc: qcom_wt_chg: wt_chg_main now = 64480 resume_time = 69480
12-04 05:08:14.731     0     0 E bq2589x-1 1-006a: bq2589x_monitor_workfunc:vbus_type: 4, vbus volt:4700,vbat volt:4344,charge current:0, usb-switch1 1279, usb_switch_flag 0
12-04 05:08:14.731     0     0 I bq2589x-1 1-006a: bq2589x_monitor_workfunc:IINDPM occurred
12-04 05:08:14.732     0     0 E wt_chg soc: qcom_wt_chg: wtchg_float_charge_type_check vbus_online=1 real_type=4 float_recheck_cnt=0
12-04 05:08:14.735     0     0 E wt_chg soc: qcom_wt_chg: batt_protected_mode=0 batt_protected_mode_disable_charge=0 batt_protected_mode_disable_suspend=0
12-04 05:08:14.735     0     0 E wt_chg soc: qcom_wt_chg: batt_temp=282, jeita_status=2, board_temp=287,lcd_on=0
12-04 05:08:14.735     0     0 E wt_chg soc: qcom_wt_chg: jeita_batt_cv=4432, jeita_batt_cv_pre=4432, input_curr=500, input_curr_pre=500, slave_enable=0
12-04 05:08:14.735     0     0 E bq2589x-1 1-006a: set input current: 500
12-04 05:08:14.735     0     0 E bq2589x-1 1-006a: set usb suspend: 0
12-04 05:08:14.736     0     0 E sgm4151x-1 1-006b: set input suspend: 1
12-04 05:08:14.736     0     0 E wt_chg soc: qcom_wt_chg: type_ibatt=500, jeita_ibatt=4000, main_chg_ibatt=500, slave_chg_ibatt=0, chg_ibatt=500,chg_ibatt_pre=500
12-04 05:08:14.736     0     0 E chg_type: 4, vbus_online: 1, vbus_volt: 4700, chg_status: 1, batt_volt: 4308000, batt_current: -317000, temp: 282, health: 1, capacity: 100
12-04 05:08:14.736     0     0 E chg_temp: 309, usb_temp: 262, board_temp: 287, usb_online: 1, ac_online: 0, pd_active:0 typec_pr_role:2
12-04 05:08:14.736     0     0 I TCPC-TCPC: bat_update_work_func battery update soc = 100
12-04 05:08:14.736     0     0 I TCPC-TCPC: bat_update_work_func Battery Charging
12-04 05:08:14.741     0     0 W healthd : battery l=100 v=4308 t=28.2 h=2 st=2 c=-317000 fc=6590000 cc=547 chg=u
12-04 05:08:14.743     0     0 W healthd : battery l=100 v=4308 t=28.2 h=2 st=2 c=-317000 fc=6590000 cc=547 chg=u
12-04 05:08:14.746     0     0 W healthd : battery l=100 v=4308 t=28.2 h=2 st=2 c=-317000 fc=6590000 cc=547 chg=u
12-04 05:08:15.651   402   402 W HidlServiceManagement: Waited one second for android.hardware.keymaster@4.0::IKeymasterDevice/default
12-04 05:08:15.651   399   399 I hwservicemanager: Since android.hardware.keymaster@4.0::IKeymasterDevice/default is not registered, trying to start it as a lazy HAL.
12-04 05:08:15.652   402   402 I HidlServiceManagement: getService: Trying again for android.hardware.keymaster@4.0::IKeymasterDevice/default...
12-04 05:08:15.652   399   696 W libc    : Unable to set property "ctl.interface_start" to "android.hardware.keymaster@4.0::IKeymasterDevice/default": error code: 0x20
12-04 05:08:15.653   399   696 I hwservicemanager: Tried to start android.hardware.keymaster@4.0::IKeymasterDevice/default as a lazy service, but was unable to. Usually this happens when a service is not installed, but if the service is intended to be used as a lazy service, then it may be configured incorrectly.
12-04 05:08:15.652     0     0 E init    : Control message: Could not find 'android.hardware.keymaster@4.0::IKeymasterDevice/default' for ctl.interface_start from pid: 399 (/system/bin/hwservicemanager)
12-04 05:08:16.652   402   402 W HidlServiceManagement: Waited one second for android.hardware.keymaster@4.0::IKeymasterDevice/default
12-04 05:08:16.653   399   399 I hwservicemanager: Since android.hardware.keymaster@4.0::IKeymasterDevice/default is not registered, trying to start it as a lazy HAL.
12-04 05:08:16.653   402   402 I HidlServiceManagement: getService: Trying again for android.hardware.keymaster@4.0::IKeymasterDevice/default...
12-04 05:08:16.655   399   697 W libc    : Unable to set property "ctl.interface_start" to "android.hardware.keymaster@4.0::IKeymasterDevice/default": error code: 0x20
12-04 05:08:16.655   399   697 I hwservicemanager: Tried to start android.hardware.keymaster@4.0::IKeymasterDevice/default as a lazy service, but was unable to. Usually this happens when a service is not installed, but if the service is intended to be used as a lazy service, then it may be configured incorrectly.
12-04 05:08:16.654     0     0 E init    : Control message: Could not find 'android.hardware.keymaster@4.0::IKeymasterDevice/default' for ctl.interface_start from pid: 399 (/system/bin/hwservicemanager)
12-04 05:08:16.726     0     0 I EXT4-fs (dm-2): mounted filesystem without journal. Opts: barrier=1,discard
12-04 05:08:17.654   402   402 W HidlServiceManagement: Waited one second for android.hardware.keymaster@4.0::IKeymasterDevice/default
12-04 05:08:17.654   399   399 I hwservicemanager: Since android.hardware.keymaster@4.0::IKeymasterDevice/default is not registered, trying to start it as a lazy HAL.
12-04 05:08:17.654   402   402 I HidlServiceManagement: getService: Trying again for android.hardware.keymaster@4.0::IKeymasterDevice/default...
12-04 05:08:17.655   399   699 W libc    : Unable to set property "ctl.interface_start" to "android.hardware.keymaster@4.0::IKeymasterDevice/default": error code: 0x20
12-04 05:08:17.655   399   699 I hwservicemanager: Tried to start android.hardware.keymaster@4.0::IKeymasterDevice/default as a lazy service, but was unable to. Usually this happens when a service is not installed, but if the service is intended to be used as a lazy service, then it may be configured incorrectly.
12-04 05:08:17.655     0     0 E init    : Control message: Could not find 'android.hardware.keymaster@4.0::IKeymasterDevice/default' for ctl.interface_start from pid: 399 (/system/bin/hwservicemanager)
12-04 05:08:18.654   402   402 W HidlServiceManagement: Waited one second for android.hardware.keymaster@4.0::IKeymasterDevice/default
12-04 05:08:18.655   399   399 I hwservicemanager: Since android.hardware.keymaster@4.0::IKeymasterDevice/default is not registered, trying to start it as a lazy HAL.
12-04 05:08:18.655   402   402 I HidlServiceManagement: getService: Trying again for android.hardware.keymaster@4.0::IKeymasterDevice/default...
12-04 05:08:18.656   399   700 W libc    : Unable to set property "ctl.interface_start" to "android.hardware.keymaster@4.0::IKeymasterDevice/default": error code: 0x20
12-04 05:08:18.656   399   700 I hwservicemanager: Tried to start android.hardware.keymaster@4.0::IKeymasterDevice/default as a lazy service, but was unable to. Usually this happens when a service is not installed, but if the service is intended to be used as a lazy service, then it may be configured incorrectly.
12-04 05:08:18.656     0     0 E init    : Control message: Could not find 'android.hardware.keymaster@4.0::IKeymasterDevice/default' for ctl.interface_start from pid: 399 (/system/bin/hwservicemanager)
12-04 05:08:18.715     0     0 I EXT4-fs (dm-2): mounted filesystem without journal. Opts: barrier=1,discard
12-04 05:08:19.305     0     0 I EXT4-fs (dm-0): mounted filesystem without journal. Opts: barrier=1,discard
12-04 05:08:19.655   402   402 W HidlServiceManagement: Waited one second for android.hardware.keymaster@4.0::IKeymasterDevice/default
12-04 05:08:19.656   399   399 I hwservicemanager: Since android.hardware.keymaster@4.0::IKeymasterDevice/default is not registered, trying to start it as a lazy HAL.
12-04 05:08:19.656   402   402 I HidlServiceManagement: getService: Trying again for android.hardware.keymaster@4.0::IKeymasterDevice/default...
12-04 05:08:19.657   399   703 W libc    : Unable to set property "ctl.interface_start" to "android.hardware.keymaster@4.0::IKeymasterDevice/default": error code: 0x20
12-04 05:08:19.657   399   703 I hwservicemanager: Tried to start android.hardware.keymaster@4.0::IKeymasterDevice/default as a lazy service, but was unable to. Usually this happens when a service is not installed, but if the service is intended to be used as a lazy service, then it may be configured incorrectly.
12-04 05:08:19.656     0     0 E init    : Control message: Could not find 'android.hardware.keymaster@4.0::IKeymasterDevice/default' for ctl.interface_start from pid: 399 (/system/bin/hwservicemanager)
12-04 05:08:20.656   402   402 W HidlServiceManagement: Waited one second for android.hardware.keymaster@4.0::IKeymasterDevice/default
12-04 05:08:20.656   399   399 I hwservicemanager: Since android.hardware.keymaster@4.0::IKeymasterDevice/default is not registered, trying to start it as a lazy HAL.
12-04 05:08:20.657   402   402 I HidlServiceManagement: getService: Trying again for android.hardware.keymaster@4.0::IKeymasterDevice/default...
12-04 05:08:20.657   399   704 W libc    : Unable to set property "ctl.interface_start" to "android.hardware.keymaster@4.0::IKeymasterDevice/default": error code: 0x20
12-04 05:08:20.658   399   704 I hwservicemanager: Tried to start android.hardware.keymaster@4.0::IKeymasterDevice/default as a lazy service, but was unable to. Usually this happens when a service is not installed, but if the service is intended to be used as a lazy service, then it may be configured incorrectly.
12-04 05:08:20.657     0     0 E init    : Control message: Could not find 'android.hardware.keymaster@4.0::IKeymasterDevice/default' for ctl.interface_start from pid: 399 (/system/bin/hwservicemanager)
12-04 05:08:20.673     0     0 I EXT4-fs (dm-0): mounted filesystem without journal. Opts: barrier=1,discard
12-04 05:08:21.657   402   402 W HidlServiceManagement: Waited one second for android.hardware.keymaster@4.0::IKeymasterDevice/default
12-04 05:08:21.657   399   399 I hwservicemanager: Since android.hardware.keymaster@4.0::IKeymasterDevice/default is not registered, trying to start it as a lazy HAL.
12-04 05:08:21.658   402   402 I HidlServiceManagement: getService: Trying again for android.hardware.keymaster@4.0::IKeymasterDevice/default...
12-04 05:08:21.658   399   706 W libc    : Unable to set property "ctl.interface_start" to "android.hardware.keymaster@4.0::IKeymasterDevice/default": error code: 0x20
12-04 05:08:21.658   399   706 I hwservicemanager: Tried to start android.hardware.keymaster@4.0::IKeymasterDevice/default as a lazy service, but was unable to. Usually this happens when a service is not installed, but if the service is intended to be used as a lazy service, then it may be configured incorrectly.
12-04 05:08:21.658     0     0 E init    : Control message: Could not find 'android.hardware.keymaster@4.0::IKeymasterDevice/default' for ctl.interface_start from pid: 399 (/system/bin/hwservicemanager)
12-04 05:08:21.951     0     0 I EXT4-fs (dm-3): mounted filesystem without journal. Opts: barrier=1,discard
12-04 05:08:22.658   402   402 W HidlServiceManagement: Waited one second for android.hardware.keymaster@4.0::IKeymasterDevice/default
12-04 05:08:22.658   399   399 I hwservicemanager: Since android.hardware.keymaster@4.0::IKeymasterDevice/default is not registered, trying to start it as a lazy HAL.
12-04 05:08:22.658   402   402 I HidlServiceManagement: getService: Trying again for android.hardware.keymaster@4.0::IKeymasterDevice/default...
12-04 05:08:22.659   399   708 W libc    : Unable to set property "ctl.interface_start" to "android.hardware.keymaster@4.0::IKeymasterDevice/default": error code: 0x20
12-04 05:08:22.659   399   708 I hwservicemanager: Tried to start android.hardware.keymaster@4.0::IKeymasterDevice/default as a lazy service, but was unable to. Usually this happens when a service is not installed, but if the service is intended to be used as a lazy service, then it may be configured incorrectly.
12-04 05:08:22.659     0     0 E init    : Control message: Could not find 'android.hardware.keymaster@4.0::IKeymasterDevice/default' for ctl.interface_start from pid: 399 (/system/bin/hwservicemanager)
12-04 05:08:23.659   402   402 W HidlServiceManagement: Waited one second for android.hardware.keymaster@4.0::IKeymasterDevice/default
12-04 05:08:23.659   399   399 I hwservicemanager: Since android.hardware.keymaster@4.0::IKeymasterDevice/default is not registered, trying to start it as a lazy HAL.
12-04 05:08:23.659   402   402 I HidlServiceManagement: getService: Trying again for android.hardware.keymaster@4.0::IKeymasterDevice/default...
12-04 05:08:23.660   399   709 W libc    : Unable to set property "ctl.interface_start" to "android.hardware.keymaster@4.0::IKeymasterDevice/default": error code: 0x20
12-04 05:08:23.660   399   709 I hwservicemanager: Tried to start android.hardware.keymaster@4.0::IKeymasterDevice/default as a lazy service, but was unable to. Usually this happens when a service is not installed, but if the service is intended to be used as a lazy service, then it may be configured incorrectly.
12-04 05:08:23.660     0     0 E init    : Control message: Could not find 'android.hardware.keymaster@4.0::IKeymasterDevice/default' for ctl.interface_start from pid: 399 (/system/bin/hwservicemanager)
12-04 05:08:24.308     0     0 I mmc0    : detect_gpio pin 1255 status is 1
12-04 05:08:24.308     0     0 I mmc0    : apply bht power on patch
12-04 05:08:24.308     0     0 I mmc0    : present status is 1
12-04 05:08:24.308     0     0 I mmc0    : pwr_gpio pin 1260 status is 1
12-04 05:08:24.558     0     0 E         : ### Bayhub debug: degrade count is 0 ###
12-04 05:08:24.559     0     0 I mmc0    : Load BHT patch RC8.3.1-DS=4
12-04 05:08:24.559     0     0 I mmc0    : skip load default configuration for tuning done
12-04 05:08:24.560     0     0 E mmc0    : the new mode is 0x00000003
12-04 05:08:24.626     0     0 W FAT-fs (mmcblk0p1): Volume was not properly unmounted. Some data may be corrupt. Please run fsck.
12-04 05:08:24.659   402   402 W HidlServiceManagement: Waited one second for android.hardware.keymaster@4.0::IKeymasterDevice/default
12-04 05:08:24.660   399   399 I hwservicemanager: Since android.hardware.keymaster@4.0::IKeymasterDevice/default is not registered, trying to start it as a lazy HAL.
12-04 05:08:24.660   402   402 I HidlServiceManagement: getService: Trying again for android.hardware.keymaster@4.0::IKeymasterDevice/default...
12-04 05:08:24.661   399   711 W libc    : Unable to set property "ctl.interface_start" to "android.hardware.keymaster@4.0::IKeymasterDevice/default": error code: 0x20
12-04 05:08:24.661   399   711 I hwservicemanager: Tried to start android.hardware.keymaster@4.0::IKeymasterDevice/default as a lazy service, but was unable to. Usually this happens when a service is not installed, but if the service is intended to be used as a lazy service, then it may be configured incorrectly.
12-04 05:08:24.661     0     0 E init    : Control message: Could not find 'android.hardware.keymaster@4.0::IKeymasterDevice/default' for ctl.interface_start from pid: 399 (/system/bin/hwservicemanager)
12-04 05:08:24.970     0     0 E wt_chg soc: qcom_wt_chg: wt_chg_main now = 74720 resume_time = 79720
12-04 05:08:24.971     0     0 E bq2589x-1 1-006a: bq2589x_monitor_workfunc:vbus_type: 4, vbus volt:4700,vbat volt:4324,charge current:0, usb-switch1 1279, usb_switch_flag 0
12-04 05:08:24.972     0     0 I bq2589x-1 1-006a: bq2589x_monitor_workfunc:IINDPM occurred
12-04 05:08:24.976     0     0 E wt_chg soc: qcom_wt_chg: wtchg_float_charge_type_check vbus_online=1 real_type=4 float_recheck_cnt=0
12-04 05:08:24.979     0     0 E wt_chg soc: qcom_wt_chg: batt_protected_mode=0 batt_protected_mode_disable_charge=0 batt_protected_mode_disable_suspend=0
12-04 05:08:24.979     0     0 E wt_chg soc: qcom_wt_chg: batt_temp=283, jeita_status=2, board_temp=288,lcd_on=0
12-04 05:08:24.979     0     0 E wt_chg soc: qcom_wt_chg: jeita_batt_cv=4432, jeita_batt_cv_pre=4432, input_curr=500, input_curr_pre=500, slave_enable=0
12-04 05:08:24.979     0     0 E bq2589x-1 1-006a: set input current: 500
12-04 05:08:24.979     0     0 E bq2589x-1 1-006a: set usb suspend: 0
12-04 05:08:24.980     0     0 E sgm4151x-1 1-006b: set input suspend: 1
12-04 05:08:24.980     0     0 E wt_chg soc: qcom_wt_chg: type_ibatt=500, jeita_ibatt=4000, main_chg_ibatt=500, slave_chg_ibatt=0, chg_ibatt=500,chg_ibatt_pre=500
12-04 05:08:24.980     0     0 E chg_type: 4, vbus_online: 1, vbus_volt: 4700, chg_status: 1, batt_volt: 4309000, batt_current: -326000, temp: 283, health: 1, capacity: 100
12-04 05:08:24.980     0     0 E chg_temp: 310, usb_temp: 262, board_temp: 288, usb_online: 1, ac_online: 0, pd_active:0 typec_pr_role:2
12-04 05:08:24.980     0     0 I TCPC-TCPC: bat_update_work_func battery update soc = 100
12-04 05:08:24.980     0     0 I TCPC-TCPC: bat_update_work_func Battery Charging
12-04 05:08:24.985     0     0 W healthd : battery l=100 v=4309 t=28.3 h=2 st=2 c=-326000 fc=6584000 cc=547 chg=u
12-04 05:08:24.987     0     0 W healthd : battery l=100 v=4309 t=28.3 h=2 st=2 c=-326000 fc=6584000 cc=547 chg=u
12-04 05:08:24.989     0     0 W healthd : battery l=100 v=4309 t=28.3 h=2 st=2 c=-326000 fc=6584000 cc=547 chg=u
12-04 05:08:25.624     0     0 I EXT4-fs (sde9): mounted filesystem with ordered data mode. Opts:
12-04 05:08:25.660   402   402 W HidlServiceManagement: Waited one second for android.hardware.keymaster@4.0::IKeymasterDevice/default
12-04 05:08:25.661   399   399 I hwservicemanager: Since android.hardware.keymaster@4.0::IKeymasterDevice/default is not registered, trying to start it as a lazy HAL.
12-04 05:08:25.661   402   402 I HidlServiceManagement: getService: Trying again for android.hardware.keymaster@4.0::IKeymasterDevice/default...
12-04 05:08:25.662   399   716 W libc    : Unable to set property "ctl.interface_start" to "android.hardware.keymaster@4.0::IKeymasterDevice/default": error code: 0x20
12-04 05:08:25.662   399   716 I hwservicemanager: Tried to start android.hardware.keymaster@4.0::IKeymasterDevice/default as a lazy service, but was unable to. Usually this happens when a service is not installed, but if the service is intended to be used as a lazy service, then it may be configured incorrectly.
12-04 05:08:25.661     0     0 E init    : Control message: Could not find 'android.hardware.keymaster@4.0::IKeymasterDevice/default' for ctl.interface_start from pid: 399 (/system/bin/hwservicemanager)
12-04 05:08:26.089     0     0 I EXT4-fs (sda14): mounted filesystem with ordered data mode. Opts:
12-04 05:08:26.291     0     0 I EXT4-fs (dm-0): mounted filesystem without journal. Opts: barrier=1,discard
12-04 05:08:26.475     0     0 I EXT4-fs (dm-3): mounted filesystem without journal. Opts: barrier=1,discard
12-04 05:08:26.661   402   402 W HidlServiceManagement: Waited one second for android.hardware.keymaster@4.0::IKeymasterDevice/default
12-04 05:08:26.661   399   399 I hwservicemanager: Since android.hardware.keymaster@4.0::IKeymasterDevice/default is not registered, trying to start it as a lazy HAL.
12-04 05:08:26.662   402   402 I HidlServiceManagement: getService: Trying again for android.hardware.keymaster@4.0::IKeymasterDevice/default...
12-04 05:08:26.663   399   721 W libc    : Unable to set property "ctl.interface_start" to "android.hardware.keymaster@4.0::IKeymasterDevice/default": error code: 0x20
12-04 05:08:26.664   399   721 I hwservicemanager: Tried to start android.hardware.keymaster@4.0::IKeymasterDevice/default as a lazy service, but was unable to. Usually this happens when a service is not installed, but if the service is intended to be used as a lazy service, then it may be configured incorrectly.
12-04 05:08:26.663     0     0 E init    : Control message: Could not find 'android.hardware.keymaster@4.0::IKeymasterDevice/default' for ctl.interface_start from pid: 399 (/system/bin/hwservicemanager)
12-04 05:08:27.662   402   402 W HidlServiceManagement: Waited one second for android.hardware.keymaster@4.0::IKeymasterDevice/default
12-04 05:08:27.663   399   399 I hwservicemanager: Since android.hardware.keymaster@4.0::IKeymasterDevice/default is not registered, trying to start it as a lazy HAL.
12-04 05:08:27.663   402   402 I HidlServiceManagement: getService: Trying again for android.hardware.keymaster@4.0::IKeymasterDevice/default...
12-04 05:08:27.664   399   722 W libc    : Unable to set property "ctl.interface_start" to "android.hardware.keymaster@4.0::IKeymasterDevice/default": error code: 0x20
12-04 05:08:27.664   399   722 I hwservicemanager: Tried to start android.hardware.keymaster@4.0::IKeymasterDevice/default as a lazy service, but was unable to. Usually this happens when a service is not installed, but if the service is intended to be used as a lazy service, then it may be configured incorrectly.
12-04 05:08:27.664     0     0 E init    : Control message: Could not find 'android.hardware.keymaster@4.0::IKeymasterDevice/default' for ctl.interface_start from pid: 399 (/system/bin/hwservicemanager)
12-04 05:08:28.301     0     0 I mmc0    : det_gpio pin 1255 status is 1
12-04 05:08:28.301     0     0 I mmc0    : apply bht power off patch
12-04 05:08:28.301     0     0 I mmc0    : present status is 1
12-04 05:08:28.301     0     0 I mmc0    : pwr_gpio pin 1260 status is 0
12-04 05:08:28.663   402   402 W HidlServiceManagement: Waited one second for android.hardware.keymaster@4.0::IKeymasterDevice/default
12-04 05:08:28.664   399   399 I hwservicemanager: Since android.hardware.keymaster@4.0::IKeymasterDevice/default is not registered, trying to start it as a lazy HAL.
12-04 05:08:28.664   402   402 I HidlServiceManagement: getService: Trying again for android.hardware.keymaster@4.0::IKeymasterDevice/default...
12-04 05:08:28.665   399   723 W libc    : Unable to set property "ctl.interface_start" to "android.hardware.keymaster@4.0::IKeymasterDevice/default": error code: 0x20
12-04 05:08:28.665   399   723 I hwservicemanager: Tried to start android.hardware.keymaster@4.0::IKeymasterDevice/default as a lazy service, but was unable to. Usually this happens when a service is not installed, but if the service is intended to be used as a lazy service, then it may be configured incorrectly.
12-04 05:08:28.665     0     0 E init    : Control message: Could not find 'android.hardware.keymaster@4.0::IKeymasterDevice/default' for ctl.interface_start from pid: 399 (/system/bin/hwservicemanager)
12-04 05:08:29.664   402   402 W HidlServiceManagement: Waited one second for android.hardware.keymaster@4.0::IKeymasterDevice/default
12-04 05:08:29.665   399   399 I hwservicemanager: Since android.hardware.keymaster@4.0::IKeymasterDevice/default is not registered, trying to start it as a lazy HAL.
12-04 05:08:29.665   402   402 I HidlServiceManagement: getService: Trying again for android.hardware.keymaster@4.0::IKeymasterDevice/default...
12-04 05:08:29.666   399   724 W libc    : Unable to set property "ctl.interface_start" to "android.hardware.keymaster@4.0::IKeymasterDevice/default": error code: 0x20
12-04 05:08:29.666   399   724 I hwservicemanager: Tried to start android.hardware.keymaster@4.0::IKeymasterDevice/default as a lazy service, but was unable to. Usually this happens when a service is not installed, but if the service is intended to be used as a lazy service, then it may be configured incorrectly.
12-04 05:08:29.666     0     0 E init    : Control message: Could not find 'android.hardware.keymaster@4.0::IKeymasterDevice/default' for ctl.interface_start from pid: 399 (/system/bin/hwservicemanager)
12-04 05:08:30.665   402   402 W HidlServiceManagement: Waited one second for android.hardware.keymaster@4.0::IKeymasterDevice/default
12-04 05:08:30.666   399   399 I hwservicemanager: Since android.hardware.keymaster@4.0::IKeymasterDevice/default is not registered, trying to start it as a lazy HAL.
12-04 05:08:30.666   402   402 I HidlServiceManagement: getService: Trying again for android.hardware.keymaster@4.0::IKeymasterDevice/default...
12-04 05:08:30.667   399   725 W libc    : Unable to set property "ctl.interface_start" to "android.hardware.keymaster@4.0::IKeymasterDevice/default": error code: 0x20
12-04 05:08:30.667   399   725 I hwservicemanager: Tried to start android.hardware.keymaster@4.0::IKeymasterDevice/default as a lazy service, but was unable to. Usually this happens when a service is not installed, but if the service is intended to be used as a lazy service, then it may be configured incorrectly.
12-04 05:08:30.666     0     0 E init    : Control message: Could not find 'android.hardware.keymaster@4.0::IKeymasterDevice/default' for ctl.interface_start from pid: 399 (/system/bin/hwservicemanager)
12-04 05:08:31.666   402   402 W HidlServiceManagement: Waited one second for android.hardware.keymaster@4.0::IKeymasterDevice/default
12-04 05:08:31.666   399   399 I hwservicemanager: Since android.hardware.keymaster@4.0::IKeymasterDevice/default is not registered, trying to start it as a lazy HAL.
12-04 05:08:31.667   402   402 I HidlServiceManagement: getService: Trying again for android.hardware.keymaster@4.0::IKeymasterDevice/default...
12-04 05:08:31.667   399   726 W libc    : Unable to set property "ctl.interface_start" to "android.hardware.keymaster@4.0::IKeymasterDevice/default": error code: 0x20
12-04 05:08:31.668   399   726 I hwservicemanager: Tried to start android.hardware.keymaster@4.0::IKeymasterDevice/default as a lazy service, but was unable to. Usually this happens when a service is not installed, but if the service is intended to be used as a lazy service, then it may be configured incorrectly.
12-04 05:08:31.667     0     0 E init    : Control message: Could not find 'android.hardware.keymaster@4.0::IKeymasterDevice/default' for ctl.interface_start from pid: 399 (/system/bin/hwservicemanager)
12-04 05:08:32.667   402   402 W HidlServiceManagement: Waited one second for android.hardware.keymaster@4.0::IKeymasterDevice/default
12-04 05:08:32.667   399   399 I hwservicemanager: Since android.hardware.keymaster@4.0::IKeymasterDevice/default is not registered, trying to start it as a lazy HAL.
12-04 05:08:32.668   402   402 I HidlServiceManagement: getService: Trying again for android.hardware.keymaster@4.0::IKeymasterDevice/default...
12-04 05:08:32.668   399   727 W libc    : Unable to set property "ctl.interface_start" to "android.hardware.keymaster@4.0::IKeymasterDevice/default": error code: 0x20
12-04 05:08:32.668   399   727 I hwservicemanager: Tried to start android.hardware.keymaster@4.0::IKeymasterDevice/default as a lazy service, but was unable to. Usually this happens when a service is not installed, but if the service is intended to be used as a lazy service, then it may be configured incorrectly.
12-04 05:08:32.668     0     0 E init    : Control message: Could not find 'android.hardware.keymaster@4.0::IKeymasterDevice/default' for ctl.interface_start from pid: 399 (/system/bin/hwservicemanager)
12-04 05:08:32.687     0     0 I EXT4-fs (dm-2): mounted filesystem without journal. Opts: barrier=1,discard
12-04 05:08:32.917     0     0 I EXT4-fs (dm-3): mounted filesystem without journal. Opts: barrier=1,discard
12-04 05:08:33.668   402   402 W HidlServiceManagement: Waited one second for android.hardware.keymaster@4.0::IKeymasterDevice/default
12-04 05:08:33.668   399   399 I hwservicemanager: Since android.hardware.keymaster@4.0::IKeymasterDevice/default is not registered, trying to start it as a lazy HAL.
12-04 05:08:33.668   402   402 I HidlServiceManagement: getService: Trying again for android.hardware.keymaster@4.0::IKeymasterDevice/default...
12-04 05:08:33.669   399   730 W libc    : Unable to set property "ctl.interface_start" to "android.hardware.keymaster@4.0::IKeymasterDevice/default": error code: 0x20
12-04 05:08:33.669   399   730 I hwservicemanager: Tried to start android.hardware.keymaster@4.0::IKeymasterDevice/default as a lazy service, but was unable to. Usually this happens when a service is not installed, but if the service is intended to be used as a lazy service, then it may be configured incorrectly.
12-04 05:08:33.669     0     0 E init    : Control message: Could not find 'android.hardware.keymaster@4.0::IKeymasterDevice/default' for ctl.interface_start from pid: 399 (/system/bin/hwservicemanager)
12-04 05:08:34.311     0     0 I EXT4-fs (dm-1): mounted filesystem without journal. Opts: barrier=1,discard
12-04 05:08:34.669   402   402 W HidlServiceManagement: Waited one second for android.hardware.keymaster@4.0::IKeymasterDevice/default
12-04 05:08:34.669   399   399 I hwservicemanager: Since android.hardware.keymaster@4.0::IKeymasterDevice/default is not registered, trying to start it as a lazy HAL.
12-04 05:08:34.669   402   402 I HidlServiceManagement: getService: Trying again for android.hardware.keymaster@4.0::IKeymasterDevice/default...
12-04 05:08:34.670   399   732 W libc    : Unable to set property "ctl.interface_start" to "android.hardware.keymaster@4.0::IKeymasterDevice/default": error code: 0x20
12-04 05:08:34.670     0     0 E init    : Control message: Could not find 'android.hardware.keymaster@4.0::IKeymasterDevice/default' for ctl.interface_start from pid: 399 (/system/bin/hwservicemanager)
12-04 05:08:34.670   399   732 I hwservicemanager: Tried to start android.hardware.keymaster@4.0::IKeymasterDevice/default as a lazy service, but was unable to. Usually this happens when a service is not installed, but if the service is intended to be used as a lazy service, then it may be configured incorrectly.
12-04 05:08:35.210     0     0 E wt_chg soc: qcom_wt_chg: wt_chg_main now = 84960 resume_time = 89960
12-04 05:08:35.211     0     0 E bq2589x-1 1-006a: bq2589x_monitor_workfunc:vbus_type: 4, vbus volt:4700,vbat volt:4324,charge current:0, usb-switch1 1279, usb_switch_flag 0
12-04 05:08:35.212     0     0 I bq2589x-1 1-006a: bq2589x_monitor_workfunc:IINDPM occurred
12-04 05:08:35.216     0     0 E wt_chg soc: qcom_wt_chg: wtchg_float_charge_type_check vbus_online=1 real_type=4 float_recheck_cnt=0
12-04 05:08:35.219     0     0 E wt_chg soc: qcom_wt_chg: batt_protected_mode=0 batt_protected_mode_disable_charge=0 batt_protected_mode_disable_suspend=0
12-04 05:08:35.219     0     0 E wt_chg soc: qcom_wt_chg: batt_temp=284, jeita_status=2, board_temp=290,lcd_on=0
12-04 05:08:35.219     0     0 E wt_chg soc: qcom_wt_chg: jeita_batt_cv=4432, jeita_batt_cv_pre=4432, input_curr=500, input_curr_pre=500, slave_enable=0
12-04 05:08:35.219     0     0 E bq2589x-1 1-006a: set input current: 500
12-04 05:08:35.219     0     0 E bq2589x-1 1-006a: set usb suspend: 0
12-04 05:08:35.220     0     0 E sgm4151x-1 1-006b: set input suspend: 1
12-04 05:08:35.220     0     0 E wt_chg soc: qcom_wt_chg: type_ibatt=500, jeita_ibatt=4000, main_chg_ibatt=500, slave_chg_ibatt=0, chg_ibatt=500,chg_ibatt_pre=500
12-04 05:08:35.220     0     0 E chg_type: 4, vbus_online: 1, vbus_volt: 4700, chg_status: 1, batt_volt: 4307000, batt_current: -263000, temp: 284, health: 1, capacity: 100
12-04 05:08:35.220     0     0 E chg_temp: 312, usb_temp: 262, board_temp: 290, usb_online: 1, ac_online: 0, pd_active:0 typec_pr_role:2
12-04 05:08:35.220     0     0 I TCPC-TCPC: bat_update_work_func battery update soc = 100
12-04 05:08:35.220     0     0 I TCPC-TCPC: bat_update_work_func Battery Charging
12-04 05:08:35.225     0     0 W healthd : battery l=100 v=4307 t=28.4 h=2 st=2 c=-263000 fc=6590000 cc=547 chg=u
12-04 05:08:35.227     0     0 W healthd : battery l=100 v=4307 t=28.4 h=2 st=2 c=-263000 fc=6590000 cc=547 chg=u
12-04 05:08:35.230     0     0 W healthd : battery l=100 v=4307 t=28.4 h=2 st=2 c=-263000 fc=6590000 cc=547 chg=u
12-04 05:08:35.669   402   402 W HidlServiceManagement: Waited one second for android.hardware.keymaster@4.0::IKeymasterDevice/default
12-04 05:08:35.670   399   399 I hwservicemanager: Since android.hardware.keymaster@4.0::IKeymasterDevice/default is not registered, trying to start it as a lazy HAL.
12-04 05:08:35.670   402   402 I HidlServiceManagement: getService: Trying again for android.hardware.keymaster@4.0::IKeymasterDevice/default...
12-04 05:08:35.671   399   733 W libc    : Unable to set property "ctl.interface_start" to "android.hardware.keymaster@4.0::IKeymasterDevice/default": error code: 0x20
12-04 05:08:35.671   399   733 I hwservicemanager: Tried to start android.hardware.keymaster@4.0::IKeymasterDevice/default as a lazy service, but was unable to. Usually this happens when a service is not installed, but if the service is intended to be used as a lazy service, then it may be configured incorrectly.
12-04 05:08:35.671     0     0 E init    : Control message: Could not find 'android.hardware.keymaster@4.0::IKeymasterDevice/default' for ctl.interface_start from pid: 399 (/system/bin/hwservicemanager)
12-04 05:08:35.906     0     0 I EXT4-fs (dm-3): mounted filesystem without journal. Opts: barrier=1,discard
12-04 05:08:36.670   402   402 W HidlServiceManagement: Waited one second for android.hardware.keymaster@4.0::IKeymasterDevice/default
12-04 05:08:36.671   399   399 I hwservicemanager: Since android.hardware.keymaster@4.0::IKeymasterDevice/default is not registered, trying to start it as a lazy HAL.
12-04 05:08:36.671   402   402 I HidlServiceManagement: getService: Trying again for android.hardware.keymaster@4.0::IKeymasterDevice/default...
12-04 05:08:36.672   399   735 W libc    : Unable to set property "ctl.interface_start" to "android.hardware.keymaster@4.0::IKeymasterDevice/default": error code: 0x20
12-04 05:08:36.672   399   735 I hwservicemanager: Tried to start android.hardware.keymaster@4.0::IKeymasterDevice/default as a lazy service, but was unable to. Usually this happens when a service is not installed, but if the service is intended to be used as a lazy service, then it may be configured incorrectly.
12-04 05:08:36.672     0     0 E init    : Control message: Could not find 'android.hardware.keymaster@4.0::IKeymasterDevice/default' for ctl.interface_start from pid: 399 (/system/bin/hwservicemanager)
12-04 05:08:36.776     0     0 I mmc0    : detect_gpio pin 1255 status is 1
12-04 05:08:36.776     0     0 I mmc0    : apply bht power on patch
12-04 05:08:36.776     0     0 I mmc0    : present status is 1
12-04 05:08:36.776     0     0 I mmc0    : pwr_gpio pin 1260 status is 1
12-04 05:08:37.026     0     0 E         : ### Bayhub debug: degrade count is 0 ###
12-04 05:08:37.026     0     0 I mmc0    : Load BHT patch RC8.3.1-DS=4
12-04 05:08:37.027     0     0 I mmc0    : skip load default configuration for tuning done
12-04 05:08:37.028     0     0 E mmc0    : the new mode is 0x00000003
12-04 05:08:37.671   402   402 W HidlServiceManagement: Waited one second for android.hardware.keymaster@4.0::IKeymasterDevice/default
12-04 05:08:37.672   399   399 I hwservicemanager: Since android.hardware.keymaster@4.0::IKeymasterDevice/default is not registered, trying to start it as a lazy HAL.
12-04 05:08:37.672   402   402 I HidlServiceManagement: getService: Trying again for android.hardware.keymaster@4.0::IKeymasterDevice/default...
12-04 05:08:37.673   399   736 W libc    : Unable to set property "ctl.interface_start" to "android.hardware.keymaster@4.0::IKeymasterDevice/default": error code: 0x20
12-04 05:08:37.673   399   736 I hwservicemanager: Tried to start android.hardware.keymaster@4.0::IKeymasterDevice/default as a lazy service, but was unable to. Usually this happens when a service is not installed, but if the service is intended to be used as a lazy service, then it may be configured incorrectly.
12-04 05:08:37.672     0     0 E init    : Control message: Could not find 'android.hardware.keymaster@4.0::IKeymasterDevice/default' for ctl.interface_start from pid: 399 (/system/bin/hwservicemanager)
12-04 05:08:37.885     0     0 I EXT4-fs (dm-0): mounted filesystem without journal. Opts: barrier=1,discard
12-04 05:08:38.499     0     0 I EXT4-fs (sda14): mounted filesystem with ordered data mode. Opts:
12-04 05:08:38.672   402   402 W HidlServiceManagement: Waited one second for android.hardware.keymaster@4.0::IKeymasterDevice/default
12-04 05:08:38.672   399   399 I hwservicemanager: Since android.hardware.keymaster@4.0::IKeymasterDevice/default is not registered, trying to start it as a lazy HAL.
12-04 05:08:38.673   402   402 I HidlServiceManagement: getService: Trying again for android.hardware.keymaster@4.0::IKeymasterDevice/default...
12-04 05:08:38.673   399   740 W libc    : Unable to set property "ctl.interface_start" to "android.hardware.keymaster@4.0::IKeymasterDevice/default": error code: 0x20
12-04 05:08:38.673   399   740 I hwservicemanager: Tried to start android.hardware.keymaster@4.0::IKeymasterDevice/default as a lazy service, but was unable to. Usually this happens when a service is not installed, but if the service is intended to be used as a lazy service, then it may be configured incorrectly.
12-04 05:08:38.673     0     0 E init    : Control message: Could not find 'android.hardware.keymaster@4.0::IKeymasterDevice/default' for ctl.interface_start from pid: 399 (/system/bin/hwservicemanager)
12-04 05:08:39.673   402   402 W HidlServiceManagement: Waited one second for android.hardware.keymaster@4.0::IKeymasterDevice/default
12-04 05:08:39.673   399   399 I hwservicemanager: Since android.hardware.keymaster@4.0::IKeymasterDevice/default is not registered, trying to start it as a lazy HAL.
12-04 05:08:39.674   402   402 I HidlServiceManagement: getService: Trying again for android.hardware.keymaster@4.0::IKeymasterDevice/default...
12-04 05:08:39.674   399   741 W libc    : Unable to set property "ctl.interface_start" to "android.hardware.keymaster@4.0::IKeymasterDevice/default": error code: 0x20
12-04 05:08:39.674   399   741 I hwservicemanager: Tried to start android.hardware.keymaster@4.0::IKeymasterDevice/default as a lazy service, but was unable to. Usually this happens when a service is not installed, but if the service is intended to be used as a lazy service, then it may be configured incorrectly.
12-04 05:08:39.674     0     0 E init    : Control message: Could not find 'android.hardware.keymaster@4.0::IKeymasterDevice/default' for ctl.interface_start from pid: 399 (/system/bin/hwservicemanager)
12-04 05:08:39.878     0     0 I EXT4-fs (dm-2): mounted filesystem without journal. Opts: barrier=1,discard
12-04 05:08:40.077     0     0 I mmc0    : det_gpio pin 1255 status is 1
12-04 05:08:40.077     0     0 I mmc0    : apply bht power off patch
12-04 05:08:40.077     0     0 I mmc0    : present status is 1
12-04 05:08:40.077     0     0 I mmc0    : pwr_gpio pin 1260 status is 0
12-04 05:08:40.674   402   402 W HidlServiceManagement: Waited one second for android.hardware.keymaster@4.0::IKeymasterDevice/default
12-04 05:08:40.674   399   399 I hwservicemanager: Since android.hardware.keymaster@4.0::IKeymasterDevice/default is not registered, trying to start it as a lazy HAL.
12-04 05:08:40.674   402   402 I HidlServiceManagement: getService: Trying again for android.hardware.keymaster@4.0::IKeymasterDevice/default...
12-04 05:08:40.675   399   743 W libc    : Unable to set property "ctl.interface_start" to "android.hardware.keymaster@4.0::IKeymasterDevice/default": error code: 0x20
12-04 05:08:40.675   399   743 I hwservicemanager: Tried to start android.hardware.keymaster@4.0::IKeymasterDevice/default as a lazy service, but was unable to. Usually this happens when a service is not installed, but if the service is intended to be used as a lazy service, then it may be configured incorrectly.
12-04 05:08:40.675     0     0 E init    : Control message: Could not find 'android.hardware.keymaster@4.0::IKeymasterDevice/default' for ctl.interface_start from pid: 399 (/system/bin/hwservicemanager)
12-04 05:08:41.555   621   629 I adbd    : UsbFfs: connection terminated: read 2 failed with error Cannot send after transport endpoint shutdown
12-04 05:08:41.556   621   621 I adbd    : UsbFfs: offline
12-04 05:08:41.556   621   621 I adbd    : destroying transport UsbFfs
12-04 05:08:41.556   621   621 I adbd    : UsbFfsConnection being destroyed
12-04 05:08:41.555     0     0 I init    : processing action (sys.usb.config=none && sys.usb.configfs=1) from (/system/etc/init/hw/init.rc:186)
12-04 05:08:41.555     0     0 I         : mtp_release
12-04 05:08:41.557     0     0 E dwc3 4e00000.dwc3: request 0000000000000000 was not queued to ep0out
12-04 05:08:41.557     0     0 I init    : Sending signal 9 to service 'adbd' (pid 621) process group...
12-04 05:08:41.562     0     0 I libprocessgroup: Successfully killed process cgroup uid 0 pid 621 in 5ms
12-04 05:08:41.600     0     0 I init    : Service 'adbd' (pid 621) received signal 9
12-04 05:08:41.602     0     0 I init    : processing action (sys.usb.config=none && sys.usb.configfs=1) from (/init.tb128fu_usb.rc:56)
12-04 05:08:41.602     0     0 I init    : Command 'rm /config/usb_gadget/g1/configs/b.1/f3' action=sys.usb.config=none && sys.usb.configfs=1 (/init.tb128fu_usb.rc:58) took 0ms and failed: unlink() failed: No such file or directory
12-04 05:08:41.675   402   402 W HidlServiceManagement: Waited one second for android.hardware.keymaster@4.0::IKeymasterDevice/default
12-04 05:08:41.675   399   399 I hwservicemanager: Since android.hardware.keymaster@4.0::IKeymasterDevice/default is not registered, trying to start it as a lazy HAL.
12-04 05:08:41.675   402   402 I HidlServiceManagement: getService: Trying again for android.hardware.keymaster@4.0::IKeymasterDevice/default...
12-04 05:08:41.676   399   745 W libc    : Unable to set property "ctl.interface_start" to "android.hardware.keymaster@4.0::IKeymasterDevice/default": error code: 0x20
12-04 05:08:41.676   399   745 I hwservicemanager: Tried to start android.hardware.keymaster@4.0::IKeymasterDevice/default as a lazy service, but was unable to. Usually this happens when a service is not installed, but if the service is intended to be used as a lazy service, then it may be configured incorrectly.
12-04 05:08:41.701   744   744 I adbd    : persist.adb.watchdog set to ''
12-04 05:08:41.701   744   744 I adbd    : persist.sys.test_harness set to ''
12-04 05:08:41.701   744   744 I adbd    : adb watchdog timeout set to 600 seconds
12-04 05:08:41.702   744   747 I adbd    : Waiting for persist.adb.tls_server.enable=1
12-04 05:08:41.702   744   744 I adbd    : adbd started
12-04 05:08:41.702   744   749 I adbd    : opening control endpoint /dev/usb-ffs/adb/ep0
12-04 05:08:41.702     0     0 I         : read descriptors
12-04 05:08:41.702     0     0 I         : read strings
12-04 05:08:41.703   744   749 I adbd    : UsbFfsConnection constructed
12-04 05:08:41.703   744   750 I adbd    : UsbFfs-monitor thread spawned
12-04 05:08:41.704   744   750 I adbd    : USB event: FUNCTIONFS_BIND
12-04 05:08:41.760     0     0 I android_work: sent uevent USB_STATE=DISCONNECTED
12-04 05:08:41.764     0     0 I msm-dwc3 4e00000.ssusb: Avail curr from USB = 2
12-04 05:08:41.764     0     0 E         : Set prop 145 is not supported in usb psy
12-04 05:08:41.887     0     0 I msm-dwc3 4e00000.ssusb: Avail curr from USB = 100
12-04 05:08:41.887     0     0 E         : Set prop 145 is not supported in usb psy
12-04 05:08:41.887     0     0 I android_work: did not send uevent (0 0 0000000000000000)
12-04 05:08:42.007     0     0 I android_work: sent uevent USB_STATE=CONNECTED
12-04 05:08:42.010     0     0 I msm-dwc3 4e00000.ssusb: Avail curr from USB = 100
12-04 05:08:42.010     0     0 E         : Set prop 145 is not supported in usb psy
12-04 05:08:42.010     0     0 I android_work: sent uevent USB_STATE=DISCONNECTED
12-04 05:08:42.147     0     0 I android_work: sent uevent USB_STATE=CONNECTED
12-04 05:08:42.150     0     0 I configfs-gadget gadget: high-speed config #1: b
12-04 05:08:42.150     0     0 I msm-dwc3 4e00000.ssusb: Avail curr from USB = 500
12-04 05:08:42.150     0     0 E         : Set prop 145 is not supported in usb psy
12-04 05:08:42.150   744   750 I adbd    : USB event: FUNCTIONFS_ENABLE
12-04 05:08:42.151   744   751 I adbd    : UsbFfs-worker thread spawned
12-04 05:08:42.150     0     0 I android_work: sent uevent USB_STATE=CONFIGURED
12-04 05:08:42.363   744   744 I adbd    : UsbFfs: already offline
12-04 05:08:42.363   744   744 I adbd    : authentication not required
12-04 05:08:42.531   744   750 I adbd    : USB event: FUNCTIONFS_UNBIND
12-04 05:08:42.532   744   750 W adbd    : received FUNCTIONFS_UNBIND while still enabled?
12-04 05:08:42.531     0     0 E dwc3 4e00000.dwc3: request 0000000000000000 was not queued to ep0out
12-04 05:08:42.536     0     0 I mmc0    : detect_gpio pin 1255 status is 1
12-04 05:08:42.536     0     0 I mmc0    : apply bht power on patch
12-04 05:08:42.536     0     0 I mmc0    : present status is 1
12-04 05:08:42.536     0     0 I mmc0    : pwr_gpio pin 1260 status is 1
12-04 05:08:42.654   753   753 I adbd    : persist.adb.watchdog set to ''
12-04 05:08:42.654   753   753 I adbd    : persist.sys.test_harness set to ''
12-04 05:08:42.655   753   753 I adbd    : adb watchdog timeout set to 600 seconds
12-04 05:08:42.655   753   755 I adbd    : Waiting for persist.adb.tls_server.enable=1
12-04 05:08:42.655   753   753 I adbd    : adbd started
12-04 05:08:42.655   753   757 I adbd    : opening control endpoint /dev/usb-ffs/adb/ep0
12-04 05:08:42.655   753   757 I adbd    : UsbFfsConnection constructed
12-04 05:08:42.656   753   758 I adbd    : UsbFfs-monitor thread spawned
12-04 05:08:42.655     0     0 I         : read descriptors
12-04 05:08:42.655     0     0 I         : read strings
12-04 05:08:42.658   753   758 I adbd    : USB event: FUNCTIONFS_BIND
12-04 05:08:42.675   402   402 W HidlServiceManagement: Waited one second for android.hardware.keymaster@4.0::IKeymasterDevice/default
12-04 05:08:42.676   399   399 I hwservicemanager: Since android.hardware.keymaster@4.0::IKeymasterDevice/default is not registered, trying to start it as a lazy HAL.
12-04 05:08:42.676   402   402 I HidlServiceManagement: getService: Trying again for android.hardware.keymaster@4.0::IKeymasterDevice/default...
12-04 05:08:42.715   399   759 W libc    : Unable to set property "ctl.interface_start" to "android.hardware.keymaster@4.0::IKeymasterDevice/default": error code: 0x20
12-04 05:08:42.715   399   759 I hwservicemanager: Tried to start android.hardware.keymaster@4.0::IKeymasterDevice/default as a lazy service, but was unable to. Usually this happens when a service is not installed, but if the service is intended to be used as a lazy service, then it may be configured incorrectly.
12-04 05:08:42.714     0     0 I init    : Command 'write /config/usb_gadget/g1/UDC ${sys.usb.controller}' action=sys.usb.config=mtp,adb && sys.usb.configfs=1 && sys.usb.ffs.ready=1 (/init.tb128fu_usb.rc:102) took 57ms and succeeded
12-04 05:08:42.715     0     0 E init    : Control message: Could not find 'android.hardware.keymaster@4.0::IKeymasterDevice/default' for ctl.interface_start from pid: 399 (/system/bin/hwservicemanager)
12-04 05:08:42.715     0     0 I android_work: sent uevent USB_STATE=DISCONNECTED
12-04 05:08:42.720     0     0 I msm-dwc3 4e00000.ssusb: Avail curr from USB = 2
12-04 05:08:42.720     0     0 E         : Set prop 145 is not supported in usb psy
12-04 05:08:42.788     0     0 E         : ### Bayhub debug: degrade count is 0 ###
12-04 05:08:42.789     0     0 I mmc0    : Load BHT patch RC8.3.1-DS=4
12-04 05:08:42.789     0     0 I mmc0    : skip load default configuration for tuning done
12-04 05:08:42.790     0     0 E mmc0    : the new mode is 0x00000003
12-04 05:08:42.851     0     0 I msm-dwc3 4e00000.ssusb: Avail curr from USB = 100
12-04 05:08:42.851     0     0 E         : Set prop 145 is not supported in usb psy
12-04 05:08:42.851     0     0 I android_work: did not send uevent (0 0 0000000000000000)
12-04 05:08:42.857     0     0 W FAT-fs (mmcblk0p1): Volume was not properly unmounted. Some data may be corrupt. Please run fsck.
12-04 05:08:42.971     0     0 I android_work: sent uevent USB_STATE=CONNECTED
12-04 05:08:42.974     0     0 I msm-dwc3 4e00000.ssusb: Avail curr from USB = 100
12-04 05:08:42.974     0     0 E         : Set prop 145 is not supported in usb psy
12-04 05:08:42.974     0     0 I android_work: sent uevent USB_STATE=DISCONNECTED
12-04 05:08:43.107     0     0 I android_work: sent uevent USB_STATE=CONNECTED
12-04 05:08:43.111   753   758 I adbd    : USB event: FUNCTIONFS_ENABLE
12-04 05:08:43.111   753   760 I adbd    : UsbFfs-worker thread spawned
12-04 05:08:43.110     0     0 I configfs-gadget gadget: high-speed config #1: b
12-04 05:08:43.111     0     0 I msm-dwc3 4e00000.ssusb: Avail curr from USB = 500
12-04 05:08:43.111     0     0 E         : Set prop 145 is not supported in usb psy
12-04 05:08:43.111     0     0 I android_work: sent uevent USB_STATE=CONFIGURED
12-04 05:08:43.334     0     0 I         : mtp_open
12-04 05:08:43.334     0     0 I         : mtp_open
12-04 05:08:43.334     0     0 E         : mtp_open mtp_release not called returning EBUSY
12-04 05:08:43.334     0     0 I         : mtp_release
12-04 05:08:43.362     0     0 E wt_chg soc: qcom_wt_chg: chg_main_alarm_cb wt chg alarm triggered 93112
12-04 05:08:43.388   753   753 I adbd    : UsbFfs: already offline
12-04 05:08:43.388   753   753 I adbd    : authentication not required
12-04 05:08:43.676   402   402 W HidlServiceManagement: Waited one second for android.hardware.keymaster@4.0::IKeymasterDevice/default
12-04 05:08:43.676   399   399 I hwservicemanager: Since android.hardware.keymaster@4.0::IKeymasterDevice/default is not registered, trying to start it as a lazy HAL.
12-04 05:08:43.677   402   402 I HidlServiceManagement: getService: Trying again for android.hardware.keymaster@4.0::IKeymasterDevice/default...
12-04 05:08:43.677   399   764 W libc    : Unable to set property "ctl.interface_start" to "android.hardware.keymaster@4.0::IKeymasterDevice/default": error code: 0x20
12-04 05:08:43.677   399   764 I hwservicemanager: Tried to start android.hardware.keymaster@4.0::IKeymasterDevice/default as a lazy service, but was unable to. Usually this happens when a service is not installed, but if the service is intended to be used as a lazy service, then it may be configured incorrectly.
12-04 05:08:43.677     0     0 E init    : Control message: Could not find 'android.hardware.keymaster@4.0::IKeymasterDevice/default' for ctl.interface_start from pid: 399 (/system/bin/hwservicemanager)
12-04 05:08:44.134     0     0 I         : mtp_open
12-04 05:08:44.677   402   402 W HidlServiceManagement: Waited one second for android.hardware.keymaster@4.0::IKeymasterDevice/default
12-04 05:08:44.677   399   399 I hwservicemanager: Since android.hardware.keymaster@4.0::IKeymasterDevice/default is not registered, trying to start it as a lazy HAL.
12-04 05:08:44.678   402   402 I HidlServiceManagement: getService: Trying again for android.hardware.keymaster@4.0::IKeymasterDevice/default...
12-04 05:08:44.678   399   765 W libc    : Unable to set property "ctl.interface_start" to "android.hardware.keymaster@4.0::IKeymasterDevice/default": error code: 0x20
12-04 05:08:44.678   399   765 I hwservicemanager: Tried to start android.hardware.keymaster@4.0::IKeymasterDevice/default as a lazy service, but was unable to. Usually this happens when a service is not installed, but if the service is intended to be used as a lazy service, then it may be configured incorrectly.
12-04 05:08:44.678     0     0 E init    : Control message: Could not find 'android.hardware.keymaster@4.0::IKeymasterDevice/default' for ctl.interface_start from pid: 399 (/system/bin/hwservicemanager)
12-04 05:08:45.450     0     0 E wt_chg soc: qcom_wt_chg: wt_chg_main now = 95200 resume_time = 100200
12-04 05:08:45.453     0     0 E bq2589x-1 1-006a: bq2589x_monitor_workfunc:vbus_type: 4, vbus volt:4700,vbat volt:4324,charge current:0, usb-switch1 1279, usb_switch_flag 0
12-04 05:08:45.453     0     0 I bq2589x-1 1-006a: bq2589x_monitor_workfunc:IINDPM occurred
12-04 05:08:45.458     0     0 E wt_chg soc: qcom_wt_chg: wtchg_float_charge_type_check vbus_online=1 real_type=4 float_recheck_cnt=0
12-04 05:08:45.461     0     0 E wt_chg soc: qcom_wt_chg: batt_protected_mode=0 batt_protected_mode_disable_charge=0 batt_protected_mode_disable_suspend=0
12-04 05:08:45.461     0     0 E wt_chg soc: qcom_wt_chg: batt_temp=285, jeita_status=2, board_temp=291,lcd_on=0
12-04 05:08:45.461     0     0 E wt_chg soc: qcom_wt_chg: jeita_batt_cv=4432, jeita_batt_cv_pre=4432, input_curr=500, input_curr_pre=500, slave_enable=0
12-04 05:08:45.461     0     0 E bq2589x-1 1-006a: set input current: 500
12-04 05:08:45.461     0     0 E bq2589x-1 1-006a: set usb suspend: 0
12-04 05:08:45.461     0     0 E sgm4151x-1 1-006b: set input suspend: 1
12-04 05:08:45.462     0     0 E wt_chg soc: qcom_wt_chg: type_ibatt=500, jeita_ibatt=4000, main_chg_ibatt=500, slave_chg_ibatt=0, chg_ibatt=500,chg_ibatt_pre=500
12-04 05:08:45.462     0     0 E chg_type: 4, vbus_online: 1, vbus_volt: 4700, chg_status: 1, batt_volt: 4312000, batt_current: -259000, temp: 285, health: 1, capacity: 100
12-04 05:08:45.462     0     0 E chg_temp: 314, usb_temp: 262, board_temp: 291, usb_online: 1, ac_online: 0, pd_active:0 typec_pr_role:2
12-04 05:08:45.462     0     0 I TCPC-TCPC: bat_update_work_func battery update soc = 100
12-04 05:08:45.462     0     0 I TCPC-TCPC: bat_update_work_func Battery Charging
12-04 05:08:45.467     0     0 W healthd : battery l=100 v=4312 t=28.5 h=2 st=2 c=-259000 fc=6590000 cc=547 chg=u
12-04 05:08:45.469     0     0 W healthd : battery l=100 v=4312 t=28.5 h=2 st=2 c=-259000 fc=6590000 cc=547 chg=u
12-04 05:08:45.472     0     0 W healthd : battery l=100 v=4312 t=28.5 h=2 st=2 c=-259000 fc=6590000 cc=547 chg=u
12-04 05:08:45.678   402   402 W HidlServiceManagement: Waited one second for android.hardware.keymaster@4.0::IKeymasterDevice/default
12-04 05:08:45.678   399   399 I hwservicemanager: Since android.hardware.keymaster@4.0::IKeymasterDevice/default is not registered, trying to start it as a lazy HAL.
12-04 05:08:45.678   402   402 I HidlServiceManagement: getService: Trying again for android.hardware.keymaster@4.0::IKeymasterDevice/default...
12-04 05:08:45.679   399   766 W libc    : Unable to set property "ctl.interface_start" to "android.hardware.keymaster@4.0::IKeymasterDevice/default": error code: 0x20
12-04 05:08:45.679   399   766 I hwservicemanager: Tried to start android.hardware.keymaster@4.0::IKeymasterDevice/default as a lazy service, but was unable to. Usually this happens when a service is not installed, but if the service is intended to be used as a lazy service, then it may be configured incorrectly.
12-04 05:08:45.679     0     0 E init    : Control message: Could not find 'android.hardware.keymaster@4.0::IKeymasterDevice/default' for ctl.interface_start from pid: 399 (/system/bin/hwservicemanager)
12-04 05:08:46.679   402   402 W HidlServiceManagement: Waited one second for android.hardware.keymaster@4.0::IKeymasterDevice/default
12-04 05:08:46.679   399   399 I hwservicemanager: Since android.hardware.keymaster@4.0::IKeymasterDevice/default is not registered, trying to start it as a lazy HAL.
12-04 05:08:46.679   402   402 I HidlServiceManagement: getService: Trying again for android.hardware.keymaster@4.0::IKeymasterDevice/default...
12-04 05:08:46.680   399   767 W libc    : Unable to set property "ctl.interface_start" to "android.hardware.keymaster@4.0::IKeymasterDevice/default": error code: 0x20
12-04 05:08:46.680   399   767 I hwservicemanager: Tried to start android.hardware.keymaster@4.0::IKeymasterDevice/default as a lazy service, but was unable to. Usually this happens when a service is not installed, but if the service is intended to be used as a lazy service, then it may be configured incorrectly.
12-04 05:08:46.680     0     0 E init    : Control message: Could not find 'android.hardware.keymaster@4.0::IKeymasterDevice/default' for ctl.interface_start from pid: 399 (/system/bin/hwservicemanager)
12-04 05:08:47.086     0     0 I mmc0    : det_gpio pin 1255 status is 1
12-04 05:08:47.086     0     0 I mmc0    : apply bht power off patch
12-04 05:08:47.086     0     0 I mmc0    : present status is 1
12-04 05:08:47.086     0     0 I mmc0    : pwr_gpio pin 1260 status is 0
12-04 05:08:47.679   402   402 W HidlServiceManagement: Waited one second for android.hardware.keymaster@4.0::IKeymasterDevice/default
12-04 05:08:47.680   399   399 I hwservicemanager: Since android.hardware.keymaster@4.0::IKeymasterDevice/default is not registered, trying to start it as a lazy HAL.
12-04 05:08:47.680   402   402 I HidlServiceManagement: getService: Trying again for android.hardware.keymaster@4.0::IKeymasterDevice/default...
12-04 05:08:47.681   399   768 W libc    : Unable to set property "ctl.interface_start" to "android.hardware.keymaster@4.0::IKeymasterDevice/default": error code: 0x20
12-04 05:08:47.681   399   768 I hwservicemanager: Tried to start android.hardware.keymaster@4.0::IKeymasterDevice/default as a lazy service, but was unable to. Usually this happens when a service is not installed, but if the service is intended to be used as a lazy service, then it may be configured incorrectly.
12-04 05:08:47.681     0     0 E init    : Control message: Could not find 'android.hardware.keymaster@4.0::IKeymasterDevice/default' for ctl.interface_start from pid: 399 (/system/bin/hwservicemanager)
12-04 05:08:48.680   402   402 W HidlServiceManagement: Waited one second for android.hardware.keymaster@4.0::IKeymasterDevice/default
12-04 05:08:48.681   399   399 I hwservicemanager: Since android.hardware.keymaster@4.0::IKeymasterDevice/default is not registered, trying to start it as a lazy HAL.
12-04 05:08:48.681   402   402 I HidlServiceManagement: getService: Trying again for android.hardware.keymaster@4.0::IKeymasterDevice/default...
12-04 05:08:48.682   399   769 W libc    : Unable to set property "ctl.interface_start" to "android.hardware.keymaster@4.0::IKeymasterDevice/default": error code: 0x20
12-04 05:08:48.682   399   769 I hwservicemanager: Tried to start android.hardware.keymaster@4.0::IKeymasterDevice/default as a lazy service, but was unable to. Usually this happens when a service is not installed, but if the service is intended to be used as a lazy service, then it may be configured incorrectly.
12-04 05:08:48.681     0     0 E init    : Control message: Could not find 'android.hardware.keymaster@4.0::IKeymasterDevice/default' for ctl.interface_start from pid: 399 (/system/bin/hwservicemanager)
12-04 05:08:49.681   402   402 W HidlServiceManagement: Waited one second for android.hardware.keymaster@4.0::IKeymasterDevice/default
12-04 05:08:49.681   399   399 I hwservicemanager: Since android.hardware.keymaster@4.0::IKeymasterDevice/default is not registered, trying to start it as a lazy HAL.
12-04 05:08:49.682   402   402 I HidlServiceManagement: getService: Trying again for android.hardware.keymaster@4.0::IKeymasterDevice/default...
12-04 05:08:49.682   399   770 W libc    : Unable to set property "ctl.interface_start" to "android.hardware.keymaster@4.0::IKeymasterDevice/default": error code: 0x20
12-04 05:08:49.683   399   770 I hwservicemanager: Tried to start android.hardware.keymaster@4.0::IKeymasterDevice/default as a lazy service, but was unable to. Usually this happens when a service is not installed, but if the service is intended to be used as a lazy service, then it may be configured incorrectly.
12-04 05:08:49.682     0     0 E init    : Control message: Could not find 'android.hardware.keymaster@4.0::IKeymasterDevice/default' for ctl.interface_start from pid: 399 (/system/bin/hwservicemanager)
12-04 05:08:50.682   402   402 W HidlServiceManagement: Waited one second for android.hardware.keymaster@4.0::IKeymasterDevice/default
12-04 05:08:50.682   399   399 I hwservicemanager: Since android.hardware.keymaster@4.0::IKeymasterDevice/default is not registered, trying to start it as a lazy HAL.
12-04 05:08:50.683   402   402 I HidlServiceManagement: getService: Trying again for android.hardware.keymaster@4.0::IKeymasterDevice/default...
12-04 05:08:50.684   399   771 W libc    : Unable to set property "ctl.interface_start" to "android.hardware.keymaster@4.0::IKeymasterDevice/default": error code: 0x20
12-04 05:08:50.684   399   771 I hwservicemanager: Tried to start android.hardware.keymaster@4.0::IKeymasterDevice/default as a lazy service, but was unable to. Usually this happens when a service is not installed, but if the service is intended to be used as a lazy service, then it may be configured incorrectly.
12-04 05:08:50.684     0     0 E init    : Control message: Could not find 'android.hardware.keymaster@4.0::IKeymasterDevice/default' for ctl.interface_start from pid: 399 (/system/bin/hwservicemanager)
12-04 05:08:51.641     0     0 I         : boot log copy done
12-04 05:08:51.683   402   402 W HidlServiceManagement: Waited one second for android.hardware.keymaster@4.0::IKeymasterDevice/default
12-04 05:08:51.683   399   399 I hwservicemanager: Since android.hardware.keymaster@4.0::IKeymasterDevice/default is not registered, trying to start it as a lazy HAL.
12-04 05:08:51.684   402   402 I HidlServiceManagement: getService: Trying again for android.hardware.keymaster@4.0::IKeymasterDevice/default...
12-04 05:08:51.684   399   772 W libc    : Unable to set property "ctl.interface_start" to "android.hardware.keymaster@4.0::IKeymasterDevice/default": error code: 0x20
12-04 05:08:51.684   399   772 I hwservicemanager: Tried to start android.hardware.keymaster@4.0::IKeymasterDevice/default as a lazy service, but was unable to. Usually this happens when a service is not installed, but if the service is intended to be used as a lazy service, then it may be configured incorrectly.
12-04 05:08:51.684     0     0 E init    : Control message: Could not find 'android.hardware.keymaster@4.0::IKeymasterDevice/default' for ctl.interface_start from pid: 399 (/system/bin/hwservicemanager)
12-04 05:08:52.684   402   402 W HidlServiceManagement: Waited one second for android.hardware.keymaster@4.0::IKeymasterDevice/default
12-04 05:08:52.684   399   399 I hwservicemanager: Since android.hardware.keymaster@4.0::IKeymasterDevice/default is not registered, trying to start it as a lazy HAL.
12-04 05:08:52.684   402   402 I HidlServiceManagement: getService: Trying again for android.hardware.keymaster@4.0::IKeymasterDevice/default...
12-04 05:08:52.685   399   773 W libc    : Unable to set property "ctl.interface_start" to "android.hardware.keymaster@4.0::IKeymasterDevice/default": error code: 0x20
12-04 05:08:52.685   399   773 I hwservicemanager: Tried to start android.hardware.keymaster@4.0::IKeymasterDevice/default as a lazy service, but was unable to. Usually this happens when a service is not installed, but if the service is intended to be used as a lazy service, then it may be configured incorrectly.
12-04 05:08:52.685     0     0 E init    : Control message: Could not find 'android.hardware.keymaster@4.0::IKeymasterDevice/default' for ctl.interface_start from pid: 399 (/system/bin/hwservicemanager)
12-04 05:08:53.685   402   402 W HidlServiceManagement: Waited one second for android.hardware.keymaster@4.0::IKeymasterDevice/default
12-04 05:08:53.685   399   399 I hwservicemanager: Since android.hardware.keymaster@4.0::IKeymasterDevice/default is not registered, trying to start it as a lazy HAL.
12-04 05:08:53.685   402   402 I HidlServiceManagement: getService: Trying again for android.hardware.keymaster@4.0::IKeymasterDevice/default...
12-04 05:08:53.686   399   774 W libc    : Unable to set property "ctl.interface_start" to "android.hardware.keymaster@4.0::IKeymasterDevice/default": error code: 0x20
12-04 05:08:53.686     0     0 E init    : Control message: Could not find 'android.hardware.keymaster@4.0::IKeymasterDevice/default' for ctl.interface_start from pid: 399 (/system/bin/hwservicemanager)
12-04 05:08:53.686   399   774 I hwservicemanager: Tried to start android.hardware.keymaster@4.0::IKeymasterDevice/default as a lazy service, but was unable to. Usually this happens when a service is not installed, but if the service is intended to be used as a lazy service, then it may be configured incorrectly.
12-04 05:08:54.685   402   402 W HidlServiceManagement: Waited one second for android.hardware.keymaster@4.0::IKeymasterDevice/default
12-04 05:08:54.686   399   399 I hwservicemanager: Since android.hardware.keymaster@4.0::IKeymasterDevice/default is not registered, trying to start it as a lazy HAL.
12-04 05:08:54.686   402   402 I HidlServiceManagement: getService: Trying again for android.hardware.keymaster@4.0::IKeymasterDevice/default...
12-04 05:08:54.687   399   775 W libc    : Unable to set property "ctl.interface_start" to "android.hardware.keymaster@4.0::IKeymasterDevice/default": error code: 0x20
12-04 05:08:54.687   399   775 I hwservicemanager: Tried to start android.hardware.keymaster@4.0::IKeymasterDevice/default as a lazy service, but was unable to. Usually this happens when a service is not installed, but if the service is intended to be used as a lazy service, then it may be configured incorrectly.
12-04 05:08:54.687     0     0 E init    : Control message: Could not find 'android.hardware.keymaster@4.0::IKeymasterDevice/default' for ctl.interface_start from pid: 399 (/system/bin/hwservicemanager)
12-04 05:08:55.686   402   402 W HidlServiceManagement: Waited one second for android.hardware.keymaster@4.0::IKeymasterDevice/default
12-04 05:08:55.687   399   399 I hwservicemanager: Since android.hardware.keymaster@4.0::IKeymasterDevice/default is not registered, trying to start it as a lazy HAL.
12-04 05:08:55.687   402   402 I HidlServiceManagement: getService: Trying again for android.hardware.keymaster@4.0::IKeymasterDevice/default...
12-04 05:08:55.688   399   776 W libc    : Unable to set property "ctl.interface_start" to "android.hardware.keymaster@4.0::IKeymasterDevice/default": error code: 0x20
12-04 05:08:55.688   399   776 I hwservicemanager: Tried to start android.hardware.keymaster@4.0::IKeymasterDevice/default as a lazy service, but was unable to. Usually this happens when a service is not installed, but if the service is intended to be used as a lazy service, then it may be configured incorrectly.
12-04 05:08:55.687     0     0 E init    : Control message: Could not find 'android.hardware.keymaster@4.0::IKeymasterDevice/default' for ctl.interface_start from pid: 399 (/system/bin/hwservicemanager)
12-04 05:08:55.690     0     0 E wt_chg soc: qcom_wt_chg: wt_chg_main now = 105440 resume_time = 110440
12-04 05:08:55.693     0     0 E bq2589x-1 1-006a: bq2589x_monitor_workfunc:vbus_type: 4, vbus volt:4700,vbat volt:4344,charge current:0, usb-switch1 1279, usb_switch_flag 0
12-04 05:08:55.693     0     0 I bq2589x-1 1-006a: bq2589x_monitor_workfunc:IINDPM occurred
12-04 05:08:55.698     0     0 E wt_chg soc: qcom_wt_chg: wtchg_float_charge_type_check vbus_online=1 real_type=4 float_recheck_cnt=0
12-04 05:08:55.701     0     0 E wt_chg soc: qcom_wt_chg: batt_protected_mode=0 batt_protected_mode_disable_charge=0 batt_protected_mode_disable_suspend=0
12-04 05:08:55.701     0     0 E wt_chg soc: qcom_wt_chg: batt_temp=286, jeita_status=2, board_temp=292,lcd_on=0
12-04 05:08:55.701     0     0 E wt_chg soc: qcom_wt_chg: jeita_batt_cv=4432, jeita_batt_cv_pre=4432, input_curr=500, input_curr_pre=500, slave_enable=0
12-04 05:08:55.701     0     0 E bq2589x-1 1-006a: set input current: 500
12-04 05:08:55.701     0     0 E bq2589x-1 1-006a: set usb suspend: 0
12-04 05:08:55.702     0     0 E sgm4151x-1 1-006b: set input suspend: 1
12-04 05:08:55.702     0     0 E wt_chg soc: qcom_wt_chg: type_ibatt=500, jeita_ibatt=4000, main_chg_ibatt=500, slave_chg_ibatt=0, chg_ibatt=500,chg_ibatt_pre=500
12-04 05:08:55.702     0     0 E chg_type: 4, vbus_online: 1, vbus_volt: 4700, chg_status: 1, batt_volt: 4309000, batt_current: -274000, temp: 286, health: 1, capacity: 100
12-04 05:08:55.702     0     0 E chg_temp: 316, usb_temp: 262, board_temp: 292, usb_online: 1, ac_online: 0, pd_active:0 typec_pr_role:2
12-04 05:08:55.702     0     0 I TCPC-TCPC: bat_update_work_func battery update soc = 100
12-04 05:08:55.702     0     0 I TCPC-TCPC: bat_update_work_func Battery Charging
12-04 05:08:55.707     0     0 W healthd : battery l=100 v=4309 t=28.6 h=2 st=2 c=-274000 fc=6590000 cc=547 chg=u
12-04 05:08:55.709     0     0 W healthd : battery l=100 v=4309 t=28.6 h=2 st=2 c=-274000 fc=6590000 cc=547 chg=u
12-04 05:08:55.712     0     0 W healthd : battery l=100 v=4309 t=28.6 h=2 st=2 c=-274000 fc=6590000 cc=547 chg=u
12-04 05:08:56.687   402   402 W HidlServiceManagement: Waited one second for android.hardware.keymaster@4.0::IKeymasterDevice/default
12-04 05:08:56.687   399   399 I hwservicemanager: Since android.hardware.keymaster@4.0::IKeymasterDevice/default is not registered, trying to start it as a lazy HAL.
12-04 05:08:56.688   402   402 I HidlServiceManagement: getService: Trying again for android.hardware.keymaster@4.0::IKeymasterDevice/default...
12-04 05:08:56.688   399   777 W libc    : Unable to set property "ctl.interface_start" to "android.hardware.keymaster@4.0::IKeymasterDevice/default": error code: 0x20
12-04 05:08:56.688   399   777 I hwservicemanager: Tried to start android.hardware.keymaster@4.0::IKeymasterDevice/default as a lazy service, but was unable to. Usually this happens when a service is not installed, but if the service is intended to be used as a lazy service, then it may be configured incorrectly.
12-04 05:08:56.688     0     0 E init    : Control message: Could not find 'android.hardware.keymaster@4.0::IKeymasterDevice/default' for ctl.interface_start from pid: 399 (/system/bin/hwservicemanager)
12-04 05:08:57.688   402   402 W HidlServiceManagement: Waited one second for android.hardware.keymaster@4.0::IKeymasterDevice/default
12-04 05:08:57.688   399   399 I hwservicemanager: Since android.hardware.keymaster@4.0::IKeymasterDevice/default is not registered, trying to start it as a lazy HAL.
12-04 05:08:57.689   402   402 I HidlServiceManagement: getService: Trying again for android.hardware.keymaster@4.0::IKeymasterDevice/default...
12-04 05:08:57.689   399   778 W libc    : Unable to set property "ctl.interface_start" to "android.hardware.keymaster@4.0::IKeymasterDevice/default": error code: 0x20
12-04 05:08:57.689   399   778 I hwservicemanager: Tried to start android.hardware.keymaster@4.0::IKeymasterDevice/default as a lazy service, but was unable to. Usually this happens when a service is not installed, but if the service is intended to be used as a lazy service, then it may be configured incorrectly.
12-04 05:08:57.689     0     0 E init    : Control message: Could not find 'android.hardware.keymaster@4.0::IKeymasterDevice/default' for ctl.interface_start from pid: 399 (/system/bin/hwservicemanager)
12-04 05:08:58.689   402   402 W HidlServiceManagement: Waited one second for android.hardware.keymaster@4.0::IKeymasterDevice/default
12-04 05:08:58.689   399   399 I hwservicemanager: Since android.hardware.keymaster@4.0::IKeymasterDevice/default is not registered, trying to start it as a lazy HAL.
12-04 05:08:58.689   402   402 I HidlServiceManagement: getService: Trying again for android.hardware.keymaster@4.0::IKeymasterDevice/default...
12-04 05:08:58.690     0     0 E init    : Control message: Could not find 'android.hardware.keymaster@4.0::IKeymasterDevice/default' for ctl.interface_start from pid: 399 (/system/bin/hwservicemanager)
12-04 05:08:58.690   399   779 W libc    : Unable to set property "ctl.interface_start" to "android.hardware.keymaster@4.0::IKeymasterDevice/default": error code: 0x20
12-04 05:08:58.690   399   779 I hwservicemanager: Tried to start android.hardware.keymaster@4.0::IKeymasterDevice/default as a lazy service, but was unable to. Usually this happens when a service is not installed, but if the service is intended to be used as a lazy service, then it may be configured incorrectly.
12-04 05:08:59.690   402   402 W HidlServiceManagement: Waited one second for android.hardware.keymaster@4.0::IKeymasterDevice/default
12-04 05:08:59.690   399   399 I hwservicemanager: Since android.hardware.keymaster@4.0::IKeymasterDevice/default is not registered, trying to start it as a lazy HAL.
12-04 05:08:59.690   402   402 I HidlServiceManagement: getService: Trying again for android.hardware.keymaster@4.0::IKeymasterDevice/default...
12-04 05:08:59.691   399   780 W libc    : Unable to set property "ctl.interface_start" to "android.hardware.keymaster@4.0::IKeymasterDevice/default": error code: 0x20
12-04 05:08:59.691   399   780 I hwservicemanager: Tried to start android.hardware.keymaster@4.0::IKeymasterDevice/default as a lazy service, but was unable to. Usually this happens when a service is not installed, but if the service is intended to be used as a lazy service, then it may be configured incorrectly.
12-04 05:08:59.691     0     0 E init    : Control message: Could not find 'android.hardware.keymaster@4.0::IKeymasterDevice/default' for ctl.interface_start from pid: 399 (/system/bin/hwservicemanager)
12-04 05:09:00.690   402   402 W HidlServiceManagement: Waited one second for android.hardware.keymaster@4.0::IKeymasterDevice/default
12-04 05:09:00.691   399   399 I hwservicemanager: Since android.hardware.keymaster@4.0::IKeymasterDevice/default is not registered, trying to start it as a lazy HAL.
12-04 05:09:00.691   402   402 I HidlServiceManagement: getService: Trying again for android.hardware.keymaster@4.0::IKeymasterDevice/default...
12-04 05:09:00.692   399   781 W libc    : Unable to set property "ctl.interface_start" to "android.hardware.keymaster@4.0::IKeymasterDevice/default": error code: 0x20
12-04 05:09:00.692   399   781 I hwservicemanager: Tried to start android.hardware.keymaster@4.0::IKeymasterDevice/default as a lazy service, but was unable to. Usually this happens when a service is not installed, but if the service is intended to be used as a lazy service, then it may be configured incorrectly.
12-04 05:09:00.692     0     0 E init    : Control message: Could not find 'android.hardware.keymaster@4.0::IKeymasterDevice/default' for ctl.interface_start from pid: 399 (/system/bin/hwservicemanager)
12-04 05:09:01.691   402   402 W HidlServiceManagement: Waited one second for android.hardware.keymaster@4.0::IKeymasterDevice/default
12-04 05:09:01.692   399   399 I hwservicemanager: Since android.hardware.keymaster@4.0::IKeymasterDevice/default is not registered, trying to start it as a lazy HAL.
12-04 05:09:01.692   402   402 I HidlServiceManagement: getService: Trying again for android.hardware.keymaster@4.0::IKeymasterDevice/default...
12-04 05:09:01.693   399   782 W libc    : Unable to set property "ctl.interface_start" to "android.hardware.keymaster@4.0::IKeymasterDevice/default": error code: 0x20
12-04 05:09:01.693   399   782 I hwservicemanager: Tried to start android.hardware.keymaster@4.0::IKeymasterDevice/default as a lazy service, but was unable to. Usually this happens when a service is not installed, but if the service is intended to be used as a lazy service, then it may be configured incorrectly.
12-04 05:09:01.693     0     0 E init    : Control message: Could not find 'android.hardware.keymaster@4.0::IKeymasterDevice/default' for ctl.interface_start from pid: 399 (/system/bin/hwservicemanager)
12-04 05:09:02.692   402   402 W HidlServiceManagement: Waited one second for android.hardware.keymaster@4.0::IKeymasterDevice/default
12-04 05:09:02.693   399   399 I hwservicemanager: Since android.hardware.keymaster@4.0::IKeymasterDevice/default is not registered, trying to start it as a lazy HAL.
12-04 05:09:02.693   402   402 I HidlServiceManagement: getService: Trying again for android.hardware.keymaster@4.0::IKeymasterDevice/default...
12-04 05:09:02.694   399   783 W libc    : Unable to set property "ctl.interface_start" to "android.hardware.keymaster@4.0::IKeymasterDevice/default": error code: 0x20
12-04 05:09:02.694   399   783 I hwservicemanager: Tried to start android.hardware.keymaster@4.0::IKeymasterDevice/default as a lazy service, but was unable to. Usually this happens when a service is not installed, but if the service is intended to be used as a lazy service, then it may be configured incorrectly.
12-04 05:09:02.693     0     0 E init    : Control message: Could not find 'android.hardware.keymaster@4.0::IKeymasterDevice/default' for ctl.interface_start from pid: 399 (/system/bin/hwservicemanager)
12-04 05:09:03.693   402   402 W HidlServiceManagement: Waited one second for android.hardware.keymaster@4.0::IKeymasterDevice/default
12-04 05:09:03.693   399   399 I hwservicemanager: Since android.hardware.keymaster@4.0::IKeymasterDevice/default is not registered, trying to start it as a lazy HAL.
12-04 05:09:03.694   402   402 I HidlServiceManagement: getService: Trying again for android.hardware.keymaster@4.0::IKeymasterDevice/default...
12-04 05:09:03.694   399   784 W libc    : Unable to set property "ctl.interface_start" to "android.hardware.keymaster@4.0::IKeymasterDevice/default": error code: 0x20
12-04 05:09:03.695   399   784 I hwservicemanager: Tried to start android.hardware.keymaster@4.0::IKeymasterDevice/default as a lazy service, but was unable to. Usually this happens when a service is not installed, but if the service is intended to be used as a lazy service, then it may be configured incorrectly.
12-04 05:09:03.694     0     0 E init    : Control message: Could not find 'android.hardware.keymaster@4.0::IKeymasterDevice/default' for ctl.interface_start from pid: 399 (/system/bin/hwservicemanager)
12-04 05:09:04.694   402   402 W HidlServiceManagement: Waited one second for android.hardware.keymaster@4.0::IKeymasterDevice/default
12-04 05:09:04.694   399   399 I hwservicemanager: Since android.hardware.keymaster@4.0::IKeymasterDevice/default is not registered, trying to start it as a lazy HAL.
12-04 05:09:04.695   402   402 I HidlServiceManagement: getService: Trying again for android.hardware.keymaster@4.0::IKeymasterDevice/default...
12-04 05:09:04.695   399   785 W libc    : Unable to set property "ctl.interface_start" to "android.hardware.keymaster@4.0::IKeymasterDevice/default": error code: 0x20
12-04 05:09:04.695   399   785 I hwservicemanager: Tried to start android.hardware.keymaster@4.0::IKeymasterDevice/default as a lazy service, but was unable to. Usually this happens when a service is not installed, but if the service is intended to be used as a lazy service, then it may be configured incorrectly.
12-04 05:09:04.695     0     0 E init    : Control message: Could not find 'android.hardware.keymaster@4.0::IKeymasterDevice/default' for ctl.interface_start from pid: 399 (/system/bin/hwservicemanager)
12-04 05:09:05.270     0     0 I EXT4-fs (dm-1): mounted filesystem without journal. Opts: barrier=1,discard
12-04 05:09:05.280     0     0 I EXT4-fs (dm-2): mounted filesystem without journal. Opts: barrier=1,discard
12-04 05:09:05.288     0     0 I EXT4-fs (dm-0): mounted filesystem without journal. Opts: barrier=1,discard
12-04 05:09:05.695   402   402 W HidlServiceManagement: Waited one second for android.hardware.keymaster@4.0::IKeymasterDevice/default
12-04 05:09:05.695   399   399 I hwservicemanager: Since android.hardware.keymaster@4.0::IKeymasterDevice/default is not registered, trying to start it as a lazy HAL.
12-04 05:09:05.696   402   402 I HidlServiceManagement: getService: Trying again for android.hardware.keymaster@4.0::IKeymasterDevice/default...
12-04 05:09:05.696   399   789 W libc    : Unable to set property "ctl.interface_start" to "android.hardware.keymaster@4.0::IKeymasterDevice/default": error code: 0x20
12-04 05:09:05.696   399   789 I hwservicemanager: Tried to start android.hardware.keymaster@4.0::IKeymasterDevice/default as a lazy service, but was unable to. Usually this happens when a service is not installed, but if the service is intended to be used as a lazy service, then it may be configured incorrectly.
12-04 05:09:05.696     0     0 E init    : Control message: Could not find 'android.hardware.keymaster@4.0::IKeymasterDevice/default' for ctl.interface_start from pid: 399 (/system/bin/hwservicemanager)
12-04 05:09:05.930     0     0 E wt_chg soc: qcom_wt_chg: wt_chg_main now = 115680 resume_time = 120680
12-04 05:09:05.933     0     0 E bq2589x-1 1-006a: bq2589x_monitor_workfunc:vbus_type: 4, vbus volt:4700,vbat volt:4324,charge current:0, usb-switch1 1279, usb_switch_flag 0
12-04 05:09:05.933     0     0 I bq2589x-1 1-006a: bq2589x_monitor_workfunc:IINDPM occurred
12-04 05:09:05.938     0     0 E wt_chg soc: qcom_wt_chg: wtchg_float_charge_type_check vbus_online=1 real_type=4 float_recheck_cnt=0
12-04 05:09:05.941     0     0 E wt_chg soc: qcom_wt_chg: batt_protected_mode=0 batt_protected_mode_disable_charge=0 batt_protected_mode_disable_suspend=0
12-04 05:09:05.941     0     0 E wt_chg soc: qcom_wt_chg: batt_temp=287, jeita_status=2, board_temp=293,lcd_on=0
12-04 05:09:05.941     0     0 E wt_chg soc: qcom_wt_chg: jeita_batt_cv=4432, jeita_batt_cv_pre=4432, input_curr=500, input_curr_pre=500, slave_enable=0
12-04 05:09:05.941     0     0 E bq2589x-1 1-006a: set input current: 500
12-04 05:09:05.941     0     0 E bq2589x-1 1-006a: set usb suspend: 0
12-04 05:09:05.941     0     0 E sgm4151x-1 1-006b: set input suspend: 1
12-04 05:09:05.942     0     0 E wt_chg soc: qcom_wt_chg: type_ibatt=500, jeita_ibatt=4000, main_chg_ibatt=500, slave_chg_ibatt=0, chg_ibatt=500,chg_ibatt_pre=500
12-04 05:09:05.942     0     0 E chg_type: 4, vbus_online: 1, vbus_volt: 4700, chg_status: 1, batt_volt: 4312000, batt_current: -252000, temp: 287, health: 1, capacity: 100
12-04 05:09:05.942     0     0 E chg_temp: 317, usb_temp: 263, board_temp: 293, usb_online: 1, ac_online: 0, pd_active:0 typec_pr_role:2
12-04 05:09:05.942     0     0 I TCPC-TCPC: bat_update_work_func battery update soc = 100
12-04 05:09:05.942     0     0 I TCPC-TCPC: bat_update_work_func Battery Charging
12-04 05:09:05.947     0     0 W healthd : battery l=100 v=4312 t=28.7 h=2 st=2 c=-252000 fc=6590000 cc=547 chg=u
12-04 05:09:05.949     0     0 W healthd : battery l=100 v=4312 t=28.7 h=2 st=2 c=-252000 fc=6590000 cc=547 chg=u
12-04 05:09:05.952     0     0 W healthd : battery l=100 v=4312 t=28.7 h=2 st=2 c=-252000 fc=6590000 cc=547 chg=u
12-04 05:09:06.696   402   402 W HidlServiceManagement: Waited one second for android.hardware.keymaster@4.0::IKeymasterDevice/default
12-04 05:09:06.696   399   399 I hwservicemanager: Since android.hardware.keymaster@4.0::IKeymasterDevice/default is not registered, trying to start it as a lazy HAL.
12-04 05:09:06.696   402   402 I HidlServiceManagement: getService: Trying again for android.hardware.keymaster@4.0::IKeymasterDevice/default...
12-04 05:09:06.697   399   790 W libc    : Unable to set property "ctl.interface_start" to "android.hardware.keymaster@4.0::IKeymasterDevice/default": error code: 0x20
12-04 05:09:06.697   399   790 I hwservicemanager: Tried to start android.hardware.keymaster@4.0::IKeymasterDevice/default as a lazy service, but was unable to. Usually this happens when a service is not installed, but if the service is intended to be used as a lazy service, then it may be configured incorrectly.
12-04 05:09:06.697     0     0 E init    : Control message: Could not find 'android.hardware.keymaster@4.0::IKeymasterDevice/default' for ctl.interface_start from pid: 399 (/system/bin/hwservicemanager)
12-04 05:09:07.408     0     0 E EXT4-fs (dm-1): couldn't mount RDWR because of unsupported optional features (4000)
12-04 05:09:07.409     0     0 E EXT4-fs (dm-1): couldn't mount RDWR because of unsupported optional features (4000)
12-04 05:09:07.419     0     0 I EXT4-fs (dm-1): mounted filesystem without journal. Opts: barrier=1,discard
12-04 05:09:07.427     0     0 E EXT4-fs (dm-2): couldn't mount RDWR because of unsupported optional features (4000)
12-04 05:09:07.427     0     0 E EXT4-fs (dm-2): couldn't mount RDWR because of unsupported optional features (4000)
12-04 05:09:07.437     0     0 I EXT4-fs (dm-2): mounted filesystem without journal. Opts: barrier=1,discard
12-04 05:09:07.444     0     0 E EXT4-fs (dm-3): couldn't mount RDWR because of unsupported optional features (4000)
12-04 05:09:07.444     0     0 E EXT4-fs (dm-3): couldn't mount RDWR because of unsupported optional features (4000)
12-04 05:09:07.452     0     0 E EXT4-fs (dm-0): couldn't mount RDWR because of unsupported optional features (4000)
12-04 05:09:07.452     0     0 E EXT4-fs (dm-0): couldn't mount RDWR because of unsupported optional features (4000)
12-04 05:09:07.465     0     0 I EXT4-fs (dm-0): mounted filesystem without journal. Opts: barrier=1,discard
12-04 05:09:07.697   402   402 W HidlServiceManagement: Waited one second for android.hardware.keymaster@4.0::IKeymasterDevice/default
12-04 05:09:07.697   399   399 I hwservicemanager: Since android.hardware.keymaster@4.0::IKeymasterDevice/default is not registered, trying to start it as a lazy HAL.
12-04 05:09:07.697   402   402 I HidlServiceManagement: getService: Trying again for android.hardware.keymaster@4.0::IKeymasterDevice/default...
12-04 05:09:07.698   399   794 W libc    : Unable to set property "ctl.interface_start" to "android.hardware.keymaster@4.0::IKeymasterDevice/default": error code: 0x20
12-04 05:09:07.698     0     0 E init    : Control message: Could not find 'android.hardware.keymaster@4.0::IKeymasterDevice/default' for ctl.interface_start from pid: 399 (/system/bin/hwservicemanager)
12-04 05:09:07.698   399   794 I hwservicemanager: Tried to start android.hardware.keymaster@4.0::IKeymasterDevice/default as a lazy service, but was unable to. Usually this happens when a service is not installed, but if the service is intended to be used as a lazy service, then it may be configured incorrectly.
12-04 05:09:08.697   402   402 W HidlServiceManagement: Waited one second for android.hardware.keymaster@4.0::IKeymasterDevice/default
12-04 05:09:08.698   399   399 I hwservicemanager: Since android.hardware.keymaster@4.0::IKeymasterDevice/default is not registered, trying to start it as a lazy HAL.
12-04 05:09:08.698   402   402 I HidlServiceManagement: getService: Trying again for android.hardware.keymaster@4.0::IKeymasterDevice/default...
12-04 05:09:08.699   399   795 W libc    : Unable to set property "ctl.interface_start" to "android.hardware.keymaster@4.0::IKeymasterDevice/default": error code: 0x20
12-04 05:09:08.699   399   795 I hwservicemanager: Tried to start android.hardware.keymaster@4.0::IKeymasterDevice/default as a lazy service, but was unable to. Usually this happens when a service is not installed, but if the service is intended to be used as a lazy service, then it may be configured incorrectly.
12-04 05:09:08.699     0     0 E init    : Control message: Could not find 'android.hardware.keymaster@4.0::IKeymasterDevice/default' for ctl.interface_start from pid: 399 (/system/bin/hwservicemanager)
12-04 05:09:09.698   402   402 W HidlServiceManagement: Waited one second for android.hardware.keymaster@4.0::IKeymasterDevice/default
12-04 05:09:09.699   399   399 I hwservicemanager: Since android.hardware.keymaster@4.0::IKeymasterDevice/default is not registered, trying to start it as a lazy HAL.
12-04 05:09:09.699   402   402 I HidlServiceManagement: getService: Trying again for android.hardware.keymaster@4.0::IKeymasterDevice/default...
12-04 05:09:09.700   399   796 W libc    : Unable to set property "ctl.interface_start" to "android.hardware.keymaster@4.0::IKeymasterDevice/default": error code: 0x20
12-04 05:09:09.700   399   796 I hwservicemanager: Tried to start android.hardware.keymaster@4.0::IKeymasterDevice/default as a lazy service, but was unable to. Usually this happens when a service is not installed, but if the service is intended to be used as a lazy service, then it may be configured incorrectly.
12-04 05:09:09.699     0     0 E init    : Control message: Could not find 'android.hardware.keymaster@4.0::IKeymasterDevice/default' for ctl.interface_start from pid: 399 (/system/bin/hwservicemanager)
12-04 05:09:10.699   402   402 W HidlServiceManagement: Waited one second for android.hardware.keymaster@4.0::IKeymasterDevice/default
12-04 05:09:10.699   399   399 I hwservicemanager: Since android.hardware.keymaster@4.0::IKeymasterDevice/default is not registered, trying to start it as a lazy HAL.
12-04 05:09:10.700   402   402 I HidlServiceManagement: getService: Trying again for android.hardware.keymaster@4.0::IKeymasterDevice/default...
12-04 05:09:10.700   399   797 W libc    : Unable to set property "ctl.interface_start" to "android.hardware.keymaster@4.0::IKeymasterDevice/default": error code: 0x20
12-04 05:09:10.701   399   797 I hwservicemanager: Tried to start android.hardware.keymaster@4.0::IKeymasterDevice/default as a lazy service, but was unable to. Usually this happens when a service is not installed, but if the service is intended to be used as a lazy service, then it may be configured incorrectly.
12-04 05:09:10.700     0     0 E init    : Control message: Could not find 'android.hardware.keymaster@4.0::IKeymasterDevice/default' for ctl.interface_start from pid: 399 (/system/bin/hwservicemanager)
12-04 05:09:11.700   402   402 W HidlServiceManagement: Waited one second for android.hardware.keymaster@4.0::IKeymasterDevice/default
12-04 05:09:11.700   399   399 I hwservicemanager: Since android.hardware.keymaster@4.0::IKeymasterDevice/default is not registered, trying to start it as a lazy HAL.
12-04 05:09:11.701   402   402 I HidlServiceManagement: getService: Trying again for android.hardware.keymaster@4.0::IKeymasterDevice/default...
12-04 05:09:11.701   399   798 W libc    : Unable to set property "ctl.interface_start" to "android.hardware.keymaster@4.0::IKeymasterDevice/default": error code: 0x20
12-04 05:09:11.701   399   798 I hwservicemanager: Tried to start android.hardware.keymaster@4.0::IKeymasterDevice/default as a lazy service, but was unable to. Usually this happens when a service is not installed, but if the service is intended to be used as a lazy service, then it may be configured incorrectly.
12-04 05:09:11.701     0     0 E init    : Control message: Could not find 'android.hardware.keymaster@4.0::IKeymasterDevice/default' for ctl.interface_start from pid: 399 (/system/bin/hwservicemanager)
12-04 05:09:12.701   402   402 W HidlServiceManagement: Waited one second for android.hardware.keymaster@4.0::IKeymasterDevice/default
12-04 05:09:12.701   399   399 I hwservicemanager: Since android.hardware.keymaster@4.0::IKeymasterDevice/default is not registered, trying to start it as a lazy HAL.
12-04 05:09:12.701   402   402 I HidlServiceManagement: getService: Trying again for android.hardware.keymaster@4.0::IKeymasterDevice/default...
12-04 05:09:12.702   399   799 W libc    : Unable to set property "ctl.interface_start" to "android.hardware.keymaster@4.0::IKeymasterDevice/default": error code: 0x20
12-04 05:09:12.702   399   799 I hwservicemanager: Tried to start android.hardware.keymaster@4.0::IKeymasterDevice/default as a lazy service, but was unable to. Usually this happens when a service is not installed, but if the service is intended to be used as a lazy service, then it may be configured incorrectly.
12-04 05:09:12.702     0     0 E init    : Control message: Could not find 'android.hardware.keymaster@4.0::IKeymasterDevice/default' for ctl.interface_start from pid: 399 (/system/bin/hwservicemanager)
12-04 05:09:13.362     0     0 E wt_chg soc: qcom_wt_chg: chg_main_alarm_cb wt chg alarm triggered 123112
12-04 05:09:13.567     0     0 W healthd : battery l=100 v=4312 t=28.7 h=2 st=2 c=-263000 fc=6590000 cc=547 chg=u
12-04 05:09:13.702   402   402 W HidlServiceManagement: Waited one second for android.hardware.keymaster@4.0::IKeymasterDevice/default
12-04 05:09:13.702   399   399 I hwservicemanager: Since android.hardware.keymaster@4.0::IKeymasterDevice/default is not registered, trying to start it as a lazy HAL.
12-04 05:09:13.702   402   402 I HidlServiceManagement: getService: Trying again for android.hardware.keymaster@4.0::IKeymasterDevice/default...
12-04 05:09:13.703   399   800 W libc    : Unable to set property "ctl.interface_start" to "android.hardware.keymaster@4.0::IKeymasterDevice/default": error code: 0x20
12-04 05:09:13.703   399   800 I hwservicemanager: Tried to start android.hardware.keymaster@4.0::IKeymasterDevice/default as a lazy service, but was unable to. Usually this happens when a service is not installed, but if the service is intended to be used as a lazy service, then it may be configured incorrectly.
12-04 05:09:13.703     0     0 E init    : Control message: Could not find 'android.hardware.keymaster@4.0::IKeymasterDevice/default' for ctl.interface_start from pid: 399 (/system/bin/hwservicemanager)
12-04 05:09:14.703   402   402 W HidlServiceManagement: Waited one second for android.hardware.keymaster@4.0::IKeymasterDevice/default
12-04 05:09:14.703   399   399 I hwservicemanager: Since android.hardware.keymaster@4.0::IKeymasterDevice/default is not registered, trying to start it as a lazy HAL.
12-04 05:09:14.703   402   402 I HidlServiceManagement: getService: Trying again for android.hardware.keymaster@4.0::IKeymasterDevice/default...
12-04 05:09:14.704   399   801 W libc    : Unable to set property "ctl.interface_start" to "android.hardware.keymaster@4.0::IKeymasterDevice/default": error code: 0x20
12-04 05:09:14.704   399   801 I hwservicemanager: Tried to start android.hardware.keymaster@4.0::IKeymasterDevice/default as a lazy service, but was unable to. Usually this happens when a service is not installed, but if the service is intended to be used as a lazy service, then it may be configured incorrectly.
12-04 05:09:14.704     0     0 E init    : Control message: Could not find 'android.hardware.keymaster@4.0::IKeymasterDevice/default' for ctl.interface_start from pid: 399 (/system/bin/hwservicemanager)
12-04 05:09:15.703   402   402 W HidlServiceManagement: Waited one second for android.hardware.keymaster@4.0::IKeymasterDevice/default
12-04 05:09:15.704   399   399 I hwservicemanager: Since android.hardware.keymaster@4.0::IKeymasterDevice/default is not registered, trying to start it as a lazy HAL.
12-04 05:09:15.704   402   402 I HidlServiceManagement: getService: Trying again for android.hardware.keymaster@4.0::IKeymasterDevice/default...
12-04 05:09:15.705   399   802 W libc    : Unable to set property "ctl.interface_start" to "android.hardware.keymaster@4.0::IKeymasterDevice/default": error code: 0x20
12-04 05:09:15.705   399   802 I hwservicemanager: Tried to start android.hardware.keymaster@4.0::IKeymasterDevice/default as a lazy service, but was unable to. Usually this happens when a service is not installed, but if the service is intended to be used as a lazy service, then it may be configured incorrectly.
12-04 05:09:15.705     0     0 E init    : Control message: Could not find 'android.hardware.keymaster@4.0::IKeymasterDevice/default' for ctl.interface_start from pid: 399 (/system/bin/hwservicemanager)
12-04 05:09:16.170     0     0 E wt_chg soc: qcom_wt_chg: wt_chg_main now = 125920 resume_time = 130920
12-04 05:09:16.172     0     0 E bq2589x-1 1-006a: bq2589x_monitor_workfunc:vbus_type: 4, vbus volt:4700,vbat volt:4324,charge current:0, usb-switch1 1279, usb_switch_flag 0
12-04 05:09:16.172     0     0 I bq2589x-1 1-006a: bq2589x_monitor_workfunc:IINDPM occurred
12-04 05:09:16.173     0     0 E wt_chg soc: qcom_wt_chg: wtchg_float_charge_type_check vbus_online=1 real_type=4 float_recheck_cnt=0
12-04 05:09:16.176     0     0 E wt_chg soc: qcom_wt_chg: batt_protected_mode=0 batt_protected_mode_disable_charge=0 batt_protected_mode_disable_suspend=0
12-04 05:09:16.176     0     0 E wt_chg soc: qcom_wt_chg: batt_temp=287, jeita_status=2, board_temp=293,lcd_on=0
12-04 05:09:16.176     0     0 E wt_chg soc: qcom_wt_chg: jeita_batt_cv=4432, jeita_batt_cv_pre=4432, input_curr=500, input_curr_pre=500, slave_enable=0
12-04 05:09:16.176     0     0 E bq2589x-1 1-006a: set input current: 500
12-04 05:09:16.176     0     0 E bq2589x-1 1-006a: set usb suspend: 0
12-04 05:09:16.176     0     0 E sgm4151x-1 1-006b: set input suspend: 1
12-04 05:09:16.177     0     0 E wt_chg soc: qcom_wt_chg: type_ibatt=500, jeita_ibatt=4000, main_chg_ibatt=500, slave_chg_ibatt=0, chg_ibatt=500,chg_ibatt_pre=500
12-04 05:09:16.177     0     0 E chg_type: 4, vbus_online: 1, vbus_volt: 4700, chg_status: 1, batt_volt: 4312000, batt_current: -256000, temp: 287, health: 1, capacity: 100
12-04 05:09:16.177     0     0 E chg_temp: 317, usb_temp: 263, board_temp: 293, usb_online: 1, ac_online: 0, pd_active:0 typec_pr_role:2
12-04 05:09:16.177     0     0 I TCPC-TCPC: bat_update_work_func battery update soc = 100
12-04 05:09:16.177     0     0 I TCPC-TCPC: bat_update_work_func Battery Charging
12-04 05:09:16.181     0     0 W healthd : battery l=100 v=4312 t=28.7 h=2 st=2 c=-256000 fc=6590000 cc=547 chg=u
12-04 05:09:16.184     0     0 W healthd : battery l=100 v=4312 t=28.7 h=2 st=2 c=-256000 fc=6590000 cc=547 chg=u
12-04 05:09:16.186     0     0 W healthd : battery l=100 v=4312 t=28.7 h=2 st=2 c=-256000 fc=6590000 cc=547 chg=u
12-04 05:09:16.704   402   402 W HidlServiceManagement: Waited one second for android.hardware.keymaster@4.0::IKeymasterDevice/default
12-04 05:09:16.705   399   399 I hwservicemanager: Since android.hardware.keymaster@4.0::IKeymasterDevice/default is not registered, trying to start it as a lazy HAL.
12-04 05:09:16.705   402   402 I HidlServiceManagement: getService: Trying again for android.hardware.keymaster@4.0::IKeymasterDevice/default...
12-04 05:09:16.706   399   803 W libc    : Unable to set property "ctl.interface_start" to "android.hardware.keymaster@4.0::IKeymasterDevice/default": error code: 0x20
12-04 05:09:16.706   399   803 I hwservicemanager: Tried to start android.hardware.keymaster@4.0::IKeymasterDevice/default as a lazy service, but was unable to. Usually this happens when a service is not installed, but if the service is intended to be used as a lazy service, then it may be configured incorrectly.
12-04 05:09:16.705     0     0 E init    : Control message: Could not find 'android.hardware.keymaster@4.0::IKeymasterDevice/default' for ctl.interface_start from pid: 399 (/system/bin/hwservicemanager)
12-04 05:09:17.705   402   402 W HidlServiceManagement: Waited one second for android.hardware.keymaster@4.0::IKeymasterDevice/default
12-04 05:09:17.705   399   399 I hwservicemanager: Since android.hardware.keymaster@4.0::IKeymasterDevice/default is not registered, trying to start it as a lazy HAL.
12-04 05:09:17.706   402   402 I HidlServiceManagement: getService: Trying again for android.hardware.keymaster@4.0::IKeymasterDevice/default...
12-04 05:09:17.706   399   804 W libc    : Unable to set property "ctl.interface_start" to "android.hardware.keymaster@4.0::IKeymasterDevice/default": error code: 0x20
12-04 05:09:17.707   399   804 I hwservicemanager: Tried to start android.hardware.keymaster@4.0::IKeymasterDevice/default as a lazy service, but was unable to. Usually this happens when a service is not installed, but if the service is intended to be used as a lazy service, then it may be configured incorrectly.
12-04 05:09:17.706     0     0 E init    : Control message: Could not find 'android.hardware.keymaster@4.0::IKeymasterDevice/default' for ctl.interface_start from pid: 399 (/system/bin/hwservicemanager)
12-04 05:09:18.706   402   402 W HidlServiceManagement: Waited one second for android.hardware.keymaster@4.0::IKeymasterDevice/default
12-04 05:09:18.706   399   399 I hwservicemanager: Since android.hardware.keymaster@4.0::IKeymasterDevice/default is not registered, trying to start it as a lazy HAL.
12-04 05:09:18.707   402   402 I HidlServiceManagement: getService: Trying again for android.hardware.keymaster@4.0::IKeymasterDevice/default...
12-04 05:09:18.707   399   805 W libc    : Unable to set property "ctl.interface_start" to "android.hardware.keymaster@4.0::IKeymasterDevice/default": error code: 0x20
12-04 05:09:18.707   399   805 I hwservicemanager: Tried to start android.hardware.keymaster@4.0::IKeymasterDevice/default as a lazy service, but was unable to. Usually this happens when a service is not installed, but if the service is intended to be used as a lazy service, then it may be configured incorrectly.
12-04 05:09:18.707     0     0 E init    : Control message: Could not find 'android.hardware.keymaster@4.0::IKeymasterDevice/default' for ctl.interface_start from pid: 399 (/system/bin/hwservicemanager)
12-04 05:09:19.707   402   402 W HidlServiceManagement: Waited one second for android.hardware.keymaster@4.0::IKeymasterDevice/default
12-04 05:09:19.707   399   399 I hwservicemanager: Since android.hardware.keymaster@4.0::IKeymasterDevice/default is not registered, trying to start it as a lazy HAL.
12-04 05:09:19.708   402   402 I HidlServiceManagement: getService: Trying again for android.hardware.keymaster@4.0::IKeymasterDevice/default...
12-04 05:09:19.708   399   806 W libc    : Unable to set property "ctl.interface_start" to "android.hardware.keymaster@4.0::IKeymasterDevice/default": error code: 0x20
12-04 05:09:19.708   399   806 I hwservicemanager: Tried to start android.hardware.keymaster@4.0::IKeymasterDevice/default as a lazy service, but was unable to. Usually this happens when a service is not installed, but if the service is intended to be used as a lazy service, then it may be configured incorrectly.
12-04 05:09:19.708     0     0 E init    : Control message: Could not find 'android.hardware.keymaster@4.0::IKeymasterDevice/default' for ctl.interface_start from pid: 399 (/system/bin/hwservicemanager)
12-04 05:09:20.683     0     0 E EXT4-fs (dm-1): couldn't mount RDWR because of unsupported optional features (4000)
12-04 05:09:20.683     0     0 E EXT4-fs (dm-1): couldn't mount RDWR because of unsupported optional features (4000)
12-04 05:09:20.693     0     0 I EXT4-fs (dm-1): mounted filesystem without journal. Opts: barrier=1,discard
12-04 05:09:20.702     0     0 E EXT4-fs (dm-2): couldn't mount RDWR because of unsupported optional features (4000)
12-04 05:09:20.702     0     0 E EXT4-fs (dm-2): couldn't mount RDWR because of unsupported optional features (4000)
12-04 05:09:20.708   402   402 W HidlServiceManagement: Waited one second for android.hardware.keymaster@4.0::IKeymasterDevice/default
12-04 05:09:20.708   399   399 I hwservicemanager: Since android.hardware.keymaster@4.0::IKeymasterDevice/default is not registered, trying to start it as a lazy HAL.
12-04 05:09:20.709   402   402 I HidlServiceManagement: getService: Trying again for android.hardware.keymaster@4.0::IKeymasterDevice/default...
12-04 05:09:20.709   399   808 W libc    : Unable to set property "ctl.interface_start" to "android.hardware.keymaster@4.0::IKeymasterDevice/default": error code: 0x20
12-04 05:09:20.710   399   808 I hwservicemanager: Tried to start android.hardware.keymaster@4.0::IKeymasterDevice/default as a lazy service, but was unable to. Usually this happens when a service is not installed, but if the service is intended to be used as a lazy service, then it may be configured incorrectly.
12-04 05:09:20.709     0     0 E init    : Control message: Could not find 'android.hardware.keymaster@4.0::IKeymasterDevice/default' for ctl.interface_start from pid: 399 (/system/bin/hwservicemanager)
12-04 05:09:20.712     0     0 I EXT4-fs (dm-2): mounted filesystem without journal. Opts: barrier=1,discard
12-04 05:09:20.719     0     0 E EXT4-fs (dm-3): couldn't mount RDWR because of unsupported optional features (4000)
12-04 05:09:20.719     0     0 E EXT4-fs (dm-3): couldn't mount RDWR because of unsupported optional features (4000)
12-04 05:09:20.727     0     0 E EXT4-fs (dm-0): couldn't mount RDWR because of unsupported optional features (4000)
12-04 05:09:20.727     0     0 E EXT4-fs (dm-0): couldn't mount RDWR because of unsupported optional features (4000)
12-04 05:09:20.738     0     0 I EXT4-fs (dm-0): mounted filesystem without journal. Opts: barrier=1,discard
12-04 05:09:21.709   402   402 W HidlServiceManagement: Waited one second for android.hardware.keymaster@4.0::IKeymasterDevice/default
12-04 05:09:21.709   399   399 I hwservicemanager: Since android.hardware.keymaster@4.0::IKeymasterDevice/default is not registered, trying to start it as a lazy HAL.
12-04 05:09:21.710   402   402 I HidlServiceManagement: getService: Trying again for android.hardware.keymaster@4.0::IKeymasterDevice/default...
12-04 05:09:21.710   399   811 W libc    : Unable to set property "ctl.interface_start" to "android.hardware.keymaster@4.0::IKeymasterDevice/default": error code: 0x20
12-04 05:09:21.711   399   811 I hwservicemanager: Tried to start android.hardware.keymaster@4.0::IKeymasterDevice/default as a lazy service, but was unable to. Usually this happens when a service is not installed, but if the service is intended to be used as a lazy service, then it may be configured incorrectly.
12-04 05:09:21.710     0     0 E init    : Control message: Could not find 'android.hardware.keymaster@4.0::IKeymasterDevice/default' for ctl.interface_start from pid: 399 (/system/bin/hwservicemanager)
12-04 05:09:22.710   402   402 W HidlServiceManagement: Waited one second for android.hardware.keymaster@4.0::IKeymasterDevice/default
12-04 05:09:22.710   399   399 I hwservicemanager: Since android.hardware.keymaster@4.0::IKeymasterDevice/default is not registered, trying to start it as a lazy HAL.
12-04 05:09:22.711   402   402 I HidlServiceManagement: getService: Trying again for android.hardware.keymaster@4.0::IKeymasterDevice/default...
12-04 05:09:22.711   399   812 W libc    : Unable to set property "ctl.interface_start" to "android.hardware.keymaster@4.0::IKeymasterDevice/default": error code: 0x20
12-04 05:09:22.711   399   812 I hwservicemanager: Tried to start android.hardware.keymaster@4.0::IKeymasterDevice/default as a lazy service, but was unable to. Usually this happens when a service is not installed, but if the service is intended to be used as a lazy service, then it may be configured incorrectly.
12-04 05:09:22.711     0     0 E init    : Control message: Could not find 'android.hardware.keymaster@4.0::IKeymasterDevice/default' for ctl.interface_start from pid: 399 (/system/bin/hwservicemanager)
12-04 05:09:23.711   402   402 W HidlServiceManagement: Waited one second for android.hardware.keymaster@4.0::IKeymasterDevice/default
12-04 05:09:23.711   399   399 I hwservicemanager: Since android.hardware.keymaster@4.0::IKeymasterDevice/default is not registered, trying to start it as a lazy HAL.
12-04 05:09:23.711   402   402 I HidlServiceManagement: getService: Trying again for android.hardware.keymaster@4.0::IKeymasterDevice/default...
12-04 05:09:23.712   399   813 W libc    : Unable to set property "ctl.interface_start" to "android.hardware.keymaster@4.0::IKeymasterDevice/default": error code: 0x20
12-04 05:09:23.712   399   813 I hwservicemanager: Tried to start android.hardware.keymaster@4.0::IKeymasterDevice/default as a lazy service, but was unable to. Usually this happens when a service is not installed, but if the service is intended to be used as a lazy service, then it may be configured incorrectly.
12-04 05:09:23.712     0     0 E init    : Control message: Could not find 'android.hardware.keymaster@4.0::IKeymasterDevice/default' for ctl.interface_start from pid: 399 (/system/bin/hwservicemanager)
12-04 05:09:24.712   402   402 W HidlServiceManagement: Waited one second for android.hardware.keymaster@4.0::IKeymasterDevice/default
12-04 05:09:24.712   399   399 I hwservicemanager: Since android.hardware.keymaster@4.0::IKeymasterDevice/default is not registered, trying to start it as a lazy HAL.
12-04 05:09:24.712   402   402 I HidlServiceManagement: getService: Trying again for android.hardware.keymaster@4.0::IKeymasterDevice/default...
12-04 05:09:24.713   399   814 W libc    : Unable to set property "ctl.interface_start" to "android.hardware.keymaster@4.0::IKeymasterDevice/default": error code: 0x20
12-04 05:09:24.713   399   814 I hwservicemanager: Tried to start android.hardware.keymaster@4.0::IKeymasterDevice/default as a lazy service, but was unable to. Usually this happens when a service is not installed, but if the service is intended to be used as a lazy service, then it may be configured incorrectly.
12-04 05:09:24.713     0     0 E init    : Control message: Could not find 'android.hardware.keymaster@4.0::IKeymasterDevice/default' for ctl.interface_start from pid: 399 (/system/bin/hwservicemanager)
12-04 05:09:25.527     0     0 I TCPC-TCPC: Alert:0x0001, Mask:0x23067f
12-04 05:09:25.527     0     0 I TCPC-TYPEC: [CC_Alert] 0/0
12-04 05:09:25.531   753   758 I adbd    : USB event: FUNCTIONFS_SUSPEND
12-04 05:09:25.531     0     0 I msm-dwc3 4e00000.ssusb: Avail curr from USB = 2
12-04 05:09:25.531     0     0 E         : Set prop 145 is not supported in usb psy
12-04 05:09:25.537   753   758 I adbd    : USB event: FUNCTIONFS_DISABLE
12-04 05:09:25.537   753   760 I adbd    : UsbFfs: connection terminated: read 2 failed with error Cannot send after transport endpoint shutdown
12-04 05:09:25.537   753   753 I adbd    : UsbFfs: offline
12-04 05:09:25.538   753   753 I adbd    : destroying transport UsbFfs
12-04 05:09:25.538   753   753 I adbd    : UsbFfsConnection being destroyed
12-04 05:09:25.535     0     0 I TCPC-TCPC: Alert:0x0002, Mask:0x23067f
12-04 05:09:25.535     0     0 I TCPC-TCPC: ps_change=1
12-04 05:09:25.536     0     0 I TCPC-TYPEC: ** UnattachWait.PE
12-04 05:09:25.536     0     0 I TCPC-TYPEC: Attached-> NULL
12-04 05:09:25.536     0     0 I TCPC-TCPC: usb_port_detached
12-04 05:09:25.536     0     0 E rt-pd-manager soc: rt-pd-manager: lsw pd_tcp_notifier_call 425!!
12-04 05:09:25.536     0     0 I TCPC-PE : PD-> IDLE1
12-04 05:09:25.536     0     0 I TCPC-PE : PD-> IDLE2
12-04 05:09:25.536     0     0 I rt-pd-manager soc: rt-pd-manager: pd_tcp_notifier_call Charger plug out
12-04 05:09:25.536     0     0 E bq2589x-1 1-006a: bq2589x_set_charger_work:wt_hvdcp = 4
12-04 05:09:25.536     0     0 I rt-pd-manager soc: rt-pd-manager: usb_dwork_handler Idle
12-04 05:09:25.537     0     0 I         : mtp_release
12-04 05:09:25.537     0     0 I android_work: sent uevent USB_STATE=DISCONNECTED
12-04 05:09:25.538     0     0 I TCPC-PE : pd_state=0
12-04 05:09:25.539     0     0 I TCPC-TYPEC: ** Unattached.SNK
12-04 05:09:25.539     0     0 I msm-dwc3 4e00000.ssusb: DWC3 in low power mode
12-04 05:09:25.540     0     0 I TCPC-TCPC: Alert:0x0001, Mask:0x21067f
12-04 05:09:25.540     0     0 I TCPC-TYPEC: [CC_Alert] 15/15
12-04 05:09:25.546     0     0 E rt-pd-manager soc: rt-pd-manager: lsw pd_tcp_notifier_call 425!!
12-04 05:09:25.546     0     0 I rt-pd-manager soc: rt-pd-manager: pd_tcp_notifier_call pd state = 0
12-04 05:09:25.546     0     0 E rt-pd-manager soc: rt-pd-manager: lsw pd_tcp_notifier_call 425!!
12-04 05:09:25.546     0     0 I rt-pd-manager soc: rt-pd-manager: pd_tcp_notifier_call sink vbus 0mV 0mA type(0x00)
12-04 05:09:25.546     0     0 E rt-pd-manager soc: rt-pd-manager: lsw pd_tcp_notifier_call 425!!
12-04 05:09:25.546     0     0 I rt-pd-manager soc: rt-pd-manager: pd_tcp_notifier_call source vbus 0mV
12-04 05:09:25.547     0     0 E bq2589x-1 1-006a: set otg_status: 0
12-04 05:09:25.547     0     0 E rt-pd-manager soc: rt-pd-manager: lsw pd_tcp_notifier_call 425!!
12-04 05:09:25.547     0     0 I rt-pd-manager soc: rt-pd-manager: pd_tcp_notifier_call ext discharge = 1
12-04 05:09:25.548     0     0 E bq2589x-1 1-006a: bq2589x_monitor_workfunc:vbus_type: 0, vbus volt:4700,vbat volt:4324,charge current:0, usb-switch1 1279, usb_switch_flag 1
12-04 05:09:25.548     0     0 I bq2589x-1 1-006a: bq2589x_adapter_out_workfunc:reset vindpm threshold to 4400 successfully
12-04 05:09:25.570     0     0 E         : wtchg_set_usb_online capacity=100 protect=0 batt_protected_mode=0
12-04 05:09:25.570     0     0 E wt_chg soc: qcom_wt_chg: wtchg_set_charge_work: start !!
12-04 05:09:25.570     0     0 E bq2589x-1 1-006a: bq2589x_charger_irq_workfunc:adapter removed
12-04 05:09:25.570     0     0 E bq2589x-1 1-006a: bq2589x_charger_irq_workfunc:usb_online: 0, chg_status: 2, chg_fault: 0x0
12-04 05:09:25.570     0     0 E wt_chg soc: qcom_wt_chg: wt_chg_main now = 135320 resume_time = 140320
12-04 05:09:25.577     0     0 E wt_chg soc: qcom_wt_chg: wtchg_float_charge_type_check vbus_online=0 real_type=0 float_recheck_cnt=0
12-04 05:09:25.577     0     0 E sgm4151x-1 1-006b: set slave charge: input current: 500
12-04 05:09:25.577     0     0 E sgm4151x-1 1-006b: set slave charge: enable: 0
12-04 05:09:25.586     0     0 E sgm4151x-1 1-006b: set input suspend: 1
12-04 05:09:25.587     0     0 E bq2589x-1 1-006a: set charge current: 500
12-04 05:09:25.587     0     0 E bq2589x-1 1-006a: set input current: 500
12-04 05:09:25.587     0     0 E wt_chg soc: qcom_wt_chg: batt_protected_mode=0 batt_protected_mode_disable_charge=0 batt_protected_mode_disable_suspend=0
12-04 05:09:25.588     0     0 E chg_type: 0, vbus_online: 0, vbus_volt: 0, chg_status: 2, batt_volt: 4308000, batt_current: -294000, temp: 287, health: 1, capacity: 100
12-04 05:09:25.588     0     0 E chg_temp: 317, usb_temp: 263, board_temp: 293, usb_online: 0, ac_online: 0, pd_active:0 typec_pr_role:0
12-04 05:09:25.588     0     0 I TCPC-TCPC: bat_update_work_func battery update soc = 100
12-04 05:09:25.588     0     0 I TCPC-TCPC: bat_update_work_func Battery Discharging
12-04 05:09:25.588     0     0 I TCPC-PD-ERR: pd_put_tcp_event failed0
12-04 05:09:25.590     0     0 E rt-pd-manager soc: rt-pd-manager: lsw pd_tcp_notifier_call 425!!
12-04 05:09:25.590     0     0 I rt-pd-manager soc: rt-pd-manager: pd_tcp_notifier_call ext discharge = 0
12-04 05:09:25.591     0     0 W healthd : battery l=100 v=4308 t=28.7 h=2 st=3 c=-294000 fc=6590000 cc=547 chg=
12-04 05:09:25.593     0     0 W healthd : battery l=100 v=4308 t=28.7 h=2 st=3 c=-294000 fc=6590000 cc=547 chg=
12-04 05:09:25.595     0     0 W healthd : battery l=100 v=4308 t=28.7 h=2 st=3 c=-294000 fc=6590000 cc=547 chg=
12-04 05:09:25.642   753   757 I adbd    : opening control endpoint /dev/usb-ffs/adb/ep0
12-04 05:09:25.643   753   757 I adbd    : UsbFfsConnection constructed
12-04 05:09:25.643   753   817 I adbd    : UsbFfs-monitor thread spawned
12-04 05:09:25.646   753   817 I adbd    : USB event: FUNCTIONFS_BIND
12-04 05:09:25.642     0     0 E dwc3 4e00000.dwc3: Unable to dequeue while in LPM
12-04 05:09:25.642     0     0 I         : read descriptors
12-04 05:09:25.642     0     0 I         : read strings
12-04 05:09:25.643     0     0 I init    : processing action (sys.usb.config=mtp,adb && sys.usb.configfs=1 && sys.usb.ffs.ready=1) from (/init.tb128fu_usb.rc:90)
12-04 05:09:25.644     0     0 I init    : Command 'rm /config/usb_gadget/g1/configs/b.1/f3' action=sys.usb.config=mtp,adb && sys.usb.configfs=1 && sys.usb.ffs.ready=1 (/init.tb128fu_usb.rc:97) took 0ms and failed: unlink() failed: No such file or directory
12-04 05:09:25.646     0     0 I android_work: did not send uevent (0 0 0000000000000000)
12-04 05:09:25.712   402   402 W HidlServiceManagement: Waited one second for android.hardware.keymaster@4.0::IKeymasterDevice/default
12-04 05:09:25.713   399   399 I hwservicemanager: Since android.hardware.keymaster@4.0::IKeymasterDevice/default is not registered, trying to start it as a lazy HAL.
12-04 05:09:25.713   402   402 I HidlServiceManagement: getService: Trying again for android.hardware.keymaster@4.0::IKeymasterDevice/default...
12-04 05:09:25.714   399   818 W libc    : Unable to set property "ctl.interface_start" to "android.hardware.keymaster@4.0::IKeymasterDevice/default": error code: 0x20
12-04 05:09:25.714   399   818 I hwservicemanager: Tried to start android.hardware.keymaster@4.0::IKeymasterDevice/default as a lazy service, but was unable to. Usually this happens when a service is not installed, but if the service is intended to be used as a lazy service, then it may be configured incorrectly.
12-04 05:09:25.713     0     0 E init    : Control message: Could not find 'android.hardware.keymaster@4.0::IKeymasterDevice/default' for ctl.interface_start from pid: 399 (/system/bin/hwservicemanager)
12-04 05:09:26.337     0     0 I         : mtp_open
12-04 05:09:26.713   402   402 W HidlServiceManagement: Waited one second for android.hardware.keymaster@4.0::IKeymasterDevice/default
12-04 05:09:26.714   399   399 I hwservicemanager: Since android.hardware.keymaster@4.0::IKeymasterDevice/default is not registered, trying to start it as a lazy HAL.
12-04 05:09:26.714   402   402 I HidlServiceManagement: getService: Trying again for android.hardware.keymaster@4.0::IKeymasterDevice/default...
12-04 05:09:26.715   399   819 W libc    : Unable to set property "ctl.interface_start" to "android.hardware.keymaster@4.0::IKeymasterDevice/default": error code: 0x20
12-04 05:09:26.715   399   819 I hwservicemanager: Tried to start android.hardware.keymaster@4.0::IKeymasterDevice/default as a lazy service, but was unable to. Usually this happens when a service is not installed, but if the service is intended to be used as a lazy service, then it may be configured incorrectly.
12-04 05:09:26.714     0     0 E init    : Control message: Could not find 'android.hardware.keymaster@4.0::IKeymasterDevice/default' for ctl.interface_start from pid: 399 (/system/bin/hwservicemanager)
12-04 05:09:27.714   402   402 W HidlServiceManagement: Waited one second for android.hardware.keymaster@4.0::IKeymasterDevice/default
12-04 05:09:27.714   399   399 I hwservicemanager: Since android.hardware.keymaster@4.0::IKeymasterDevice/default is not registered, trying to start it as a lazy HAL.
12-04 05:09:27.715   402   402 I HidlServiceManagement: getService: Trying again for android.hardware.keymaster@4.0::IKeymasterDevice/default...
12-04 05:09:27.715   399   820 W libc    : Unable to set property "ctl.interface_start" to "android.hardware.keymaster@4.0::IKeymasterDevice/default": error code: 0x20
12-04 05:09:27.715   399   820 I hwservicemanager: Tried to start android.hardware.keymaster@4.0::IKeymasterDevice/default as a lazy service, but was unable to. Usually this happens when a service is not installed, but if the service is intended to be used as a lazy service, then it may be configured incorrectly.
12-04 05:09:27.715     0     0 E init    : Control message: Could not find 'android.hardware.keymaster@4.0::IKeymasterDevice/default' for ctl.interface_start from pid: 399 (/system/bin/hwservicemanager)
12-04 05:09:28.715   402   402 W HidlServiceManagement: Waited one second for android.hardware.keymaster@4.0::IKeymasterDevice/default
12-04 05:09:28.715   399   399 I hwservicemanager: Since android.hardware.keymaster@4.0::IKeymasterDevice/default is not registered, trying to start it as a lazy HAL.
12-04 05:09:28.716   402   402 I HidlServiceManagement: getService: Trying again for android.hardware.keymaster@4.0::IKeymasterDevice/default...
12-04 05:09:28.716   399   821 W libc    : Unable to set property "ctl.interface_start" to "android.hardware.keymaster@4.0::IKeymasterDevice/default": error code: 0x20
12-04 05:09:28.716   399   821 I hwservicemanager: Tried to start android.hardware.keymaster@4.0::IKeymasterDevice/default as a lazy service, but was unable to. Usually this happens when a service is not installed, but if the service is intended to be used as a lazy service, then it may be configured incorrectly.
12-04 05:09:28.716     0     0 E init    : Control message: Could not find 'android.hardware.keymaster@4.0::IKeymasterDevice/default' for ctl.interface_start from pid: 399 (/system/bin/hwservicemanager)
12-04 05:09:29.716   402   402 W HidlServiceManagement: Waited one second for android.hardware.keymaster@4.0::IKeymasterDevice/default
12-04 05:09:29.716   399   399 I hwservicemanager: Since android.hardware.keymaster@4.0::IKeymasterDevice/default is not registered, trying to start it as a lazy HAL.
12-04 05:09:29.716   402   402 I HidlServiceManagement: getService: Trying again for android.hardware.keymaster@4.0::IKeymasterDevice/default...
12-04 05:09:29.717   399   822 W libc    : Unable to set property "ctl.interface_start" to "android.hardware.keymaster@4.0::IKeymasterDevice/default": error code: 0x20
12-04 05:09:29.717   399   822 I hwservicemanager: Tried to start android.hardware.keymaster@4.0::IKeymasterDevice/default as a lazy service, but was unable to. Usually this happens when a service is not installed, but if the service is intended to be used as a lazy service, then it may be configured incorrectly.
12-04 05:09:29.717     0     0 E init    : Control message: Could not find 'android.hardware.keymaster@4.0::IKeymasterDevice/default' for ctl.interface_start from pid: 399 (/system/bin/hwservicemanager)
12-04 05:09:29.960     0     0 I TCPC-TCPC: Alert:0x30001, Mask:0x21067f
12-04 05:09:29.960     0     0 I TCPC-TCPC: Wakeup
12-04 05:09:29.960     0     0 I TCPC-TCPC: wakeup_timer
12-04 05:09:29.961     0     0 I TCPC-TYPEC: [CC_Alert] 0/2
12-04 05:09:29.961     0     0 I TCPC-TCPC: [Warning] ps_changed 1 -> 0
12-04 05:09:29.962     0     0 I TCPC-TYPEC: ** AttachWait.SRC
12-04 05:09:29.962     0     0 I TCPC-TCPC: Alert:0x20000, Mask:0x23067f
12-04 05:09:29.963     0     0 I TCPC-TCPC: ps_change=0
12-04 05:09:30.082     0     0 I TCPC-TYPEC: [CC_Change] 0/2
12-04 05:09:30.082     0     0 I TCPC-TYPEC: ** Try.SNK
12-04 05:09:30.082     0     0 I TCPC-TCPC: Alert:0x0001, Mask:0x23067f
12-04 05:09:30.083     0     0 I TCPC-TYPEC: [CC_Alert] 0/0
12-04 05:09:30.184     0     0 I TCPC-TYPEC: [CC_Change] 0/0
12-04 05:09:30.184     0     0 I TCPC-TYPEC: ** TryWait.SRC
12-04 05:09:30.184     0     0 E rt-pd-manager soc: rt-pd-manager: lsw pd_tcp_notifier_call 425!!
12-04 05:09:30.184     0     0 I rt-pd-manager soc: rt-pd-manager: pd_tcp_notifier_call sink vbus 0mV 0mA type(0x01)
12-04 05:09:30.185     0     0 I TCPC-TCPC: Alert:0x0001, Mask:0x23067f
12-04 05:09:30.185     0     0 I TCPC-TYPEC: [CC_Alert] 0/2
12-04 05:09:30.198     0     0 I TCPC-TYPEC: [CC_Change] 0/2
12-04 05:09:30.198     0     0 I TCPC-TYPEC: ** Attached.SRC
12-04 05:09:30.198     0     0 I TCPC-TYPEC: wait_ps=SRC_VSafe5V
12-04 05:09:30.198     0     0 E rt-pd-manager soc: rt-pd-manager: lsw pd_tcp_notifier_call 425!!
12-04 05:09:30.198     0     0 E rt-pd-manager soc: rt-pd-manager: lsw pd_tcp_notifier_call 425!!
12-04 05:09:30.198     0     0 I rt-pd-manager soc: rt-pd-manager: pd_tcp_notifier_call source vbus 5000mV
12-04 05:09:30.212     0     0 E bq2589x-1 1-006a: set otg_status: 1
12-04 05:09:30.215     0     0 I TCPC-TCPC: Alert:0x0002, Mask:0x23067f
12-04 05:09:30.215     0     0 I TCPC-TCPC: ps_change=2
12-04 05:09:30.216     0     0 I TCPC-TYPEC: wait_ps=Disable
12-04 05:09:30.216     0     0 I TCPC-TYPEC: Attached-> SOURCE
12-04 05:09:30.216     0     0 I TCPC-TCPC: usb_port_attached
12-04 05:09:30.216     0     0 E rt-pd-manager soc: rt-pd-manager: lsw pd_tcp_notifier_call 425!!
12-04 05:09:30.216     0     0 I rt-pd-manager soc: rt-pd-manager: pd_tcp_notifier_call OTG plug in, polarity = 1
12-04 05:09:30.216     0     0 I         : TCPC-DC> dc_dfp_none
12-04 05:09:30.216     0     0 I TCPC-DP : dp_dfp_u_discover_id
12-04 05:09:30.216     0     0 I         : TCPC-DC> dc_dfp_discover_id
12-04 05:09:30.216     0     0 I TCPC-PE : PD-> SRC_START
12-04 05:09:30.221     0     0 I rt-pd-manager soc: rt-pd-manager: usb_dwork_handler Host
12-04 05:09:30.221     0     0 E rt-pd-manager soc: rt-pd-manager: usb_dwork_handler usb host
12-04 05:09:30.227     0     0 I msm-dwc3 4e00000.ssusb: DWC3 exited from low power mode
12-04 05:09:30.228     0     0 I xhci-hcd.0.auto: xHCI Host Controller
12-04 05:09:30.228     0     0 I xhci-hcd.0.auto: new USB bus registered, assigned bus number 1
12-04 05:09:30.228     0     0 I xhci-hcd.0.auto: hcc params 0x0230fe65 hci version 0x110 quirks 0x0000000000010810
12-04 05:09:30.228     0     0 I xhci-hcd.0.auto: irq 200, io mem 0x04e00000
12-04 05:09:30.228     0     0 I usb1    : New USB device found, idVendor=1d6b, idProduct=0002, bcdDevice= 4.19
12-04 05:09:30.228     0     0 I usb1    : New USB device strings: Mfr=3, Product=2, SerialNumber=1
12-04 05:09:30.228     0     0 I usb1    : Product: xHCI Host Controller
12-04 05:09:30.228     0     0 I usb1    : Manufacturer: Linux 4.19.292-Grass-perf xhci-hcd
12-04 05:09:30.228     0     0 I usb1    : SerialNumber: xhci-hcd.0.auto
12-04 05:09:30.228     0     0 I hub 1-0 : 1.0: USB hub found
12-04 05:09:30.228     0     0 I hub 1-0 : 1.0: 1 port detected
12-04 05:09:30.229     0     0 I xhci-hcd.0.auto: xHCI Host Controller
12-04 05:09:30.229     0     0 I xhci-hcd.0.auto: new USB bus registered, assigned bus number 2
12-04 05:09:30.229     0     0 I xhci-hcd.0.auto: Host supports USB 3.0 SuperSpeed
12-04 05:09:30.230     0     0 I usb2    : New USB device found, idVendor=1d6b, idProduct=0003, bcdDevice= 4.19
12-04 05:09:30.230     0     0 I usb2    : New USB device strings: Mfr=3, Product=2, SerialNumber=1
12-04 05:09:30.230     0     0 I usb2    : Product: xHCI Host Controller
12-04 05:09:30.230     0     0 I usb2    : Manufacturer: Linux 4.19.292-Grass-perf xhci-hcd
12-04 05:09:30.230     0     0 I usb2    : SerialNumber: xhci-hcd.0.auto
12-04 05:09:30.230     0     0 I hub 2-0 : 1.0: USB hub found
12-04 05:09:30.230     0     0 I hub 2-0 : 1.0: 1 port detected
12-04 05:09:30.237     0     0 I TCPC-PE-EVT: timer
12-04 05:09:30.237     0     0 I TCPC-PE-EVT: tcp_event(disc_cable), 28
12-04 05:09:30.237     0     0 I TCPC-PE : VDM-> SRC_VDM_ID_REQ
12-04 05:09:30.243     0     0 I TCPC-TCPC: Alert:0x0010, Mask:0x23067f
12-04 05:09:30.243     0     0 I TCPC-PE-EVT: tx_err
12-04 05:09:30.243     0     0 I TCPC-PE : VDM-> SRC_VDM_ID_NAK
12-04 05:09:30.263     0     0 I TCPC-PE-EVT: timer
12-04 05:09:30.263     0     0 I TCPC-PE : PD-> SRC_SEND_CAP
12-04 05:09:30.269     0     0 I TCPC-TCPC: Alert:0x0010, Mask:0x23067f
12-04 05:09:30.269     0     0 I TCPC-PE-EVT: tx_err
12-04 05:09:30.269     0     0 I TCPC-PE : PD-> SRC_DISC
12-04 05:09:30.312     0     0 I TCPC-PE-EVT: timer
12-04 05:09:30.312     0     0 I TCPC-PE-EVT: tcp_event(disc_cable), 28
12-04 05:09:30.312     0     0 I TCPC-PE : VDM-> SRC_VDM_ID_REQ
12-04 05:09:30.318     0     0 I TCPC-TCPC: Alert:0x0010, Mask:0x23067f
12-04 05:09:30.318     0     0 I TCPC-PE-EVT: tx_err
12-04 05:09:30.318     0     0 I TCPC-PE : VDM-> SRC_VDM_ID_NAK
12-04 05:09:30.318     0     0 I TCPC-PE : cable_rev=1
12-04 05:09:30.338     0     0 I TCPC-PE-EVT: timer
12-04 05:09:30.390     0     0 I TCPC-PE-EVT: timer
12-04 05:09:30.390     0     0 I TCPC-PE : PD-> SRC_SEND_CAP
12-04 05:09:30.396     0     0 I TCPC-TCPC: Alert:0x0010, Mask:0x23067f
12-04 05:09:30.396     0     0 I TCPC-PE-EVT: tx_err
12-04 05:09:30.396     0     0 I TCPC-PE : PD-> SRC_DISC
12-04 05:09:30.438     0     0 I TCPC-PE-EVT: timer
12-04 05:09:30.438     0     0 I TCPC-PE-EVT: tcp_event(disc_cable), 28
12-04 05:09:30.438     0     0 I TCPC-PE : VDM-> SRC_VDM_ID_REQ
12-04 05:09:30.446     0     0 I TCPC-TCPC: Alert:0x0010, Mask:0x23067f
12-04 05:09:30.446     0     0 I TCPC-PE-EVT: tx_err
12-04 05:09:30.446     0     0 I TCPC-PE : VDM-> SRC_VDM_ID_NAK
12-04 05:09:30.455     0     0 E sgm4151x-1 1-006b: sgm4151x_charger_irq_workfunc:usb_online: 1, chg_status: 2, chg_fault: 0x8, vindpm_status: 0x80
12-04 05:09:30.466     0     0 I TCPC-PE-EVT: timer
12-04 05:09:30.466     0     0 I usb 1-1 : new low-speed USB device number 2 using xhci-hcd
12-04 05:09:30.516     0     0 I TCPC-PE-EVT: timer
12-04 05:09:30.516     0     0 I TCPC-PE : PD-> SRC_SEND_CAP
12-04 05:09:30.522     0     0 I TCPC-TCPC: Alert:0x0010, Mask:0x23067f
12-04 05:09:30.522     0     0 I TCPC-PE-EVT: tx_err
12-04 05:09:30.522     0     0 I TCPC-PE : PD-> SRC_DISC
12-04 05:09:30.605     0     0 I usb 1-1 : New USB device found, idVendor=275d, idProduct=0ba6, bcdDevice= 1.00
12-04 05:09:30.605     0     0 I usb 1-1 : New USB device strings: Mfr=0, Product=1, SerialNumber=0
12-04 05:09:30.605     0     0 I usb 1-1 : Product: USB OPTICAL MOUSE
12-04 05:09:30.623     0     0 I input   : USB OPTICAL MOUSE  as /devices/platform/soc/4e00000.ssusb/4e00000.dwc3/xhci-hcd.0.auto/usb1/1-1/1-1:1.0/0003:275D:0BA6.0001/input/input4
12-04 05:09:30.642     0     0 I TCPC-PE-EVT: timer
12-04 05:09:30.642     0     0 I TCPC-PE : PD-> SRC_SEND_CAP
12-04 05:09:30.648     0     0 I TCPC-TCPC: Alert:0x0010, Mask:0x23067f
12-04 05:09:30.648     0     0 I TCPC-PE-EVT: tx_err
12-04 05:09:30.648     0     0 I TCPC-PE : PD-> SRC_DISC
12-04 05:09:30.678     0     0 I hid-generic 0003: 275D:0BA6.0001: input: USB HID v1.11 Mouse [USB OPTICAL MOUSE ] on usb-xhci-hcd.0.auto-1/input0
12-04 05:09:30.717   402   402 W HidlServiceManagement: Waited one second for android.hardware.keymaster@4.0::IKeymasterDevice/default
12-04 05:09:30.717   399   399 I hwservicemanager: Since android.hardware.keymaster@4.0::IKeymasterDevice/default is not registered, trying to start it as a lazy HAL.
12-04 05:09:30.717   402   402 I HidlServiceManagement: getService: Trying again for android.hardware.keymaster@4.0::IKeymasterDevice/default...
12-04 05:09:30.718   399   823 W libc    : Unable to set property "ctl.interface_start" to "android.hardware.keymaster@4.0::IKeymasterDevice/default": error code: 0x20
12-04 05:09:30.718     0     0 E init    : Control message: Could not find 'android.hardware.keymaster@4.0::IKeymasterDevice/default' for ctl.interface_start from pid: 399 (/system/bin/hwservicemanager)
12-04 05:09:30.718   399   823 I hwservicemanager: Tried to start android.hardware.keymaster@4.0::IKeymasterDevice/default as a lazy service, but was unable to. Usually this happens when a service is not installed, but if the service is intended to be used as a lazy service, then it may be configured incorrectly.
12-04 05:09:30.768     0     0 I TCPC-PE-EVT: timer
12-04 05:09:30.768     0     0 I TCPC-PE : PD-> SRC_SEND_CAP
12-04 05:09:30.774     0     0 I TCPC-TCPC: Alert:0x0010, Mask:0x23067f
12-04 05:09:30.774     0     0 I TCPC-PE-EVT: tx_err
12-04 05:09:30.774     0     0 I TCPC-PE : PD-> SRC_DISC
12-04 05:09:30.894     0     0 I TCPC-PE-EVT: timer
12-04 05:09:30.894     0     0 I TCPC-PE : PD-> SRC_SEND_CAP
12-04 05:09:30.900     0     0 I TCPC-TCPC: Alert:0x0010, Mask:0x23067f
12-04 05:09:30.900     0     0 I TCPC-PE-EVT: tx_err
12-04 05:09:30.900     0     0 I TCPC-PE : PD-> SRC_DISC
12-04 05:09:31.020     0     0 I TCPC-PE-EVT: timer
12-04 05:09:31.020     0     0 I TCPC-PE : PD-> SRC_SEND_CAP
12-04 05:09:31.026     0     0 I TCPC-TCPC: Alert:0x0010, Mask:0x23067f
12-04 05:09:31.026     0     0 I TCPC-PE-EVT: tx_err
12-04 05:09:31.026     0     0 I TCPC-PE : PD-> SRC_DISC
12-04 05:09:31.146     0     0 I TCPC-PE-EVT: timer
12-04 05:09:31.146     0     0 I TCPC-PE : PD-> SRC_SEND_CAP
12-04 05:09:31.152     0     0 I TCPC-TCPC: Alert:0x0010, Mask:0x23067f
12-04 05:09:31.152     0     0 I TCPC-PE-EVT: tx_err
12-04 05:09:31.152     0     0 I TCPC-PE : PD-> SRC_DISC
12-04 05:09:31.272     0     0 I TCPC-PE-EVT: timer
12-04 05:09:31.272     0     0 I TCPC-PE : PD-> SRC_SEND_CAP
12-04 05:09:31.278     0     0 I TCPC-TCPC: Alert:0x0010, Mask:0x23067f
12-04 05:09:31.278     0     0 I TCPC-PE-EVT: tx_err
12-04 05:09:31.278     0     0 I TCPC-PE : PD-> SRC_DISC
12-04 05:09:31.398     0     0 I TCPC-PE-EVT: timer
12-04 05:09:31.398     0     0 I TCPC-PE : PD-> SRC_SEND_CAP
12-04 05:09:31.404     0     0 I TCPC-TCPC: Alert:0x0010, Mask:0x23067f
12-04 05:09:31.404     0     0 I TCPC-PE-EVT: tx_err
12-04 05:09:31.404     0     0 I TCPC-PE : PD-> SRC_DISC
12-04 05:09:31.524     0     0 I TCPC-PE-EVT: timer
12-04 05:09:31.524     0     0 I TCPC-PE : PD-> SRC_SEND_CAP
12-04 05:09:31.530     0     0 I TCPC-TCPC: Alert:0x0010, Mask:0x23067f
12-04 05:09:31.530     0     0 I TCPC-PE-EVT: tx_err
12-04 05:09:31.530     0     0 I TCPC-PE : PD-> SRC_DISC
12-04 05:09:31.650     0     0 I TCPC-PE-EVT: timer
12-04 05:09:31.650     0     0 I TCPC-PE : PD-> SRC_SEND_CAP
12-04 05:09:31.655     0     0 I TCPC-TCPC: Alert:0x0010, Mask:0x23067f
12-04 05:09:31.656     0     0 I TCPC-PE-EVT: tx_err
12-04 05:09:31.656     0     0 I TCPC-PE : PD-> SRC_DISC
12-04 05:09:31.717   402   402 W HidlServiceManagement: Waited one second for android.hardware.keymaster@4.0::IKeymasterDevice/default
12-04 05:09:31.718   399   399 I hwservicemanager: Since android.hardware.keymaster@4.0::IKeymasterDevice/default is not registered, trying to start it as a lazy HAL.
12-04 05:09:31.718   402   402 I HidlServiceManagement: getService: Trying again for android.hardware.keymaster@4.0::IKeymasterDevice/default...
12-04 05:09:31.719   399   824 W libc    : Unable to set property "ctl.interface_start" to "android.hardware.keymaster@4.0::IKeymasterDevice/default": error code: 0x20
12-04 05:09:31.719   399   824 I hwservicemanager: Tried to start android.hardware.keymaster@4.0::IKeymasterDevice/default as a lazy service, but was unable to. Usually this happens when a service is not installed, but if the service is intended to be used as a lazy service, then it may be configured incorrectly.
12-04 05:09:31.719     0     0 E init    : Control message: Could not find 'android.hardware.keymaster@4.0::IKeymasterDevice/default' for ctl.interface_start from pid: 399 (/system/bin/hwservicemanager)
12-04 05:09:31.776     0     0 I TCPC-PE-EVT: timer
12-04 05:09:31.776     0     0 I TCPC-PE : PD-> SRC_SEND_CAP
12-04 05:09:31.781     0     0 I TCPC-TCPC: Alert:0x0010, Mask:0x23067f
12-04 05:09:31.782     0     0 I TCPC-PE-EVT: tx_err
12-04 05:09:31.782     0     0 I TCPC-PE : PD-> SRC_DISC
12-04 05:09:31.902     0     0 I TCPC-PE-EVT: timer
12-04 05:09:31.902     0     0 I TCPC-PE : PD-> SRC_SEND_CAP
12-04 05:09:31.907     0     0 I TCPC-TCPC: Alert:0x0010, Mask:0x23067f
12-04 05:09:31.908     0     0 I TCPC-PE-EVT: tx_err
12-04 05:09:31.908     0     0 I TCPC-PE : PD-> SRC_DISC
12-04 05:09:32.028     0     0 I TCPC-PE-EVT: timer
12-04 05:09:32.028     0     0 I TCPC-PE : PD-> SRC_SEND_CAP
12-04 05:09:32.033     0     0 I TCPC-TCPC: Alert:0x0010, Mask:0x23067f
12-04 05:09:32.034     0     0 I TCPC-PE-EVT: tx_err
12-04 05:09:32.034     0     0 I TCPC-PE : PD-> SRC_DISC
12-04 05:09:32.154     0     0 I TCPC-PE-EVT: timer
12-04 05:09:32.154     0     0 I TCPC-PE : PD-> SRC_SEND_CAP
12-04 05:09:32.159     0     0 I TCPC-TCPC: Alert:0x0010, Mask:0x23067f
12-04 05:09:32.159     0     0 I TCPC-PE-EVT: tx_err
12-04 05:09:32.159     0     0 I TCPC-PE : PD-> SRC_DISC
12-04 05:09:32.280     0     0 I TCPC-PE-EVT: timer
12-04 05:09:32.280     0     0 I TCPC-PE : PD-> SRC_SEND_CAP
12-04 05:09:32.285     0     0 I TCPC-TCPC: Alert:0x0010, Mask:0x23067f
12-04 05:09:32.285     0     0 I TCPC-PE-EVT: tx_err
12-04 05:09:32.285     0     0 I TCPC-PE : PD-> SRC_DISC
12-04 05:09:32.405     0     0 I TCPC-PE-EVT: timer
12-04 05:09:32.405     0     0 I TCPC-PE : PD-> SRC_SEND_CAP
12-04 05:09:32.411     0     0 I TCPC-TCPC: Alert:0x0010, Mask:0x23067f
12-04 05:09:32.411     0     0 I TCPC-PE-EVT: tx_err
12-04 05:09:32.411     0     0 I TCPC-PE : PD-> SRC_DISC
12-04 05:09:32.531     0     0 I TCPC-PE-EVT: timer
12-04 05:09:32.531     0     0 I TCPC-PE : PD-> SRC_SEND_CAP
12-04 05:09:32.537     0     0 I TCPC-TCPC: Alert:0x0010, Mask:0x23067f
12-04 05:09:32.537     0     0 I TCPC-PE-EVT: tx_err
12-04 05:09:32.537     0     0 I TCPC-PE : PD-> SRC_DISC
12-04 05:09:32.657     0     0 I TCPC-PE-EVT: timer
12-04 05:09:32.657     0     0 I TCPC-PE : PD-> SRC_SEND_CAP
12-04 05:09:32.663     0     0 I TCPC-TCPC: Alert:0x0010, Mask:0x23067f
12-04 05:09:32.663     0     0 I TCPC-PE-EVT: tx_err
12-04 05:09:32.663     0     0 I TCPC-PE : PD-> SRC_DISC
12-04 05:09:32.718   402   402 W HidlServiceManagement: Waited one second for android.hardware.keymaster@4.0::IKeymasterDevice/default
12-04 05:09:32.719   399   399 I hwservicemanager: Since android.hardware.keymaster@4.0::IKeymasterDevice/default is not registered, trying to start it as a lazy HAL.
12-04 05:09:32.719   402   402 I HidlServiceManagement: getService: Trying again for android.hardware.keymaster@4.0::IKeymasterDevice/default...
12-04 05:09:32.720   399   825 W libc    : Unable to set property "ctl.interface_start" to "android.hardware.keymaster@4.0::IKeymasterDevice/default": error code: 0x20
12-04 05:09:32.720   399   825 I hwservicemanager: Tried to start android.hardware.keymaster@4.0::IKeymasterDevice/default as a lazy service, but was unable to. Usually this happens when a service is not installed, but if the service is intended to be used as a lazy service, then it may be configured incorrectly.
12-04 05:09:32.720     0     0 E init    : Control message: Could not find 'android.hardware.keymaster@4.0::IKeymasterDevice/default' for ctl.interface_start from pid: 399 (/system/bin/hwservicemanager)
12-04 05:09:32.783     0     0 I TCPC-PE-EVT: timer
12-04 05:09:32.783     0     0 I TCPC-PE : PD-> SRC_SEND_CAP
12-04 05:09:32.789     0     0 I TCPC-TCPC: Alert:0x0010, Mask:0x23067f
12-04 05:09:32.789     0     0 I TCPC-PE-EVT: tx_err
12-04 05:09:32.789     0     0 I TCPC-PE : PD-> SRC_DISC
12-04 05:09:32.909     0     0 I TCPC-PE-EVT: timer
12-04 05:09:32.909     0     0 I TCPC-PE : PD-> SRC_SEND_CAP
12-04 05:09:32.915     0     0 I TCPC-TCPC: Alert:0x0010, Mask:0x23067f
12-04 05:09:32.915     0     0 I TCPC-PE-EVT: tx_err
12-04 05:09:32.915     0     0 I TCPC-PE : PD-> SRC_DISC
12-04 05:09:33.035     0     0 I TCPC-PE-EVT: timer
12-04 05:09:33.035     0     0 I TCPC-PE : PD-> SRC_SEND_CAP
12-04 05:09:33.041     0     0 I TCPC-TCPC: Alert:0x0010, Mask:0x23067f
12-04 05:09:33.041     0     0 I TCPC-PE-EVT: tx_err
12-04 05:09:33.041     0     0 I TCPC-PE : PD-> SRC_DISC
12-04 05:09:33.161     0     0 I TCPC-PE-EVT: timer
12-04 05:09:33.161     0     0 I TCPC-PE : PD-> SRC_SEND_CAP
12-04 05:09:33.167     0     0 I TCPC-TCPC: Alert:0x0010, Mask:0x23067f
12-04 05:09:33.167     0     0 I TCPC-PE-EVT: tx_err
12-04 05:09:33.167     0     0 I TCPC-PE : PD-> SRC_DISC
12-04 05:09:33.287     0     0 I TCPC-PE-EVT: timer
12-04 05:09:33.287     0     0 I TCPC-PE : PD-> SRC_SEND_CAP
12-04 05:09:33.293     0     0 I TCPC-TCPC: Alert:0x0010, Mask:0x23067f
12-04 05:09:33.293     0     0 I TCPC-PE-EVT: tx_err
12-04 05:09:33.293     0     0 I TCPC-PE : PD-> SRC_DISC
12-04 05:09:33.413     0     0 I TCPC-PE-EVT: timer
12-04 05:09:33.413     0     0 I TCPC-PE : PD-> SRC_SEND_CAP
12-04 05:09:33.419     0     0 I TCPC-TCPC: Alert:0x0010, Mask:0x23067f
12-04 05:09:33.419     0     0 I TCPC-PE-EVT: tx_err
12-04 05:09:33.419     0     0 I TCPC-PE : PD-> SRC_DISC
12-04 05:09:33.539     0     0 I TCPC-PE-EVT: timer
12-04 05:09:33.539     0     0 I TCPC-PE : PD-> SRC_SEND_CAP
12-04 05:09:33.545     0     0 I TCPC-TCPC: Alert:0x0010, Mask:0x23067f
12-04 05:09:33.545     0     0 I TCPC-PE-EVT: tx_err
12-04 05:09:33.545     0     0 I TCPC-PE : PD-> SRC_DISC
12-04 05:09:33.665     0     0 I TCPC-PE-EVT: timer
12-04 05:09:33.665     0     0 I TCPC-PE : PD-> SRC_SEND_CAP
12-04 05:09:33.671     0     0 I TCPC-TCPC: Alert:0x0010, Mask:0x23067f
12-04 05:09:33.671     0     0 I TCPC-PE-EVT: tx_err
12-04 05:09:33.671     0     0 I TCPC-PE : PD-> SRC_DISC
12-04 05:09:33.719   402   402 W HidlServiceManagement: Waited one second for android.hardware.keymaster@4.0::IKeymasterDevice/default
12-04 05:09:33.720   399   399 I hwservicemanager: Since android.hardware.keymaster@4.0::IKeymasterDevice/default is not registered, trying to start it as a lazy HAL.
12-04 05:09:33.720   402   402 I HidlServiceManagement: getService: Trying again for android.hardware.keymaster@4.0::IKeymasterDevice/default...
12-04 05:09:33.720   399   826 W libc    : Unable to set property "ctl.interface_start" to "android.hardware.keymaster@4.0::IKeymasterDevice/default": error code: 0x20
12-04 05:09:33.721   399   826 I hwservicemanager: Tried to start android.hardware.keymaster@4.0::IKeymasterDevice/default as a lazy service, but was unable to. Usually this happens when a service is not installed, but if the service is intended to be used as a lazy service, then it may be configured incorrectly.
12-04 05:09:33.720     0     0 E init    : Control message: Could not find 'android.hardware.keymaster@4.0::IKeymasterDevice/default' for ctl.interface_start from pid: 399 (/system/bin/hwservicemanager)
12-04 05:09:33.791     0     0 I TCPC-PE-EVT: timer
12-04 05:09:33.791     0     0 I TCPC-PE : PD-> SRC_SEND_CAP
12-04 05:09:33.797     0     0 I TCPC-TCPC: Alert:0x0010, Mask:0x23067f
12-04 05:09:33.797     0     0 I TCPC-PE-EVT: tx_err
12-04 05:09:33.797     0     0 I TCPC-PE : PD-> SRC_DISC
12-04 05:09:33.917     0     0 I TCPC-PE-EVT: timer
12-04 05:09:33.917     0     0 I TCPC-PE : PD-> SRC_SEND_CAP
12-04 05:09:33.923     0     0 I TCPC-TCPC: Alert:0x0010, Mask:0x23067f
12-04 05:09:33.923     0     0 I TCPC-PE-EVT: tx_err
12-04 05:09:33.923     0     0 I TCPC-PE : PD-> SRC_DISC
12-04 05:09:34.043     0     0 I TCPC-PE-EVT: timer
12-04 05:09:34.043     0     0 I TCPC-PE : PD-> SRC_SEND_CAP
12-04 05:09:34.049     0     0 I TCPC-TCPC: Alert:0x0010, Mask:0x23067f
12-04 05:09:34.049     0     0 I TCPC-PE-EVT: tx_err
12-04 05:09:34.049     0     0 I TCPC-PE : PD-> SRC_DISC
12-04 05:09:34.169     0     0 I TCPC-PE-EVT: timer
12-04 05:09:34.169     0     0 I TCPC-PE : PD-> SRC_SEND_CAP
12-04 05:09:34.175     0     0 I TCPC-TCPC: Alert:0x0010, Mask:0x23067f
12-04 05:09:34.175     0     0 I TCPC-PE-EVT: tx_err
12-04 05:09:34.175     0     0 I TCPC-PE : PD-> SRC_DISC
12-04 05:09:34.295     0     0 I TCPC-PE-EVT: timer
12-04 05:09:34.295     0     0 I TCPC-PE : PD-> SRC_SEND_CAP
12-04 05:09:34.301     0     0 I TCPC-TCPC: Alert:0x0010, Mask:0x23067f
12-04 05:09:34.301     0     0 I TCPC-PE-EVT: tx_err
12-04 05:09:34.301     0     0 I TCPC-PE : PD-> SRC_DISC
12-04 05:09:34.421     0     0 I TCPC-PE-EVT: timer
12-04 05:09:34.421     0     0 I TCPC-PE : PD-> SRC_SEND_CAP
12-04 05:09:34.427     0     0 I TCPC-TCPC: Alert:0x0010, Mask:0x23067f
12-04 05:09:34.427     0     0 I TCPC-PE-EVT: tx_err
12-04 05:09:34.427     0     0 I TCPC-PE : PD-> SRC_DISC
12-04 05:09:34.547     0     0 I TCPC-PE-EVT: timer
12-04 05:09:34.547     0     0 I TCPC-PE : PD-> SRC_SEND_CAP
12-04 05:09:34.553     0     0 I TCPC-TCPC: Alert:0x0010, Mask:0x23067f
12-04 05:09:34.553     0     0 I TCPC-PE-EVT: tx_err
12-04 05:09:34.553     0     0 I TCPC-PE : PD-> SRC_DISC
12-04 05:09:34.673     0     0 I TCPC-PE-EVT: timer
12-04 05:09:34.673     0     0 I TCPC-PE : PD-> SRC_SEND_CAP
12-04 05:09:34.679     0     0 I TCPC-TCPC: Alert:0x0010, Mask:0x23067f
12-04 05:09:34.679     0     0 I TCPC-PE-EVT: tx_err
12-04 05:09:34.679     0     0 I TCPC-PE : PD-> SRC_DISC
12-04 05:09:34.720   402   402 W HidlServiceManagement: Waited one second for android.hardware.keymaster@4.0::IKeymasterDevice/default
12-04 05:09:34.720   399   399 I hwservicemanager: Since android.hardware.keymaster@4.0::IKeymasterDevice/default is not registered, trying to start it as a lazy HAL.
12-04 05:09:34.721   402   402 I HidlServiceManagement: getService: Trying again for android.hardware.keymaster@4.0::IKeymasterDevice/default...
12-04 05:09:34.721   399   827 W libc    : Unable to set property "ctl.interface_start" to "android.hardware.keymaster@4.0::IKeymasterDevice/default": error code: 0x20
12-04 05:09:34.721   399   827 I hwservicemanager: Tried to start android.hardware.keymaster@4.0::IKeymasterDevice/default as a lazy service, but was unable to. Usually this happens when a service is not installed, but if the service is intended to be used as a lazy service, then it may be configured incorrectly.
12-04 05:09:34.721     0     0 E init    : Control message: Could not find 'android.hardware.keymaster@4.0::IKeymasterDevice/default' for ctl.interface_start from pid: 399 (/system/bin/hwservicemanager)
12-04 05:09:34.799     0     0 I TCPC-PE-EVT: timer
12-04 05:09:34.799     0     0 I TCPC-PE : PD-> SRC_SEND_CAP
12-04 05:09:34.805     0     0 I TCPC-TCPC: Alert:0x0010, Mask:0x23067f
12-04 05:09:34.805     0     0 I TCPC-PE-EVT: tx_err
12-04 05:09:34.805     0     0 I TCPC-PE : PD-> SRC_DISC
12-04 05:09:34.841     0     0 I EXT4-fs (sda2): mounted filesystem with ordered data mode. Opts:
12-04 05:09:34.925     0     0 I TCPC-PE-EVT: timer
12-04 05:09:34.925     0     0 I TCPC-PE : PD-> SRC_SEND_CAP
12-04 05:09:34.931     0     0 I TCPC-TCPC: Alert:0x0010, Mask:0x23067f
12-04 05:09:34.931     0     0 I TCPC-PE-EVT: tx_err
12-04 05:09:34.931     0     0 I TCPC-PE : PD-> SRC_DISC
12-04 05:09:35.051     0     0 I TCPC-PE-EVT: timer
12-04 05:09:35.051     0     0 I TCPC-PE : PD-> SRC_SEND_CAP
12-04 05:09:35.057     0     0 I TCPC-TCPC: Alert:0x0010, Mask:0x23067f
12-04 05:09:35.057     0     0 I TCPC-PE-EVT: tx_err
12-04 05:09:35.057     0     0 I TCPC-PE : PD-> SRC_DISC
12-04 05:09:35.177     0     0 I TCPC-PE-EVT: timer
12-04 05:09:35.177     0     0 I TCPC-PE : PD-> SRC_SEND_CAP
12-04 05:09:35.183     0     0 I TCPC-TCPC: Alert:0x0010, Mask:0x23067f
12-04 05:09:35.183     0     0 I TCPC-PE-EVT: tx_err
12-04 05:09:35.183     0     0 I TCPC-PE : PD-> SRC_DISC
12-04 05:09:35.303     0     0 I TCPC-PE-EVT: timer
12-04 05:09:35.303     0     0 I TCPC-PE : PD-> SRC_SEND_CAP
12-04 05:09:35.309     0     0 I TCPC-TCPC: Alert:0x0010, Mask:0x23067f
12-04 05:09:35.309     0     0 I TCPC-PE-EVT: tx_err
12-04 05:09:35.309     0     0 I TCPC-PE : PD-> SRC_DISC
12-04 05:09:35.429     0     0 I TCPC-PE-EVT: timer
12-04 05:09:35.429     0     0 I TCPC-PE : PD-> SRC_SEND_CAP
12-04 05:09:35.435     0     0 I TCPC-TCPC: Alert:0x0010, Mask:0x23067f
12-04 05:09:35.435     0     0 I TCPC-PE-EVT: tx_err
12-04 05:09:35.435     0     0 I TCPC-PE : PD-> SRC_DISC
12-04 05:09:35.555     0     0 I TCPC-PE-EVT: timer
12-04 05:09:35.555     0     0 I TCPC-PE : PD-> SRC_SEND_CAP
12-04 05:09:35.560     0     0 I TCPC-TCPC: Alert:0x0010, Mask:0x23067f
12-04 05:09:35.561     0     0 I TCPC-PE-EVT: tx_err
12-04 05:09:35.561     0     0 I TCPC-PE : PD-> SRC_DISC
12-04 05:09:35.626     0     0 E wt_chg soc: qcom_wt_chg: wt_chg_main now = 145376 resume_time = 150376
12-04 05:09:35.633     0     0 E wt_chg soc: qcom_wt_chg: wtchg_float_charge_type_check vbus_online=0 real_type=0 float_recheck_cnt=0
12-04 05:09:35.633     0     0 E wt_chg soc: qcom_wt_chg: batt_protected_mode=0 batt_protected_mode_disable_charge=0 batt_protected_mode_disable_suspend=0
12-04 05:09:35.633     0     0 E chg_type: 0, vbus_online: 0, vbus_volt: 5000, chg_status: 2, batt_volt: 4267000, batt_current: -902000, temp: 287, health: 1, capacity: 100
12-04 05:09:35.633     0     0 E chg_temp: 317, usb_temp: 263, board_temp: 293, usb_online: 0, ac_online: 0, pd_active:0 typec_pr_role:3
12-04 05:09:35.633     0     0 I TCPC-TCPC: bat_update_work_func battery update soc = 100
12-04 05:09:35.633     0     0 I TCPC-TCPC: bat_update_work_func Battery Discharging
12-04 05:09:35.637     0     0 W healthd : battery l=100 v=4267 t=28.7 h=2 st=3 c=-902000 fc=6564000 cc=547 chg=
12-04 05:09:35.640     0     0 W healthd : battery l=100 v=4267 t=28.7 h=2 st=3 c=-902000 fc=6564000 cc=547 chg=
12-04 05:09:35.642     0     0 W healthd : battery l=100 v=4267 t=28.7 h=2 st=3 c=-902000 fc=6564000 cc=547 chg=
12-04 05:09:35.681     0     0 I TCPC-PE-EVT: timer
12-04 05:09:35.681     0     0 I TCPC-PE : PD-> SRC_SEND_CAP
12-04 05:09:35.686     0     0 I TCPC-TCPC: Alert:0x0010, Mask:0x23067f
12-04 05:09:35.687     0     0 I TCPC-PE-EVT: tx_err
12-04 05:09:35.687     0     0 I TCPC-PE : PD-> SRC_DISC
12-04 05:09:35.721   402   402 W HidlServiceManagement: Waited one second for android.hardware.keymaster@4.0::IKeymasterDevice/default
12-04 05:09:35.721   399   399 I hwservicemanager: Since android.hardware.keymaster@4.0::IKeymasterDevice/default is not registered, trying to start it as a lazy HAL.
12-04 05:09:35.722   402   402 I HidlServiceManagement: getService: Trying again for android.hardware.keymaster@4.0::IKeymasterDevice/default...
12-04 05:09:35.722   399   830 W libc    : Unable to set property "ctl.interface_start" to "android.hardware.keymaster@4.0::IKeymasterDevice/default": error code: 0x20
12-04 05:09:35.722   399   830 I hwservicemanager: Tried to start android.hardware.keymaster@4.0::IKeymasterDevice/default as a lazy service, but was unable to. Usually this happens when a service is not installed, but if the service is intended to be used as a lazy service, then it may be configured incorrectly.
12-04 05:09:35.722     0     0 E init    : Control message: Could not find 'android.hardware.keymaster@4.0::IKeymasterDevice/default' for ctl.interface_start from pid: 399 (/system/bin/hwservicemanager)
12-04 05:09:35.807     0     0 I TCPC-PE-EVT: timer
12-04 05:09:35.807     0     0 I TCPC-PE : PD-> SRC_SEND_CAP
12-04 05:09:35.812     0     0 I TCPC-TCPC: Alert:0x0010, Mask:0x23067f
12-04 05:09:35.812     0     0 I TCPC-PE-EVT: tx_err
12-04 05:09:35.812     0     0 I TCPC-PE : PD-> SRC_DISC
12-04 05:09:35.933     0     0 I TCPC-PE-EVT: timer
12-04 05:09:35.933     0     0 I TCPC-PE : PD-> SRC_SEND_CAP
12-04 05:09:35.938     0     0 I TCPC-TCPC: Alert:0x0010, Mask:0x23067f
12-04 05:09:35.938     0     0 I TCPC-PE-EVT: tx_err
12-04 05:09:35.938     0     0 I TCPC-PE : PD-> SRC_DISC
12-04 05:09:36.058     0     0 I TCPC-PE-EVT: timer
12-04 05:09:36.058     0     0 I TCPC-PE : PD-> SRC_SEND_CAP
12-04 05:09:36.064     0     0 I TCPC-TCPC: Alert:0x0010, Mask:0x23067f
12-04 05:09:36.064     0     0 I TCPC-PE-EVT: tx_err
12-04 05:09:36.064     0     0 I TCPC-PE : PD-> SRC_DISC
12-04 05:09:36.158     0     0 I EXT4-fs (sda10): mounted filesystem with ordered data mode. Opts: discard
12-04 05:09:36.184     0     0 I TCPC-PE-EVT: timer
12-04 05:09:36.184     0     0 I TCPC-PE : PD-> SRC_SEND_CAP
12-04 05:09:36.190     0     0 I TCPC-TCPC: Alert:0x0010, Mask:0x23067f
12-04 05:09:36.190     0     0 I TCPC-PE-EVT: tx_err
12-04 05:09:36.190     0     0 I TCPC-PE : PD-> SRC_DISC
12-04 05:09:36.310     0     0 I TCPC-PE-EVT: timer
12-04 05:09:36.310     0     0 I TCPC-PE : PD-> SRC_SEND_CAP
12-04 05:09:36.316     0     0 I TCPC-TCPC: Alert:0x0010, Mask:0x23067f
12-04 05:09:36.316     0     0 I TCPC-PE-EVT: tx_err
12-04 05:09:36.316     0     0 I TCPC-PE : PD-> SRC_DISC
12-04 05:09:36.436     0     0 I TCPC-PE-EVT: timer
12-04 05:09:36.436     0     0 I TCPC-PE : PD-> SRC_SEND_CAP
12-04 05:09:36.442     0     0 I TCPC-TCPC: Alert:0x0010, Mask:0x23067f
12-04 05:09:36.442     0     0 I TCPC-PE-EVT: tx_err
12-04 05:09:36.442     0     0 I TCPC-PE : PD-> SRC_DISC
12-04 05:09:36.562     0     0 I TCPC-PE-EVT: timer
12-04 05:09:36.562     0     0 I TCPC-PE : PD-> SRC_SEND_CAP
12-04 05:09:36.568     0     0 I TCPC-TCPC: Alert:0x0010, Mask:0x23067f
12-04 05:09:36.568     0     0 I TCPC-PE-EVT: tx_err
12-04 05:09:36.568     0     0 I TCPC-PE : PD-> SRC_DISC
12-04 05:09:36.688     0     0 I TCPC-PE-EVT: timer
12-04 05:09:36.688     0     0 I TCPC-PE : PD-> SRC_DISABLED
12-04 05:09:36.688     0     0 I TCPC-PE : pd_state=3
12-04 05:09:36.688     0     0 E rt-pd-manager soc: rt-pd-manager: lsw pd_tcp_notifier_call 425!!
12-04 05:09:36.688     0     0 I rt-pd-manager soc: rt-pd-manager: pd_tcp_notifier_call pd state = 3
12-04 05:09:36.722   402   402 W HidlServiceManagement: Waited one second for android.hardware.keymaster@4.0::IKeymasterDevice/default
12-04 05:09:36.722   399   399 I hwservicemanager: Since android.hardware.keymaster@4.0::IKeymasterDevice/default is not registered, trying to start it as a lazy HAL.
12-04 05:09:36.722   402   402 I HidlServiceManagement: getService: Trying again for android.hardware.keymaster@4.0::IKeymasterDevice/default...
12-04 05:09:36.723   399   834 W libc    : Unable to set property "ctl.interface_start" to "android.hardware.keymaster@4.0::IKeymasterDevice/default": error code: 0x20
12-04 05:09:36.723   399   834 I hwservicemanager: Tried to start android.hardware.keymaster@4.0::IKeymasterDevice/default as a lazy service, but was unable to. Usually this happens when a service is not installed, but if the service is intended to be used as a lazy service, then it may be configured incorrectly.
12-04 05:09:36.723     0     0 E init    : Control message: Could not find 'android.hardware.keymaster@4.0::IKeymasterDevice/default' for ctl.interface_start from pid: 399 (/system/bin/hwservicemanager)
12-04 05:09:37.723   402   402 W HidlServiceManagement: Waited one second for android.hardware.keymaster@4.0::IKeymasterDevice/default
12-04 05:09:37.723   399   399 I hwservicemanager: Since android.hardware.keymaster@4.0::IKeymasterDevice/default is not registered, trying to start it as a lazy HAL.
12-04 05:09:37.723   402   402 I HidlServiceManagement: getService: Trying again for android.hardware.keymaster@4.0::IKeymasterDevice/default...
12-04 05:09:37.724   399   835 W libc    : Unable to set property "ctl.interface_start" to "android.hardware.keymaster@4.0::IKeymasterDevice/default": error code: 0x20
12-04 05:09:37.724   399   835 I hwservicemanager: Tried to start android.hardware.keymaster@4.0::IKeymasterDevice/default as a lazy service, but was unable to. Usually this happens when a service is not installed, but if the service is intended to be used as a lazy service, then it may be configured incorrectly.
12-04 05:09:37.724     0     0 E init    : Control message: Could not find 'android.hardware.keymaster@4.0::IKeymasterDevice/default' for ctl.interface_start from pid: 399 (/system/bin/hwservicemanager)
12-04 05:09:38.176     0     0 I EXT4-fs (sde9): mounted filesystem with ordered data mode. Opts:
12-04 05:09:38.664     0     0 I EXT4-fs (sda14): mounted filesystem with ordered data mode. Opts:
12-04 05:09:38.724   402   402 W HidlServiceManagement: Waited one second for android.hardware.keymaster@4.0::IKeymasterDevice/default
12-04 05:09:38.724   399   399 I hwservicemanager: Since android.hardware.keymaster@4.0::IKeymasterDevice/default is not registered, trying to start it as a lazy HAL.
12-04 05:09:38.724   402   402 I HidlServiceManagement: getService: Trying again for android.hardware.keymaster@4.0::IKeymasterDevice/default...
12-04 05:09:38.725   399   840 W libc    : Unable to set property "ctl.interface_start" to "android.hardware.keymaster@4.0::IKeymasterDevice/default": error code: 0x20
12-04 05:09:38.725   399   840 I hwservicemanager: Tried to start android.hardware.keymaster@4.0::IKeymasterDevice/default as a lazy service, but was unable to. Usually this happens when a service is not installed, but if the service is intended to be used as a lazy service, then it may be configured incorrectly.
12-04 05:09:38.725     0     0 E init    : Control message: Could not find 'android.hardware.keymaster@4.0::IKeymasterDevice/default' for ctl.interface_start from pid: 399 (/system/bin/hwservicemanager)
12-04 05:09:39.314     0     0 I EXT4-fs (dm-3): mounted filesystem without journal. Opts: barrier=1,discard
12-04 05:09:39.724   402   402 W HidlServiceManagement: Waited one second for android.hardware.keymaster@4.0::IKeymasterDevice/default
12-04 05:09:39.725   399   399 I hwservicemanager: Since android.hardware.keymaster@4.0::IKeymasterDevice/default is not registered, trying to start it as a lazy HAL.
12-04 05:09:39.726   402   402 I HidlServiceManagement: getService: Trying again for android.hardware.keymaster@4.0::IKeymasterDevice/default...
12-04 05:09:39.726   399   842 W libc    : Unable to set property "ctl.interface_start" to "android.hardware.keymaster@4.0::IKeymasterDevice/default": error code: 0x20
12-04 05:09:39.726   399   842 I hwservicemanager: Tried to start android.hardware.keymaster@4.0::IKeymasterDevice/default as a lazy service, but was unable to. Usually this happens when a service is not installed, but if the service is intended to be used as a lazy service, then it may be configured incorrectly.
12-04 05:09:39.726     0     0 E init    : Control message: Could not find 'android.hardware.keymaster@4.0::IKeymasterDevice/default' for ctl.interface_start from pid: 399 (/system/bin/hwservicemanager)
12-04 05:09:40.726   402   402 W HidlServiceManagement: Waited one second for android.hardware.keymaster@4.0::IKeymasterDevice/default
12-04 05:09:40.726   399   399 I hwservicemanager: Since android.hardware.keymaster@4.0::IKeymasterDevice/default is not registered, trying to start it as a lazy HAL.
12-04 05:09:40.726   402   402 I HidlServiceManagement: getService: Trying again for android.hardware.keymaster@4.0::IKeymasterDevice/default...
12-04 05:09:40.727   399   843 W libc    : Unable to set property "ctl.interface_start" to "android.hardware.keymaster@4.0::IKeymasterDevice/default": error code: 0x20
12-04 05:09:40.727   399   843 I hwservicemanager: Tried to start android.hardware.keymaster@4.0::IKeymasterDevice/default as a lazy service, but was unable to. Usually this happens when a service is not installed, but if the service is intended to be used as a lazy service, then it may be configured incorrectly.
12-04 05:09:40.727     0     0 E init    : Control message: Could not find 'android.hardware.keymaster@4.0::IKeymasterDevice/default' for ctl.interface_start from pid: 399 (/system/bin/hwservicemanager)
12-04 05:09:41.727   402   402 W HidlServiceManagement: Waited one second for android.hardware.keymaster@4.0::IKeymasterDevice/default
12-04 05:09:41.727   399   399 I hwservicemanager: Since android.hardware.keymaster@4.0::IKeymasterDevice/default is not registered, trying to start it as a lazy HAL.
12-04 05:09:41.727   402   402 I HidlServiceManagement: getService: Trying again for android.hardware.keymaster@4.0::IKeymasterDevice/default...
12-04 05:09:41.728   399   844 W libc    : Unable to set property "ctl.interface_start" to "android.hardware.keymaster@4.0::IKeymasterDevice/default": error code: 0x20
12-04 05:09:41.728   399   844 I hwservicemanager: Tried to start android.hardware.keymaster@4.0::IKeymasterDevice/default as a lazy service, but was unable to. Usually this happens when a service is not installed, but if the service is intended to be used as a lazy service, then it may be configured incorrectly.
12-04 05:09:41.728     0     0 E init    : Control message: Could not find 'android.hardware.keymaster@4.0::IKeymasterDevice/default' for ctl.interface_start from pid: 399 (/system/bin/hwservicemanager)
12-04 05:09:42.728   402   402 W HidlServiceManagement: Waited one second for android.hardware.keymaster@4.0::IKeymasterDevice/default
12-04 05:09:42.728   399   399 I hwservicemanager: Since android.hardware.keymaster@4.0::IKeymasterDevice/default is not registered, trying to start it as a lazy HAL.
12-04 05:09:42.728   402   402 I HidlServiceManagement: getService: Trying again for android.hardware.keymaster@4.0::IKeymasterDevice/default...
12-04 05:09:42.730   399   845 W libc    : Unable to set property "ctl.interface_start" to "android.hardware.keymaster@4.0::IKeymasterDevice/default": error code: 0x20
12-04 05:09:42.730   399   845 I hwservicemanager: Tried to start android.hardware.keymaster@4.0::IKeymasterDevice/default as a lazy service, but was unable to. Usually this happens when a service is not installed, but if the service is intended to be used as a lazy service, then it may be configured incorrectly.
12-04 05:09:42.729     0     0 E init    : Control message: Could not find 'android.hardware.keymaster@4.0::IKeymasterDevice/default' for ctl.interface_start from pid: 399 (/system/bin/hwservicemanager)
12-04 05:09:43.729   402   402 W HidlServiceManagement: Waited one second for android.hardware.keymaster@4.0::IKeymasterDevice/default
12-04 05:09:43.730   399   399 I hwservicemanager: Since android.hardware.keymaster@4.0::IKeymasterDevice/default is not registered, trying to start it as a lazy HAL.
12-04 05:09:43.730   402   402 I HidlServiceManagement: getService: Trying again for android.hardware.keymaster@4.0::IKeymasterDevice/default...
12-04 05:09:43.731   399   846 W libc    : Unable to set property "ctl.interface_start" to "android.hardware.keymaster@4.0::IKeymasterDevice/default": error code: 0x20
12-04 05:09:43.731   399   846 I hwservicemanager: Tried to start android.hardware.keymaster@4.0::IKeymasterDevice/default as a lazy service, but was unable to. Usually this happens when a service is not installed, but if the service is intended to be used as a lazy service, then it may be configured incorrectly.
12-04 05:09:43.731     0     0 E init    : Control message: Could not find 'android.hardware.keymaster@4.0::IKeymasterDevice/default' for ctl.interface_start from pid: 399 (/system/bin/hwservicemanager)
12-04 05:09:44.589     0     0 I mmc0    : detect_gpio pin 1255 status is 1
12-04 05:09:44.589     0     0 I mmc0    : apply bht power on patch
12-04 05:09:44.589     0     0 I mmc0    : present status is 1
12-04 05:09:44.589     0     0 I mmc0    : pwr_gpio pin 1260 status is 1
12-04 05:09:44.730   402   402 W HidlServiceManagement: Waited one second for android.hardware.keymaster@4.0::IKeymasterDevice/default
12-04 05:09:44.731   399   399 I hwservicemanager: Since android.hardware.keymaster@4.0::IKeymasterDevice/default is not registered, trying to start it as a lazy HAL.
12-04 05:09:44.731   402   402 I HidlServiceManagement: getService: Trying again for android.hardware.keymaster@4.0::IKeymasterDevice/default...
12-04 05:09:44.732   399   847 W libc    : Unable to set property "ctl.interface_start" to "android.hardware.keymaster@4.0::IKeymasterDevice/default": error code: 0x20
12-04 05:09:44.732   399   847 I hwservicemanager: Tried to start android.hardware.keymaster@4.0::IKeymasterDevice/default as a lazy service, but was unable to. Usually this happens when a service is not installed, but if the service is intended to be used as a lazy service, then it may be configured incorrectly.
12-04 05:09:44.732     0     0 E init    : Control message: Could not find 'android.hardware.keymaster@4.0::IKeymasterDevice/default' for ctl.interface_start from pid: 399 (/system/bin/hwservicemanager)
12-04 05:09:44.832     0     0 E         : ### Bayhub debug: degrade count is 0 ###
12-04 05:09:44.833     0     0 I mmc0    : Load BHT patch RC8.3.1-DS=4
12-04 05:09:44.833     0     0 I mmc0    : skip load default configuration for tuning done
12-04 05:09:44.834     0     0 E mmc0    : the new mode is 0x00000003
12-04 05:09:45.731   402   402 W HidlServiceManagement: Waited one second for android.hardware.keymaster@4.0::IKeymasterDevice/default
12-04 05:09:45.732   399   399 I hwservicemanager: Since android.hardware.keymaster@4.0::IKeymasterDevice/default is not registered, trying to start it as a lazy HAL.
12-04 05:09:45.732   402   402 I HidlServiceManagement: getService: Trying again for android.hardware.keymaster@4.0::IKeymasterDevice/default...
12-04 05:09:45.733   399   848 W libc    : Unable to set property "ctl.interface_start" to "android.hardware.keymaster@4.0::IKeymasterDevice/default": error code: 0x20
12-04 05:09:45.733   399   848 I hwservicemanager: Tried to start android.hardware.keymaster@4.0::IKeymasterDevice/default as a lazy service, but was unable to. Usually this happens when a service is not installed, but if the service is intended to be used as a lazy service, then it may be configured incorrectly.
12-04 05:09:45.733     0     0 E init    : Control message: Could not find 'android.hardware.keymaster@4.0::IKeymasterDevice/default' for ctl.interface_start from pid: 399 (/system/bin/hwservicemanager)
12-04 05:09:45.866     0     0 E wt_chg soc: qcom_wt_chg: wt_chg_main now = 155616 resume_time = 160616
12-04 05:09:45.874     0     0 E wt_chg soc: qcom_wt_chg: wtchg_float_charge_type_check vbus_online=0 real_type=0 float_recheck_cnt=0
12-04 05:09:45.874     0     0 E wt_chg soc: qcom_wt_chg: batt_protected_mode=0 batt_protected_mode_disable_charge=0 batt_protected_mode_disable_suspend=0
12-04 05:09:45.874     0     0 E chg_type: 0, vbus_online: 0, vbus_volt: 5000, chg_status: 2, batt_volt: 4265000, batt_current: -909000, temp: 288, health: 1, capacity: 100
12-04 05:09:45.874     0     0 E chg_temp: 317, usb_temp: 263, board_temp: 293, usb_online: 0, ac_online: 0, pd_active:0 typec_pr_role:3
12-04 05:09:45.874     0     0 I TCPC-TCPC: bat_update_work_func battery update soc = 100
12-04 05:09:45.874     0     0 I TCPC-TCPC: bat_update_work_func Battery Discharging
12-04 05:09:45.879     0     0 W healthd : battery l=100 v=4265 t=28.8 h=2 st=3 c=-909000 fc=6564000 cc=547 chg=
12-04 05:09:45.881     0     0 W healthd : battery l=100 v=4265 t=28.8 h=2 st=3 c=-909000 fc=6564000 cc=547 chg=
12-04 05:09:45.883     0     0 W healthd : battery l=100 v=4265 t=28.8 h=2 st=3 c=-909000 fc=6564000 cc=547 chg=
12-04 05:09:46.732   402   402 W HidlServiceManagement: Waited one second for android.hardware.keymaster@4.0::IKeymasterDevice/default
12-04 05:09:46.733   399   399 I hwservicemanager: Since android.hardware.keymaster@4.0::IKeymasterDevice/default is not registered, trying to start it as a lazy HAL.
12-04 05:09:46.733   402   402 I HidlServiceManagement: getService: Trying again for android.hardware.keymaster@4.0::IKeymasterDevice/default...
12-04 05:09:46.734   399   849 W libc    : Unable to set property "ctl.interface_start" to "android.hardware.keymaster@4.0::IKeymasterDevice/default": error code: 0x20
12-04 05:09:46.734   399   849 I hwservicemanager: Tried to start android.hardware.keymaster@4.0::IKeymasterDevice/default as a lazy service, but was unable to. Usually this happens when a service is not installed, but if the service is intended to be used as a lazy service, then it may be configured incorrectly.
12-04 05:09:46.733     0     0 E init    : Control message: Could not find 'android.hardware.keymaster@4.0::IKeymasterDevice/default' for ctl.interface_start from pid: 399 (/system/bin/hwservicemanager)
12-04 05:09:47.733   402   402 W HidlServiceManagement: Waited one second for android.hardware.keymaster@4.0::IKeymasterDevice/default
12-04 05:09:47.733   399   399 I hwservicemanager: Since android.hardware.keymaster@4.0::IKeymasterDevice/default is not registered, trying to start it as a lazy HAL.
12-04 05:09:47.734   402   402 I HidlServiceManagement: getService: Trying again for android.hardware.keymaster@4.0::IKeymasterDevice/default...
12-04 05:09:47.734   399   850 W libc    : Unable to set property "ctl.interface_start" to "android.hardware.keymaster@4.0::IKeymasterDevice/default": error code: 0x20
12-04 05:09:47.735   399   850 I hwservicemanager: Tried to start android.hardware.keymaster@4.0::IKeymasterDevice/default as a lazy service, but was unable to. Usually this happens when a service is not installed, but if the service is intended to be used as a lazy service, then it may be configured incorrectly.
12-04 05:09:47.734     0     0 E init    : Control message: Could not find 'android.hardware.keymaster@4.0::IKeymasterDevice/default' for ctl.interface_start from pid: 399 (/system/bin/hwservicemanager)
12-04 05:09:48.174     0     0 I mmc0    : det_gpio pin 1255 status is 1
12-04 05:09:48.174     0     0 I mmc0    : apply bht power off patch
12-04 05:09:48.174     0     0 I mmc0    : present status is 1
12-04 05:09:48.174     0     0 I mmc0    : pwr_gpio pin 1260 status is 0
12-04 05:09:48.734   402   402 W HidlServiceManagement: Waited one second for android.hardware.keymaster@4.0::IKeymasterDevice/default
12-04 05:09:48.734   399   399 I hwservicemanager: Since android.hardware.keymaster@4.0::IKeymasterDevice/default is not registered, trying to start it as a lazy HAL.
12-04 05:09:48.735   402   402 I HidlServiceManagement: getService: Trying again for android.hardware.keymaster@4.0::IKeymasterDevice/default...
12-04 05:09:48.735   399   851 W libc    : Unable to set property "ctl.interface_start" to "android.hardware.keymaster@4.0::IKeymasterDevice/default": error code: 0x20
12-04 05:09:48.735   399   851 I hwservicemanager: Tried to start android.hardware.keymaster@4.0::IKeymasterDevice/default as a lazy service, but was unable to. Usually this happens when a service is not installed, but if the service is intended to be used as a lazy service, then it may be configured incorrectly.
12-04 05:09:48.735     0     0 E init    : Control message: Could not find 'android.hardware.keymaster@4.0::IKeymasterDevice/default' for ctl.interface_start from pid: 399 (/system/bin/hwservicemanager)
12-04 05:09:49.735   402   402 W HidlServiceManagement: Waited one second for android.hardware.keymaster@4.0::IKeymasterDevice/default
12-04 05:09:49.735   399   399 I hwservicemanager: Since android.hardware.keymaster@4.0::IKeymasterDevice/default is not registered, trying to start it as a lazy HAL.
12-04 05:09:49.735   402   402 I HidlServiceManagement: getService: Trying again for android.hardware.keymaster@4.0::IKeymasterDevice/default...
12-04 05:09:49.736   399   852 W libc    : Unable to set property "ctl.interface_start" to "android.hardware.keymaster@4.0::IKeymasterDevice/default": error code: 0x20
12-04 05:09:49.736   399   852 I hwservicemanager: Tried to start android.hardware.keymaster@4.0::IKeymasterDevice/default as a lazy service, but was unable to. Usually this happens when a service is not installed, but if the service is intended to be used as a lazy service, then it may be configured incorrectly.
12-04 05:09:49.736     0     0 E init    : Control message: Could not find 'android.hardware.keymaster@4.0::IKeymasterDevice/default' for ctl.interface_start from pid: 399 (/system/bin/hwservicemanager)
12-04 05:09:50.736   402   402 W HidlServiceManagement: Waited one second for android.hardware.keymaster@4.0::IKeymasterDevice/default
12-04 05:09:50.736   399   399 I hwservicemanager: Since android.hardware.keymaster@4.0::IKeymasterDevice/default is not registered, trying to start it as a lazy HAL.
12-04 05:09:50.736   402   402 I HidlServiceManagement: getService: Trying again for android.hardware.keymaster@4.0::IKeymasterDevice/default...
12-04 05:09:50.737   399   853 W libc    : Unable to set property "ctl.interface_start" to "android.hardware.keymaster@4.0::IKeymasterDevice/default": error code: 0x20
12-04 05:09:50.737   399   853 I hwservicemanager: Tried to start android.hardware.keymaster@4.0::IKeymasterDevice/default as a lazy service, but was unable to. Usually this happens when a service is not installed, but if the service is intended to be used as a lazy service, then it may be configured incorrectly.
12-04 05:09:50.737     0     0 E init    : Control message: Could not find 'android.hardware.keymaster@4.0::IKeymasterDevice/default' for ctl.interface_start from pid: 399 (/system/bin/hwservicemanager)
12-04 05:09:51.736   402   402 W HidlServiceManagement: Waited one second for android.hardware.keymaster@4.0::IKeymasterDevice/default
12-04 05:09:51.737   399   399 I hwservicemanager: Since android.hardware.keymaster@4.0::IKeymasterDevice/default is not registered, trying to start it as a lazy HAL.
12-04 05:09:51.737   402   402 I HidlServiceManagement: getService: Trying again for android.hardware.keymaster@4.0::IKeymasterDevice/default...
12-04 05:09:51.738   399   854 W libc    : Unable to set property "ctl.interface_start" to "android.hardware.keymaster@4.0::IKeymasterDevice/default": error code: 0x20
12-04 05:09:51.738   399   854 I hwservicemanager: Tried to start android.hardware.keymaster@4.0::IKeymasterDevice/default as a lazy service, but was unable to. Usually this happens when a service is not installed, but if the service is intended to be used as a lazy service, then it may be configured incorrectly.
12-04 05:09:51.738     0     0 E init    : Control message: Could not find 'android.hardware.keymaster@4.0::IKeymasterDevice/default' for ctl.interface_start from pid: 399 (/system/bin/hwservicemanager)
12-04 05:09:52.737   402   402 W HidlServiceManagement: Waited one second for android.hardware.keymaster@4.0::IKeymasterDevice/default
12-04 05:09:52.738   399   399 I hwservicemanager: Since android.hardware.keymaster@4.0::IKeymasterDevice/default is not registered, trying to start it as a lazy HAL.
12-04 05:09:52.738   402   402 I HidlServiceManagement: getService: Trying again for android.hardware.keymaster@4.0::IKeymasterDevice/default...
12-04 05:09:52.739   399   855 W libc    : Unable to set property "ctl.interface_start" to "android.hardware.keymaster@4.0::IKeymasterDevice/default": error code: 0x20
12-04 05:09:52.739   399   855 I hwservicemanager: Tried to start android.hardware.keymaster@4.0::IKeymasterDevice/default as a lazy service, but was unable to. Usually this happens when a service is not installed, but if the service is intended to be used as a lazy service, then it may be configured incorrectly.
12-04 05:09:52.738     0     0 E init    : Control message: Could not find 'android.hardware.keymaster@4.0::IKeymasterDevice/default' for ctl.interface_start from pid: 399 (/system/bin/hwservicemanager)
12-04 05:09:53.738   402   402 W HidlServiceManagement: Waited one second for android.hardware.keymaster@4.0::IKeymasterDevice/default
12-04 05:09:53.738   399   399 I hwservicemanager: Since android.hardware.keymaster@4.0::IKeymasterDevice/default is not registered, trying to start it as a lazy HAL.
12-04 05:09:53.739   402   402 I HidlServiceManagement: getService: Trying again for android.hardware.keymaster@4.0::IKeymasterDevice/default...
12-04 05:09:53.739   399   856 W libc    : Unable to set property "ctl.interface_start" to "android.hardware.keymaster@4.0::IKeymasterDevice/default": error code: 0x20
12-04 05:09:53.739   399   856 I hwservicemanager: Tried to start android.hardware.keymaster@4.0::IKeymasterDevice/default as a lazy service, but was unable to. Usually this happens when a service is not installed, but if the service is intended to be used as a lazy service, then it may be configured incorrectly.
12-04 05:09:53.739     0     0 E init    : Control message: Could not find 'android.hardware.keymaster@4.0::IKeymasterDevice/default' for ctl.interface_start from pid: 399 (/system/bin/hwservicemanager)
12-04 05:09:54.739   402   402 W HidlServiceManagement: Waited one second for android.hardware.keymaster@4.0::IKeymasterDevice/default
12-04 05:09:54.739   399   399 I hwservicemanager: Since android.hardware.keymaster@4.0::IKeymasterDevice/default is not registered, trying to start it as a lazy HAL.
12-04 05:09:54.740   402   402 I HidlServiceManagement: getService: Trying again for android.hardware.keymaster@4.0::IKeymasterDevice/default...
12-04 05:09:54.740   399   857 W libc    : Unable to set property "ctl.interface_start" to "android.hardware.keymaster@4.0::IKeymasterDevice/default": error code: 0x20
12-04 05:09:54.740   399   857 I hwservicemanager: Tried to start android.hardware.keymaster@4.0::IKeymasterDevice/default as a lazy service, but was unable to. Usually this happens when a service is not installed, but if the service is intended to be used as a lazy service, then it may be configured incorrectly.
12-04 05:09:54.740     0     0 E init    : Control message: Could not find 'android.hardware.keymaster@4.0::IKeymasterDevice/default' for ctl.interface_start from pid: 399 (/system/bin/hwservicemanager)
12-04 05:09:55.570     0     0 E wt_chg soc: qcom_wt_chg: chg_main_alarm_cb wt chg alarm triggered 165320
12-04 05:09:55.740   402   402 W HidlServiceManagement: Waited one second for android.hardware.keymaster@4.0::IKeymasterDevice/default
12-04 05:09:55.740   399   399 I hwservicemanager: Since android.hardware.keymaster@4.0::IKeymasterDevice/default is not registered, trying to start it as a lazy HAL.
12-04 05:09:55.740   402   402 I HidlServiceManagement: getService: Trying again for android.hardware.keymaster@4.0::IKeymasterDevice/default...
12-04 05:09:55.741   399   858 W libc    : Unable to set property "ctl.interface_start" to "android.hardware.keymaster@4.0::IKeymasterDevice/default": error code: 0x20
12-04 05:09:55.741   399   858 I hwservicemanager: Tried to start android.hardware.keymaster@4.0::IKeymasterDevice/default as a lazy service, but was unable to. Usually this happens when a service is not installed, but if the service is intended to be used as a lazy service, then it may be configured incorrectly.
12-04 05:09:55.741     0     0 E init    : Control message: Could not find 'android.hardware.keymaster@4.0::IKeymasterDevice/default' for ctl.interface_start from pid: 399 (/system/bin/hwservicemanager)
12-04 05:09:56.106     0     0 E wt_chg soc: qcom_wt_chg: wt_chg_main now = 165856 resume_time = 170856
12-04 05:09:56.114     0     0 E wt_chg soc: qcom_wt_chg: wtchg_float_charge_type_check vbus_online=0 real_type=0 float_recheck_cnt=0
12-04 05:09:56.114     0     0 E wt_chg soc: qcom_wt_chg: batt_protected_mode=0 batt_protected_mode_disable_charge=0 batt_protected_mode_disable_suspend=0
12-04 05:09:56.114     0     0 E chg_type: 0, vbus_online: 0, vbus_volt: 5000, chg_status: 2, batt_volt: 4271000, batt_current: -800000, temp: 288, health: 1, capacity: 100
12-04 05:09:56.114     0     0 E chg_temp: 317, usb_temp: 263, board_temp: 293, usb_online: 0, ac_online: 0, pd_active:0 typec_pr_role:3
12-04 05:09:56.114     0     0 I TCPC-TCPC: bat_update_work_func battery update soc = 100
12-04 05:09:56.114     0     0 I TCPC-TCPC: bat_update_work_func Battery Discharging
12-04 05:09:56.118     0     0 W healthd : battery l=100 v=4271 t=28.8 h=2 st=3 c=-800000 fc=6564000 cc=547 chg=
12-04 05:09:56.121     0     0 W healthd : battery l=100 v=4271 t=28.8 h=2 st=3 c=-800000 fc=6564000 cc=547 chg=
12-04 05:09:56.123     0     0 W healthd : battery l=100 v=4271 t=28.8 h=2 st=3 c=-800000 fc=6564000 cc=547 chg=
12-04 05:09:56.741   402   402 W HidlServiceManagement: Waited one second for android.hardware.keymaster@4.0::IKeymasterDevice/default
12-04 05:09:56.741   399   399 I hwservicemanager: Since android.hardware.keymaster@4.0::IKeymasterDevice/default is not registered, trying to start it as a lazy HAL.
12-04 05:09:56.741   402   402 I HidlServiceManagement: getService: Trying again for android.hardware.keymaster@4.0::IKeymasterDevice/default...
12-04 05:09:56.742   399   859 W libc    : Unable to set property "ctl.interface_start" to "android.hardware.keymaster@4.0::IKeymasterDevice/default": error code: 0x20
12-04 05:09:56.742     0     0 E init    : Control message: Could not find 'android.hardware.keymaster@4.0::IKeymasterDevice/default' for ctl.interface_start from pid: 399 (/system/bin/hwservicemanager)
12-04 05:09:56.742   399   859 I hwservicemanager: Tried to start android.hardware.keymaster@4.0::IKeymasterDevice/default as a lazy service, but was unable to. Usually this happens when a service is not installed, but if the service is intended to be used as a lazy service, then it may be configured incorrectly.
12-04 05:09:57.741   402   402 W HidlServiceManagement: Waited one second for android.hardware.keymaster@4.0::IKeymasterDevice/default
12-04 05:09:57.742   399   399 I hwservicemanager: Since android.hardware.keymaster@4.0::IKeymasterDevice/default is not registered, trying to start it as a lazy HAL.
12-04 05:09:57.742   402   402 I HidlServiceManagement: getService: Trying again for android.hardware.keymaster@4.0::IKeymasterDevice/default...
12-04 05:09:57.743   399   860 W libc    : Unable to set property "ctl.interface_start" to "android.hardware.keymaster@4.0::IKeymasterDevice/default": error code: 0x20
12-04 05:09:57.743   399   860 I hwservicemanager: Tried to start android.hardware.keymaster@4.0::IKeymasterDevice/default as a lazy service, but was unable to. Usually this happens when a service is not installed, but if the service is intended to be used as a lazy service, then it may be configured incorrectly.
12-04 05:09:57.743     0     0 E init    : Control message: Could not find 'android.hardware.keymaster@4.0::IKeymasterDevice/default' for ctl.interface_start from pid: 399 (/system/bin/hwservicemanager)
12-04 05:09:58.742   402   402 W HidlServiceManagement: Waited one second for android.hardware.keymaster@4.0::IKeymasterDevice/default
12-04 05:09:58.743   399   399 I hwservicemanager: Since android.hardware.keymaster@4.0::IKeymasterDevice/default is not registered, trying to start it as a lazy HAL.
12-04 05:09:58.743   402   402 I HidlServiceManagement: getService: Trying again for android.hardware.keymaster@4.0::IKeymasterDevice/default...
12-04 05:09:58.744   399   861 W libc    : Unable to set property "ctl.interface_start" to "android.hardware.keymaster@4.0::IKeymasterDevice/default": error code: 0x20
12-04 05:09:58.744   399   861 I hwservicemanager: Tried to start android.hardware.keymaster@4.0::IKeymasterDevice/default as a lazy service, but was unable to. Usually this happens when a service is not installed, but if the service is intended to be used as a lazy service, then it may be configured incorrectly.
12-04 05:09:58.743     0     0 E init    : Control message: Could not find 'android.hardware.keymaster@4.0::IKeymasterDevice/default' for ctl.interface_start from pid: 399 (/system/bin/hwservicemanager)
12-04 05:09:59.743   402   402 W HidlServiceManagement: Waited one second for android.hardware.keymaster@4.0::IKeymasterDevice/default
12-04 05:09:59.743   399   399 I hwservicemanager: Since android.hardware.keymaster@4.0::IKeymasterDevice/default is not registered, trying to start it as a lazy HAL.
12-04 05:09:59.744   402   402 I HidlServiceManagement: getService: Trying again for android.hardware.keymaster@4.0::IKeymasterDevice/default...
12-04 05:09:59.744   399   862 W libc    : Unable to set property "ctl.interface_start" to "android.hardware.keymaster@4.0::IKeymasterDevice/default": error code: 0x20
12-04 05:09:59.745   399   862 I hwservicemanager: Tried to start android.hardware.keymaster@4.0::IKeymasterDevice/default as a lazy service, but was unable to. Usually this happens when a service is not installed, but if the service is intended to be used as a lazy service, then it may be configured incorrectly.
12-04 05:09:59.744     0     0 E init    : Control message: Could not find 'android.hardware.keymaster@4.0::IKeymasterDevice/default' for ctl.interface_start from pid: 399 (/system/bin/hwservicemanager)
12-04 05:10:00.744   402   402 W HidlServiceManagement: Waited one second for android.hardware.keymaster@4.0::IKeymasterDevice/default
12-04 05:10:00.744   399   399 I hwservicemanager: Since android.hardware.keymaster@4.0::IKeymasterDevice/default is not registered, trying to start it as a lazy HAL.
12-04 05:10:00.745   402   402 I HidlServiceManagement: getService: Trying again for android.hardware.keymaster@4.0::IKeymasterDevice/default...
12-04 05:10:00.745   399   863 W libc    : Unable to set property "ctl.interface_start" to "android.hardware.keymaster@4.0::IKeymasterDevice/default": error code: 0x20
12-04 05:10:00.745   399   863 I hwservicemanager: Tried to start android.hardware.keymaster@4.0::IKeymasterDevice/default as a lazy service, but was unable to. Usually this happens when a service is not installed, but if the service is intended to be used as a lazy service, then it may be configured incorrectly.
12-04 05:10:00.745     0     0 E init    : Control message: Could not find 'android.hardware.keymaster@4.0::IKeymasterDevice/default' for ctl.interface_start from pid: 399 (/system/bin/hwservicemanager)
12-04 05:10:01.745   402   402 W HidlServiceManagement: Waited one second for android.hardware.keymaster@4.0::IKeymasterDevice/default
12-04 05:10:01.745   399   399 I hwservicemanager: Since android.hardware.keymaster@4.0::IKeymasterDevice/default is not registered, trying to start it as a lazy HAL.
12-04 05:10:01.746   402   402 I HidlServiceManagement: getService: Trying again for android.hardware.keymaster@4.0::IKeymasterDevice/default...
12-04 05:10:01.746   399   864 W libc    : Unable to set property "ctl.interface_start" to "android.hardware.keymaster@4.0::IKeymasterDevice/default": error code: 0x20
12-04 05:10:01.746   399   864 I hwservicemanager: Tried to start android.hardware.keymaster@4.0::IKeymasterDevice/default as a lazy service, but was unable to. Usually this happens when a service is not installed, but if the service is intended to be used as a lazy service, then it may be configured incorrectly.
12-04 05:10:01.746     0     0 E init    : Control message: Could not find 'android.hardware.keymaster@4.0::IKeymasterDevice/default' for ctl.interface_start from pid: 399 (/system/bin/hwservicemanager)
12-04 05:10:02.746   402   402 W HidlServiceManagement: Waited one second for android.hardware.keymaster@4.0::IKeymasterDevice/default
12-04 05:10:02.746   399   399 I hwservicemanager: Since android.hardware.keymaster@4.0::IKeymasterDevice/default is not registered, trying to start it as a lazy HAL.
12-04 05:10:02.747   402   402 I HidlServiceManagement: getService: Trying again for android.hardware.keymaster@4.0::IKeymasterDevice/default...
12-04 05:10:02.748   399   865 W libc    : Unable to set property "ctl.interface_start" to "android.hardware.keymaster@4.0::IKeymasterDevice/default": error code: 0x20
12-04 05:10:02.748   399   865 I hwservicemanager: Tried to start android.hardware.keymaster@4.0::IKeymasterDevice/default as a lazy service, but was unable to. Usually this happens when a service is not installed, but if the service is intended to be used as a lazy service, then it may be configured incorrectly.
12-04 05:10:02.748     0     0 E init    : Control message: Could not find 'android.hardware.keymaster@4.0::IKeymasterDevice/default' for ctl.interface_start from pid: 399 (/system/bin/hwservicemanager)
12-04 05:10:03.747   402   402 W HidlServiceManagement: Waited one second for android.hardware.keymaster@4.0::IKeymasterDevice/default
12-04 05:10:03.747   399   399 I hwservicemanager: Since android.hardware.keymaster@4.0::IKeymasterDevice/default is not registered, trying to start it as a lazy HAL.
12-04 05:10:03.747   402   402 I HidlServiceManagement: getService: Trying again for android.hardware.keymaster@4.0::IKeymasterDevice/default...
12-04 05:10:03.748   399   866 W libc    : Unable to set property "ctl.interface_start" to "android.hardware.keymaster@4.0::IKeymasterDevice/default": error code: 0x20
12-04 05:10:03.748   399   866 I hwservicemanager: Tried to start android.hardware.keymaster@4.0::IKeymasterDevice/default as a lazy service, but was unable to. Usually this happens when a service is not installed, but if the service is intended to be used as a lazy service, then it may be configured incorrectly.
12-04 05:10:03.748     0     0 E init    : Control message: Could not find 'android.hardware.keymaster@4.0::IKeymasterDevice/default' for ctl.interface_start from pid: 399 (/system/bin/hwservicemanager)
12-04 05:10:04.748   402   402 W HidlServiceManagement: Waited one second for android.hardware.keymaster@4.0::IKeymasterDevice/default
12-04 05:10:04.748   399   399 I hwservicemanager: Since android.hardware.keymaster@4.0::IKeymasterDevice/default is not registered, trying to start it as a lazy HAL.
12-04 05:10:04.748   402   402 I HidlServiceManagement: getService: Trying again for android.hardware.keymaster@4.0::IKeymasterDevice/default...
12-04 05:10:04.749   399   867 W libc    : Unable to set property "ctl.interface_start" to "android.hardware.keymaster@4.0::IKeymasterDevice/default": error code: 0x20
12-04 05:10:04.749   399   867 I hwservicemanager: Tried to start android.hardware.keymaster@4.0::IKeymasterDevice/default as a lazy service, but was unable to. Usually this happens when a service is not installed, but if the service is intended to be used as a lazy service, then it may be configured incorrectly.
12-04 05:10:04.749     0     0 E init    : Control message: Could not find 'android.hardware.keymaster@4.0::IKeymasterDevice/default' for ctl.interface_start from pid: 399 (/system/bin/hwservicemanager)
12-04 05:10:05.748   402   402 W HidlServiceManagement: Waited one second for android.hardware.keymaster@4.0::IKeymasterDevice/default
12-04 05:10:05.749   399   399 I hwservicemanager: Since android.hardware.keymaster@4.0::IKeymasterDevice/default is not registered, trying to start it as a lazy HAL.
12-04 05:10:05.749   402   402 I HidlServiceManagement: getService: Trying again for android.hardware.keymaster@4.0::IKeymasterDevice/default...
12-04 05:10:05.750   399   868 W libc    : Unable to set property "ctl.interface_start" to "android.hardware.keymaster@4.0::IKeymasterDevice/default": error code: 0x20
12-04 05:10:05.750   399   868 I hwservicemanager: Tried to start android.hardware.keymaster@4.0::IKeymasterDevice/default as a lazy service, but was unable to. Usually this happens when a service is not installed, but if the service is intended to be used as a lazy service, then it may be configured incorrectly.
12-04 05:10:05.750     0     0 E init    : Control message: Could not find 'android.hardware.keymaster@4.0::IKeymasterDevice/default' for ctl.interface_start from pid: 399 (/system/bin/hwservicemanager)
12-04 05:10:06.346     0     0 E wt_chg soc: qcom_wt_chg: wt_chg_main now = 176096 resume_time = 181096
12-04 05:10:06.354     0     0 E wt_chg soc: qcom_wt_chg: wtchg_float_charge_type_check vbus_online=0 real_type=0 float_recheck_cnt=0
12-04 05:10:06.354     0     0 E wt_chg soc: qcom_wt_chg: batt_protected_mode=0 batt_protected_mode_disable_charge=0 batt_protected_mode_disable_suspend=0
12-04 05:10:06.354     0     0 E chg_type: 0, vbus_online: 0, vbus_volt: 5000, chg_status: 2, batt_volt: 4268000, batt_current: -797000, temp: 288, health: 1, capacity: 100
12-04 05:10:06.354     0     0 E chg_temp: 317, usb_temp: 263, board_temp: 293, usb_online: 0, ac_online: 0, pd_active:0 typec_pr_role:3
12-04 05:10:06.354     0     0 I TCPC-TCPC: bat_update_work_func battery update soc = 100
12-04 05:10:06.354     0     0 I TCPC-TCPC: bat_update_work_func Battery Discharging
12-04 05:10:06.357     0     0 W healthd : battery l=100 v=4268 t=28.8 h=2 st=3 c=-797000 fc=6564000 cc=547 chg=
12-04 05:10:06.360     0     0 W healthd : battery l=100 v=4268 t=28.8 h=2 st=3 c=-797000 fc=6564000 cc=547 chg=
12-04 05:10:06.362     0     0 W healthd : battery l=100 v=4268 t=28.8 h=2 st=3 c=-797000 fc=6564000 cc=547 chg=
12-04 05:10:06.749   402   402 W HidlServiceManagement: Waited one second for android.hardware.keymaster@4.0::IKeymasterDevice/default
12-04 05:10:06.750   399   399 I hwservicemanager: Since android.hardware.keymaster@4.0::IKeymasterDevice/default is not registered, trying to start it as a lazy HAL.
12-04 05:10:06.750   402   402 I HidlServiceManagement: getService: Trying again for android.hardware.keymaster@4.0::IKeymasterDevice/default...
12-04 05:10:06.751   399   869 W libc    : Unable to set property "ctl.interface_start" to "android.hardware.keymaster@4.0::IKeymasterDevice/default": error code: 0x20
12-04 05:10:06.751   399   869 I hwservicemanager: Tried to start android.hardware.keymaster@4.0::IKeymasterDevice/default as a lazy service, but was unable to. Usually this happens when a service is not installed, but if the service is intended to be used as a lazy service, then it may be configured incorrectly.
12-04 05:10:06.751     0     0 E init    : Control message: Could not find 'android.hardware.keymaster@4.0::IKeymasterDevice/default' for ctl.interface_start from pid: 399 (/system/bin/hwservicemanager)
12-04 05:10:07.750   402   402 W HidlServiceManagement: Waited one second for android.hardware.keymaster@4.0::IKeymasterDevice/default
12-04 05:10:07.751   399   399 I hwservicemanager: Since android.hardware.keymaster@4.0::IKeymasterDevice/default is not registered, trying to start it as a lazy HAL.
12-04 05:10:07.751   402   402 I HidlServiceManagement: getService: Trying again for android.hardware.keymaster@4.0::IKeymasterDevice/default...
12-04 05:10:07.752   399   870 W libc    : Unable to set property "ctl.interface_start" to "android.hardware.keymaster@4.0::IKeymasterDevice/default": error code: 0x20
12-04 05:10:07.752   399   870 I hwservicemanager: Tried to start android.hardware.keymaster@4.0::IKeymasterDevice/default as a lazy service, but was unable to. Usually this happens when a service is not installed, but if the service is intended to be used as a lazy service, then it may be configured incorrectly.
12-04 05:10:07.751     0     0 E init    : Control message: Could not find 'android.hardware.keymaster@4.0::IKeymasterDevice/default' for ctl.interface_start from pid: 399 (/system/bin/hwservicemanager)
12-04 05:10:08.751   402   402 W HidlServiceManagement: Waited one second for android.hardware.keymaster@4.0::IKeymasterDevice/default
12-04 05:10:08.751   399   399 I hwservicemanager: Since android.hardware.keymaster@4.0::IKeymasterDevice/default is not registered, trying to start it as a lazy HAL.
12-04 05:10:08.752   402   402 I HidlServiceManagement: getService: Trying again for android.hardware.keymaster@4.0::IKeymasterDevice/default...
12-04 05:10:08.752   399   871 W libc    : Unable to set property "ctl.interface_start" to "android.hardware.keymaster@4.0::IKeymasterDevice/default": error code: 0x20
12-04 05:10:08.753   399   871 I hwservicemanager: Tried to start android.hardware.keymaster@4.0::IKeymasterDevice/default as a lazy service, but was unable to. Usually this happens when a service is not installed, but if the service is intended to be used as a lazy service, then it may be configured incorrectly.
12-04 05:10:08.752     0     0 E init    : Control message: Could not find 'android.hardware.keymaster@4.0::IKeymasterDevice/default' for ctl.interface_start from pid: 399 (/system/bin/hwservicemanager)
12-04 05:10:09.752   402   402 W HidlServiceManagement: Waited one second for android.hardware.keymaster@4.0::IKeymasterDevice/default
12-04 05:10:09.752   399   399 I hwservicemanager: Since android.hardware.keymaster@4.0::IKeymasterDevice/default is not registered, trying to start it as a lazy HAL.
12-04 05:10:09.753   402   402 I HidlServiceManagement: getService: Trying again for android.hardware.keymaster@4.0::IKeymasterDevice/default...
12-04 05:10:09.753   399   872 W libc    : Unable to set property "ctl.interface_start" to "android.hardware.keymaster@4.0::IKeymasterDevice/default": error code: 0x20
12-04 05:10:09.753   399   872 I hwservicemanager: Tried to start android.hardware.keymaster@4.0::IKeymasterDevice/default as a lazy service, but was unable to. Usually this happens when a service is not installed, but if the service is intended to be used as a lazy service, then it may be configured incorrectly.
12-04 05:10:09.753     0     0 E init    : Control message: Could not find 'android.hardware.keymaster@4.0::IKeymasterDevice/default' for ctl.interface_start from pid: 399 (/system/bin/hwservicemanager)
12-04 05:10:10.753   402   402 W HidlServiceManagement: Waited one second for android.hardware.keymaster@4.0::IKeymasterDevice/default
12-04 05:10:10.753   399   399 I hwservicemanager: Since android.hardware.keymaster@4.0::IKeymasterDevice/default is not registered, trying to start it as a lazy HAL.
12-04 05:10:10.754   402   402 I HidlServiceManagement: getService: Trying again for android.hardware.keymaster@4.0::IKeymasterDevice/default...
12-04 05:10:10.754   399   873 W libc    : Unable to set property "ctl.interface_start" to "android.hardware.keymaster@4.0::IKeymasterDevice/default": error code: 0x20
12-04 05:10:10.754   399   873 I hwservicemanager: Tried to start android.hardware.keymaster@4.0::IKeymasterDevice/default as a lazy service, but was unable to. Usually this happens when a service is not installed, but if the service is intended to be used as a lazy service, then it may be configured incorrectly.
12-04 05:10:10.754     0     0 E init    : Control message: Could not find 'android.hardware.keymaster@4.0::IKeymasterDevice/default' for ctl.interface_start from pid: 399 (/system/bin/hwservicemanager)
12-04 05:10:11.754   402   402 W HidlServiceManagement: Waited one second for android.hardware.keymaster@4.0::IKeymasterDevice/default
12-04 05:10:11.754   399   399 I hwservicemanager: Since android.hardware.keymaster@4.0::IKeymasterDevice/default is not registered, trying to start it as a lazy HAL.
12-04 05:10:11.754   402   402 I HidlServiceManagement: getService: Trying again for android.hardware.keymaster@4.0::IKeymasterDevice/default...
12-04 05:10:11.755   399   874 W libc    : Unable to set property "ctl.interface_start" to "android.hardware.keymaster@4.0::IKeymasterDevice/default": error code: 0x20
12-04 05:10:11.755   399   874 I hwservicemanager: Tried to start android.hardware.keymaster@4.0::IKeymasterDevice/default as a lazy service, but was unable to. Usually this happens when a service is not installed, but if the service is intended to be used as a lazy service, then it may be configured incorrectly.
12-04 05:10:11.755     0     0 E init    : Control message: Could not find 'android.hardware.keymaster@4.0::IKeymasterDevice/default' for ctl.interface_start from pid: 399 (/system/bin/hwservicemanager)
12-04 05:10:12.755   402   402 W HidlServiceManagement: Waited one second for android.hardware.keymaster@4.0::IKeymasterDevice/default
12-04 05:10:12.755   399   399 I hwservicemanager: Since android.hardware.keymaster@4.0::IKeymasterDevice/default is not registered, trying to start it as a lazy HAL.
12-04 05:10:12.755   402   402 I HidlServiceManagement: getService: Trying again for android.hardware.keymaster@4.0::IKeymasterDevice/default...
12-04 05:10:12.756   399   875 W libc    : Unable to set property "ctl.interface_start" to "android.hardware.keymaster@4.0::IKeymasterDevice/default": error code: 0x20
12-04 05:10:12.756   399   875 I hwservicemanager: Tried to start android.hardware.keymaster@4.0::IKeymasterDevice/default as a lazy service, but was unable to. Usually this happens when a service is not installed, but if the service is intended to be used as a lazy service, then it may be configured incorrectly.
12-04 05:10:12.756     0     0 E init    : Control message: Could not find 'android.hardware.keymaster@4.0::IKeymasterDevice/default' for ctl.interface_start from pid: 399 (/system/bin/hwservicemanager)
12-04 05:10:13.755   402   402 W HidlServiceManagement: Waited one second for android.hardware.keymaster@4.0::IKeymasterDevice/default
12-04 05:10:13.756   399   399 I hwservicemanager: Since android.hardware.keymaster@4.0::IKeymasterDevice/default is not registered, trying to start it as a lazy HAL.
12-04 05:10:13.756   402   402 I HidlServiceManagement: getService: Trying again for android.hardware.keymaster@4.0::IKeymasterDevice/default...
12-04 05:10:13.757   399   876 W libc    : Unable to set property "ctl.interface_start" to "android.hardware.keymaster@4.0::IKeymasterDevice/default": error code: 0x20
12-04 05:10:13.757   399   876 I hwservicemanager: Tried to start android.hardware.keymaster@4.0::IKeymasterDevice/default as a lazy service, but was unable to. Usually this happens when a service is not installed, but if the service is intended to be used as a lazy service, then it may be configured incorrectly.
12-04 05:10:13.757     0     0 E init    : Control message: Could not find 'android.hardware.keymaster@4.0::IKeymasterDevice/default' for ctl.interface_start from pid: 399 (/system/bin/hwservicemanager)
12-04 05:10:14.756   402   402 W HidlServiceManagement: Waited one second for android.hardware.keymaster@4.0::IKeymasterDevice/default
12-04 05:10:14.757   399   399 I hwservicemanager: Since android.hardware.keymaster@4.0::IKeymasterDevice/default is not registered, trying to start it as a lazy HAL.
12-04 05:10:14.757   402   402 I HidlServiceManagement: getService: Trying again for android.hardware.keymaster@4.0::IKeymasterDevice/default...
12-04 05:10:14.757   399   877 W libc    : Unable to set property "ctl.interface_start" to "android.hardware.keymaster@4.0::IKeymasterDevice/default": error code: 0x20
12-04 05:10:14.758   399   877 I hwservicemanager: Tried to start android.hardware.keymaster@4.0::IKeymasterDevice/default as a lazy service, but was unable to. Usually this happens when a service is not installed, but if the service is intended to be used as a lazy service, then it may be configured incorrectly.
12-04 05:10:14.757     0     0 E init    : Control message: Could not find 'android.hardware.keymaster@4.0::IKeymasterDevice/default' for ctl.interface_start from pid: 399 (/system/bin/hwservicemanager)
12-04 05:10:15.757   402   402 W HidlServiceManagement: Waited one second for android.hardware.keymaster@4.0::IKeymasterDevice/default
12-04 05:10:15.757   399   399 I hwservicemanager: Since android.hardware.keymaster@4.0::IKeymasterDevice/default is not registered, trying to start it as a lazy HAL.
12-04 05:10:15.758   402   402 I HidlServiceManagement: getService: Trying again for android.hardware.keymaster@4.0::IKeymasterDevice/default...
12-04 05:10:15.758   399   878 W libc    : Unable to set property "ctl.interface_start" to "android.hardware.keymaster@4.0::IKeymasterDevice/default": error code: 0x20
12-04 05:10:15.759   399   878 I hwservicemanager: Tried to start android.hardware.keymaster@4.0::IKeymasterDevice/default as a lazy service, but was unable to. Usually this happens when a service is not installed, but if the service is intended to be used as a lazy service, then it may be configured incorrectly.
12-04 05:10:15.758     0     0 E init    : Control message: Could not find 'android.hardware.keymaster@4.0::IKeymasterDevice/default' for ctl.interface_start from pid: 399 (/system/bin/hwservicemanager)
12-04 05:10:16.586     0     0 E wt_chg soc: qcom_wt_chg: wt_chg_main now = 186336 resume_time = 191336
12-04 05:10:16.594     0     0 E wt_chg soc: qcom_wt_chg: wtchg_float_charge_type_check vbus_online=0 real_type=0 float_recheck_cnt=0
12-04 05:10:16.594     0     0 E wt_chg soc: qcom_wt_chg: batt_protected_mode=0 batt_protected_mode_disable_charge=0 batt_protected_mode_disable_suspend=0
12-04 05:10:16.595     0     0 E chg_type: 0, vbus_online: 0, vbus_volt: 5000, chg_status: 2, batt_volt: 4265000, batt_current: -821000, temp: 288, health: 1, capacity: 99
12-04 05:10:16.595     0     0 E chg_temp: 317, usb_temp: 263, board_temp: 293, usb_online: 0, ac_online: 0, pd_active:0 typec_pr_role:3
12-04 05:10:16.595     0     0 I TCPC-TCPC: bat_update_work_func battery update soc = 99
12-04 05:10:16.595     0     0 I TCPC-TCPC: bat_update_work_func Battery Discharging
12-04 05:10:16.600     0     0 W healthd : battery l=99 v=4265 t=28.8 h=2 st=3 c=-821000 fc=6564000 cc=547 chg=
12-04 05:10:16.602     0     0 W healthd : battery l=99 v=4265 t=28.8 h=2 st=3 c=-821000 fc=6564000 cc=547 chg=
12-04 05:10:16.605     0     0 W healthd : battery l=99 v=4265 t=28.8 h=2 st=3 c=-821000 fc=6564000 cc=547 chg=
12-04 05:10:16.607     0     0 W healthd : battery l=99 v=4265 t=28.8 h=2 st=3 c=-821000 fc=6564000 cc=547 chg=
12-04 05:10:16.758   402   402 W HidlServiceManagement: Waited one second for android.hardware.keymaster@4.0::IKeymasterDevice/default
12-04 05:10:16.758   399   399 I hwservicemanager: Since android.hardware.keymaster@4.0::IKeymasterDevice/default is not registered, trying to start it as a lazy HAL.
12-04 05:10:16.759   402   402 I HidlServiceManagement: getService: Trying again for android.hardware.keymaster@4.0::IKeymasterDevice/default...
12-04 05:10:16.759   399   880 W libc    : Unable to set property "ctl.interface_start" to "android.hardware.keymaster@4.0::IKeymasterDevice/default": error code: 0x20
12-04 05:10:16.759   399   880 I hwservicemanager: Tried to start android.hardware.keymaster@4.0::IKeymasterDevice/default as a lazy service, but was unable to. Usually this happens when a service is not installed, but if the service is intended to be used as a lazy service, then it may be configured incorrectly.
12-04 05:10:16.759     0     0 E init    : Control message: Could not find 'android.hardware.keymaster@4.0::IKeymasterDevice/default' for ctl.interface_start from pid: 399 (/system/bin/hwservicemanager)
12-04 05:10:17.759   402   402 W HidlServiceManagement: Waited one second for android.hardware.keymaster@4.0::IKeymasterDevice/default
12-04 05:10:17.759   399   399 I hwservicemanager: Since android.hardware.keymaster@4.0::IKeymasterDevice/default is not registered, trying to start it as a lazy HAL.
12-04 05:10:17.759   402   402 I HidlServiceManagement: getService: Trying again for android.hardware.keymaster@4.0::IKeymasterDevice/default...
12-04 05:10:17.760   399   881 W libc    : Unable to set property "ctl.interface_start" to "android.hardware.keymaster@4.0::IKeymasterDevice/default": error code: 0x20
12-04 05:10:17.760   399   881 I hwservicemanager: Tried to start android.hardware.keymaster@4.0::IKeymasterDevice/default as a lazy service, but was unable to. Usually this happens when a service is not installed, but if the service is intended to be used as a lazy service, then it may be configured incorrectly.
12-04 05:10:17.760     0     0 E init    : Control message: Could not find 'android.hardware.keymaster@4.0::IKeymasterDevice/default' for ctl.interface_start from pid: 399 (/system/bin/hwservicemanager)
12-04 05:10:18.760   402   402 W HidlServiceManagement: Waited one second for android.hardware.keymaster@4.0::IKeymasterDevice/default
12-04 05:10:18.760   399   399 I hwservicemanager: Since android.hardware.keymaster@4.0::IKeymasterDevice/default is not registered, trying to start it as a lazy HAL.
12-04 05:10:18.760   402   402 I HidlServiceManagement: getService: Trying again for android.hardware.keymaster@4.0::IKeymasterDevice/default...
12-04 05:10:18.761   399   882 W libc    : Unable to set property "ctl.interface_start" to "android.hardware.keymaster@4.0::IKeymasterDevice/default": error code: 0x20
12-04 05:10:18.761   399   882 I hwservicemanager: Tried to start android.hardware.keymaster@4.0::IKeymasterDevice/default as a lazy service, but was unable to. Usually this happens when a service is not installed, but if the service is intended to be used as a lazy service, then it may be configured incorrectly.
12-04 05:10:18.761     0     0 E init    : Control message: Could not find 'android.hardware.keymaster@4.0::IKeymasterDevice/default' for ctl.interface_start from pid: 399 (/system/bin/hwservicemanager)
12-04 05:10:19.760   402   402 W HidlServiceManagement: Waited one second for android.hardware.keymaster@4.0::IKeymasterDevice/default
12-04 05:10:19.761   399   399 I hwservicemanager: Since android.hardware.keymaster@4.0::IKeymasterDevice/default is not registered, trying to start it as a lazy HAL.
12-04 05:10:19.761   402   402 I HidlServiceManagement: getService: Trying again for android.hardware.keymaster@4.0::IKeymasterDevice/default...
12-04 05:10:19.762   399   883 W libc    : Unable to set property "ctl.interface_start" to "android.hardware.keymaster@4.0::IKeymasterDevice/default": error code: 0x20
12-04 05:10:19.762   399   883 I hwservicemanager: Tried to start android.hardware.keymaster@4.0::IKeymasterDevice/default as a lazy service, but was unable to. Usually this happens when a service is not installed, but if the service is intended to be used as a lazy service, then it may be configured incorrectly.
12-04 05:10:19.762     0     0 E init    : Control message: Could not find 'android.hardware.keymaster@4.0::IKeymasterDevice/default' for ctl.interface_start from pid: 399 (/system/bin/hwservicemanager)
12-04 05:10:20.761   402   402 W HidlServiceManagement: Waited one second for android.hardware.keymaster@4.0::IKeymasterDevice/default
12-04 05:10:20.762   399   399 I hwservicemanager: Since android.hardware.keymaster@4.0::IKeymasterDevice/default is not registered, trying to start it as a lazy HAL.
12-04 05:10:20.762   402   402 I HidlServiceManagement: getService: Trying again for android.hardware.keymaster@4.0::IKeymasterDevice/default...
12-04 05:10:20.763   399   884 W libc    : Unable to set property "ctl.interface_start" to "android.hardware.keymaster@4.0::IKeymasterDevice/default": error code: 0x20
12-04 05:10:20.763   399   884 I hwservicemanager: Tried to start android.hardware.keymaster@4.0::IKeymasterDevice/default as a lazy service, but was unable to. Usually this happens when a service is not installed, but if the service is intended to be used as a lazy service, then it may be configured incorrectly.
12-04 05:10:20.763     0     0 E init    : Control message: Could not find 'android.hardware.keymaster@4.0::IKeymasterDevice/default' for ctl.interface_start from pid: 399 (/system/bin/hwservicemanager)
12-04 05:10:21.762   402   402 W HidlServiceManagement: Waited one second for android.hardware.keymaster@4.0::IKeymasterDevice/default
12-04 05:10:21.763   399   399 I hwservicemanager: Since android.hardware.keymaster@4.0::IKeymasterDevice/default is not registered, trying to start it as a lazy HAL.
12-04 05:10:21.763   402   402 I HidlServiceManagement: getService: Trying again for android.hardware.keymaster@4.0::IKeymasterDevice/default...
12-04 05:10:21.763   399   885 W libc    : Unable to set property "ctl.interface_start" to "android.hardware.keymaster@4.0::IKeymasterDevice/default": error code: 0x20
12-04 05:10:21.764   399   885 I hwservicemanager: Tried to start android.hardware.keymaster@4.0::IKeymasterDevice/default as a lazy service, but was unable to. Usually this happens when a service is not installed, but if the service is intended to be used as a lazy service, then it may be configured incorrectly.
12-04 05:10:21.763     0     0 E init    : Control message: Could not find 'android.hardware.keymaster@4.0::IKeymasterDevice/default' for ctl.interface_start from pid: 399 (/system/bin/hwservicemanager)
12-04 05:10:22.763   402   402 W HidlServiceManagement: Waited one second for android.hardware.keymaster@4.0::IKeymasterDevice/default
12-04 05:10:22.763   399   399 I hwservicemanager: Since android.hardware.keymaster@4.0::IKeymasterDevice/default is not registered, trying to start it as a lazy HAL.
12-04 05:10:22.764   402   402 I HidlServiceManagement: getService: Trying again for android.hardware.keymaster@4.0::IKeymasterDevice/default...
12-04 05:10:22.764   399   886 W libc    : Unable to set property "ctl.interface_start" to "android.hardware.keymaster@4.0::IKeymasterDevice/default": error code: 0x20
12-04 05:10:22.764   399   886 I hwservicemanager: Tried to start android.hardware.keymaster@4.0::IKeymasterDevice/default as a lazy service, but was unable to. Usually this happens when a service is not installed, but if the service is intended to be used as a lazy service, then it may be configured incorrectly.
12-04 05:10:22.764     0     0 E init    : Control message: Could not find 'android.hardware.keymaster@4.0::IKeymasterDevice/default' for ctl.interface_start from pid: 399 (/system/bin/hwservicemanager)
12-04 05:10:23.764   402   402 W HidlServiceManagement: Waited one second for android.hardware.keymaster@4.0::IKeymasterDevice/default
12-04 05:10:23.764   399   399 I hwservicemanager: Since android.hardware.keymaster@4.0::IKeymasterDevice/default is not registered, trying to start it as a lazy HAL.
12-04 05:10:23.765   402   402 I HidlServiceManagement: getService: Trying again for android.hardware.keymaster@4.0::IKeymasterDevice/default...
12-04 05:10:23.765   399   887 W libc    : Unable to set property "ctl.interface_start" to "android.hardware.keymaster@4.0::IKeymasterDevice/default": error code: 0x20
12-04 05:10:23.765   399   887 I hwservicemanager: Tried to start android.hardware.keymaster@4.0::IKeymasterDevice/default as a lazy service, but was unable to. Usually this happens when a service is not installed, but if the service is intended to be used as a lazy service, then it may be configured incorrectly.
12-04 05:10:23.765     0     0 E init    : Control message: Could not find 'android.hardware.keymaster@4.0::IKeymasterDevice/default' for ctl.interface_start from pid: 399 (/system/bin/hwservicemanager)
12-04 05:10:24.765   402   402 W HidlServiceManagement: Waited one second for android.hardware.keymaster@4.0::IKeymasterDevice/default
12-04 05:10:24.765   399   399 I hwservicemanager: Since android.hardware.keymaster@4.0::IKeymasterDevice/default is not registered, trying to start it as a lazy HAL.
12-04 05:10:24.765   402   402 I HidlServiceManagement: getService: Trying again for android.hardware.keymaster@4.0::IKeymasterDevice/default...
12-04 05:10:24.766   399   888 W libc    : Unable to set property "ctl.interface_start" to "android.hardware.keymaster@4.0::IKeymasterDevice/default": error code: 0x20
12-04 05:10:24.766     0     0 E init    : Control message: Could not find 'android.hardware.keymaster@4.0::IKeymasterDevice/default' for ctl.interface_start from pid: 399 (/system/bin/hwservicemanager)
12-04 05:10:24.766   399   888 I hwservicemanager: Tried to start android.hardware.keymaster@4.0::IKeymasterDevice/default as a lazy service, but was unable to. Usually this happens when a service is not installed, but if the service is intended to be used as a lazy service, then it may be configured incorrectly.
12-04 05:10:25.766   402   402 W HidlServiceManagement: Waited one second for android.hardware.keymaster@4.0::IKeymasterDevice/default
12-04 05:10:25.766   399   399 I hwservicemanager: Since android.hardware.keymaster@4.0::IKeymasterDevice/default is not registered, trying to start it as a lazy HAL.
12-04 05:10:25.766   402   402 I HidlServiceManagement: getService: Trying again for android.hardware.keymaster@4.0::IKeymasterDevice/default...
12-04 05:10:25.767   399   889 W libc    : Unable to set property "ctl.interface_start" to "android.hardware.keymaster@4.0::IKeymasterDevice/default": error code: 0x20
12-04 05:10:25.767   399   889 I hwservicemanager: Tried to start android.hardware.keymaster@4.0::IKeymasterDevice/default as a lazy service, but was unable to. Usually this happens when a service is not installed, but if the service is intended to be used as a lazy service, then it may be configured incorrectly.
12-04 05:10:25.767     0     0 E init    : Control message: Could not find 'android.hardware.keymaster@4.0::IKeymasterDevice/default' for ctl.interface_start from pid: 399 (/system/bin/hwservicemanager)
12-04 05:10:26.766   402   402 W HidlServiceManagement: Waited one second for android.hardware.keymaster@4.0::IKeymasterDevice/default
12-04 05:10:26.767   399   399 I hwservicemanager: Since android.hardware.keymaster@4.0::IKeymasterDevice/default is not registered, trying to start it as a lazy HAL.
12-04 05:10:26.767   402   402 I HidlServiceManagement: getService: Trying again for android.hardware.keymaster@4.0::IKeymasterDevice/default...
12-04 05:10:26.768   399   890 W libc    : Unable to set property "ctl.interface_start" to "android.hardware.keymaster@4.0::IKeymasterDevice/default": error code: 0x20
12-04 05:10:26.768   399   890 I hwservicemanager: Tried to start android.hardware.keymaster@4.0::IKeymasterDevice/default as a lazy service, but was unable to. Usually this happens when a service is not installed, but if the service is intended to be used as a lazy service, then it may be configured incorrectly.
12-04 05:10:26.768     0     0 E init    : Control message: Could not find 'android.hardware.keymaster@4.0::IKeymasterDevice/default' for ctl.interface_start from pid: 399 (/system/bin/hwservicemanager)
12-04 05:10:26.826     0     0 E wt_chg soc: qcom_wt_chg: wt_chg_main now = 196576 resume_time = 201576
12-04 05:10:26.834     0     0 E wt_chg soc: qcom_wt_chg: wtchg_float_charge_type_check vbus_online=0 real_type=0 float_recheck_cnt=0
12-04 05:10:26.834     0     0 E wt_chg soc: qcom_wt_chg: batt_protected_mode=0 batt_protected_mode_disable_charge=0 batt_protected_mode_disable_suspend=0
12-04 05:10:26.834     0     0 E chg_type: 0, vbus_online: 0, vbus_volt: 5000, chg_status: 2, batt_volt: 4268000, batt_current: -798000, temp: 288, health: 1, capacity: 99
12-04 05:10:26.834     0     0 E chg_temp: 317, usb_temp: 263, board_temp: 293, usb_online: 0, ac_online: 0, pd_active:0 typec_pr_role:3
12-04 05:10:26.834     0     0 I TCPC-TCPC: bat_update_work_func battery update soc = 99
12-04 05:10:26.834     0     0 I TCPC-TCPC: bat_update_work_func Battery Discharging
12-04 05:10:26.836     0     0 W healthd : battery l=99 v=4268 t=28.8 h=2 st=3 c=-798000 fc=6564000 cc=547 chg=
12-04 05:10:26.838     0     0 W healthd : battery l=99 v=4268 t=28.8 h=2 st=3 c=-798000 fc=6564000 cc=547 chg=
12-04 05:10:26.841     0     0 W healthd : battery l=99 v=4268 t=28.8 h=2 st=3 c=-798000 fc=6564000 cc=547 chg=
12-04 05:10:27.767   402   402 W HidlServiceManagement: Waited one second for android.hardware.keymaster@4.0::IKeymasterDevice/default
12-04 05:10:27.768   399   399 I hwservicemanager: Since android.hardware.keymaster@4.0::IKeymasterDevice/default is not registered, trying to start it as a lazy HAL.
12-04 05:10:27.768   402   402 I HidlServiceManagement: getService: Trying again for android.hardware.keymaster@4.0::IKeymasterDevice/default...
12-04 05:10:27.769   399   891 W libc    : Unable to set property "ctl.interface_start" to "android.hardware.keymaster@4.0::IKeymasterDevice/default": error code: 0x20
12-04 05:10:27.769   399   891 I hwservicemanager: Tried to start android.hardware.keymaster@4.0::IKeymasterDevice/default as a lazy service, but was unable to. Usually this happens when a service is not installed, but if the service is intended to be used as a lazy service, then it may be configured incorrectly.
12-04 05:10:27.768     0     0 E init    : Control message: Could not find 'android.hardware.keymaster@4.0::IKeymasterDevice/default' for ctl.interface_start from pid: 399 (/system/bin/hwservicemanager)
12-04 05:10:28.768   402   402 W HidlServiceManagement: Waited one second for android.hardware.keymaster@4.0::IKeymasterDevice/default
12-04 05:10:28.768   399   399 I hwservicemanager: Since android.hardware.keymaster@4.0::IKeymasterDevice/default is not registered, trying to start it as a lazy HAL.
12-04 05:10:28.769   402   402 I HidlServiceManagement: getService: Trying again for android.hardware.keymaster@4.0::IKeymasterDevice/default...
12-04 05:10:28.769   399   892 W libc    : Unable to set property "ctl.interface_start" to "android.hardware.keymaster@4.0::IKeymasterDevice/default": error code: 0x20
12-04 05:10:28.770   399   892 I hwservicemanager: Tried to start android.hardware.keymaster@4.0::IKeymasterDevice/default as a lazy service, but was unable to. Usually this happens when a service is not installed, but if the service is intended to be used as a lazy service, then it may be configured incorrectly.
12-04 05:10:28.769     0     0 E init    : Control message: Could not find 'android.hardware.keymaster@4.0::IKeymasterDevice/default' for ctl.interface_start from pid: 399 (/system/bin/hwservicemanager)
12-04 05:10:29.769   402   402 W HidlServiceManagement: Waited one second for android.hardware.keymaster@4.0::IKeymasterDevice/default
12-04 05:10:29.769   399   399 I hwservicemanager: Since android.hardware.keymaster@4.0::IKeymasterDevice/default is not registered, trying to start it as a lazy HAL.
12-04 05:10:29.770   402   402 I HidlServiceManagement: getService: Trying again for android.hardware.keymaster@4.0::IKeymasterDevice/default...
12-04 05:10:29.770   399   893 W libc    : Unable to set property "ctl.interface_start" to "android.hardware.keymaster@4.0::IKeymasterDevice/default": error code: 0x20
12-04 05:10:29.770   399   893 I hwservicemanager: Tried to start android.hardware.keymaster@4.0::IKeymasterDevice/default as a lazy service, but was unable to. Usually this happens when a service is not installed, but if the service is intended to be used as a lazy service, then it may be configured incorrectly.
12-04 05:10:29.770     0     0 E init    : Control message: Could not find 'android.hardware.keymaster@4.0::IKeymasterDevice/default' for ctl.interface_start from pid: 399 (/system/bin/hwservicemanager)
12-04 05:10:30.770   402   402 W HidlServiceManagement: Waited one second for android.hardware.keymaster@4.0::IKeymasterDevice/default
12-04 05:10:30.770   399   399 I hwservicemanager: Since android.hardware.keymaster@4.0::IKeymasterDevice/default is not registered, trying to start it as a lazy HAL.
12-04 05:10:30.771   402   402 I HidlServiceManagement: getService: Trying again for android.hardware.keymaster@4.0::IKeymasterDevice/default...
12-04 05:10:30.771   399   894 W libc    : Unable to set property "ctl.interface_start" to "android.hardware.keymaster@4.0::IKeymasterDevice/default": error code: 0x20
12-04 05:10:30.771   399   894 I hwservicemanager: Tried to start android.hardware.keymaster@4.0::IKeymasterDevice/default as a lazy service, but was unable to. Usually this happens when a service is not installed, but if the service is intended to be used as a lazy service, then it may be configured incorrectly.
12-04 05:10:30.771     0     0 E init    : Control message: Could not find 'android.hardware.keymaster@4.0::IKeymasterDevice/default' for ctl.interface_start from pid: 399 (/system/bin/hwservicemanager)
12-04 05:10:31.771   402   402 W HidlServiceManagement: Waited one second for android.hardware.keymaster@4.0::IKeymasterDevice/default
12-04 05:10:31.771   399   399 I hwservicemanager: Since android.hardware.keymaster@4.0::IKeymasterDevice/default is not registered, trying to start it as a lazy HAL.
12-04 05:10:31.772   402   402 I HidlServiceManagement: getService: Trying again for android.hardware.keymaster@4.0::IKeymasterDevice/default...
12-04 05:10:31.773   399   895 W libc    : Unable to set property "ctl.interface_start" to "android.hardware.keymaster@4.0::IKeymasterDevice/default": error code: 0x20
12-04 05:10:31.773   399   895 I hwservicemanager: Tried to start android.hardware.keymaster@4.0::IKeymasterDevice/default as a lazy service, but was unable to. Usually this happens when a service is not installed, but if the service is intended to be used as a lazy service, then it may be configured incorrectly.
12-04 05:10:31.773     0     0 E init    : Control message: Could not find 'android.hardware.keymaster@4.0::IKeymasterDevice/default' for ctl.interface_start from pid: 399 (/system/bin/hwservicemanager)
12-04 05:10:32.772   402   402 W HidlServiceManagement: Waited one second for android.hardware.keymaster@4.0::IKeymasterDevice/default
12-04 05:10:32.772   399   399 I hwservicemanager: Since android.hardware.keymaster@4.0::IKeymasterDevice/default is not registered, trying to start it as a lazy HAL.
12-04 05:10:32.773   402   402 I HidlServiceManagement: getService: Trying again for android.hardware.keymaster@4.0::IKeymasterDevice/default...
12-04 05:10:32.773   399   896 W libc    : Unable to set property "ctl.interface_start" to "android.hardware.keymaster@4.0::IKeymasterDevice/default": error code: 0x20
12-04 05:10:32.774   399   896 I hwservicemanager: Tried to start android.hardware.keymaster@4.0::IKeymasterDevice/default as a lazy service, but was unable to. Usually this happens when a service is not installed, but if the service is intended to be used as a lazy service, then it may be configured incorrectly.
12-04 05:10:32.773     0     0 E init    : Control message: Could not find 'android.hardware.keymaster@4.0::IKeymasterDevice/default' for ctl.interface_start from pid: 399 (/system/bin/hwservicemanager)
12-04 05:10:33.773   402   402 W HidlServiceManagement: Waited one second for android.hardware.keymaster@4.0::IKeymasterDevice/default
12-04 05:10:33.773   399   399 I hwservicemanager: Since android.hardware.keymaster@4.0::IKeymasterDevice/default is not registered, trying to start it as a lazy HAL.
12-04 05:10:33.774   402   402 I HidlServiceManagement: getService: Trying again for android.hardware.keymaster@4.0::IKeymasterDevice/default...
12-04 05:10:33.774   399   897 W libc    : Unable to set property "ctl.interface_start" to "android.hardware.keymaster@4.0::IKeymasterDevice/default": error code: 0x20
12-04 05:10:33.774   399   897 I hwservicemanager: Tried to start android.hardware.keymaster@4.0::IKeymasterDevice/default as a lazy service, but was unable to. Usually this happens when a service is not installed, but if the service is intended to be used as a lazy service, then it may be configured incorrectly.
12-04 05:10:33.774     0     0 E init    : Control message: Could not find 'android.hardware.keymaster@4.0::IKeymasterDevice/default' for ctl.interface_start from pid: 399 (/system/bin/hwservicemanager)
12-04 05:10:34.774   402   402 W HidlServiceManagement: Waited one second for android.hardware.keymaster@4.0::IKeymasterDevice/default
12-04 05:10:34.774   399   399 I hwservicemanager: Since android.hardware.keymaster@4.0::IKeymasterDevice/default is not registered, trying to start it as a lazy HAL.
12-04 05:10:34.774   402   402 I HidlServiceManagement: getService: Trying again for android.hardware.keymaster@4.0::IKeymasterDevice/default...
12-04 05:10:34.775   399   898 W libc    : Unable to set property "ctl.interface_start" to "android.hardware.keymaster@4.0::IKeymasterDevice/default": error code: 0x20
12-04 05:10:34.775   399   898 I hwservicemanager: Tried to start android.hardware.keymaster@4.0::IKeymasterDevice/default as a lazy service, but was unable to. Usually this happens when a service is not installed, but if the service is intended to be used as a lazy service, then it may be configured incorrectly.
12-04 05:10:34.775     0     0 E init    : Control message: Could not find 'android.hardware.keymaster@4.0::IKeymasterDevice/default' for ctl.interface_start from pid: 399 (/system/bin/hwservicemanager)
12-04 05:10:35.775   402   402 W HidlServiceManagement: Waited one second for android.hardware.keymaster@4.0::IKeymasterDevice/default
12-04 05:10:35.775   399   399 I hwservicemanager: Since android.hardware.keymaster@4.0::IKeymasterDevice/default is not registered, trying to start it as a lazy HAL.
12-04 05:10:35.775   402   402 I HidlServiceManagement: getService: Trying again for android.hardware.keymaster@4.0::IKeymasterDevice/default...
12-04 05:10:35.776   399   899 W libc    : Unable to set property "ctl.interface_start" to "android.hardware.keymaster@4.0::IKeymasterDevice/default": error code: 0x20
12-04 05:10:35.776   399   899 I hwservicemanager: Tried to start android.hardware.keymaster@4.0::IKeymasterDevice/default as a lazy service, but was unable to. Usually this happens when a service is not installed, but if the service is intended to be used as a lazy service, then it may be configured incorrectly.
12-04 05:10:35.776     0     0 E init    : Control message: Could not find 'android.hardware.keymaster@4.0::IKeymasterDevice/default' for ctl.interface_start from pid: 399 (/system/bin/hwservicemanager)
12-04 05:10:36.775   402   402 W HidlServiceManagement: Waited one second for android.hardware.keymaster@4.0::IKeymasterDevice/default
12-04 05:10:36.776   399   399 I hwservicemanager: Since android.hardware.keymaster@4.0::IKeymasterDevice/default is not registered, trying to start it as a lazy HAL.
12-04 05:10:36.776   402   402 I HidlServiceManagement: getService: Trying again for android.hardware.keymaster@4.0::IKeymasterDevice/default...
12-04 05:10:36.777   399   900 W libc    : Unable to set property "ctl.interface_start" to "android.hardware.keymaster@4.0::IKeymasterDevice/default": error code: 0x20
12-04 05:10:36.777   399   900 I hwservicemanager: Tried to start android.hardware.keymaster@4.0::IKeymasterDevice/default as a lazy service, but was unable to. Usually this happens when a service is not installed, but if the service is intended to be used as a lazy service, then it may be configured incorrectly.
12-04 05:10:36.777     0     0 E init    : Control message: Could not find 'android.hardware.keymaster@4.0::IKeymasterDevice/default' for ctl.interface_start from pid: 399 (/system/bin/hwservicemanager)
12-04 05:10:37.066     0     0 E wt_chg soc: qcom_wt_chg: wt_chg_main now = 206816 resume_time = 211816
12-04 05:10:37.074     0     0 E wt_chg soc: qcom_wt_chg: wtchg_float_charge_type_check vbus_online=0 real_type=0 float_recheck_cnt=0
12-04 05:10:37.074     0     0 E wt_chg soc: qcom_wt_chg: batt_protected_mode=0 batt_protected_mode_disable_charge=0 batt_protected_mode_disable_suspend=0
12-04 05:10:37.074     0     0 E chg_type: 0, vbus_online: 0, vbus_volt: 5000, chg_status: 2, batt_volt: 4267000, batt_current: -771000, temp: 288, health: 1, capacity: 99
12-04 05:10:37.074     0     0 E chg_temp: 317, usb_temp: 263, board_temp: 293, usb_online: 0, ac_online: 0, pd_active:0 typec_pr_role:3
12-04 05:10:37.074     0     0 I TCPC-TCPC: bat_update_work_func battery update soc = 99
12-04 05:10:37.074     0     0 I TCPC-TCPC: bat_update_work_func Battery Discharging
12-04 05:10:37.078     0     0 W healthd : battery l=99 v=4267 t=28.8 h=2 st=3 c=-771000 fc=6564000 cc=547 chg=
12-04 05:10:37.081     0     0 W healthd : battery l=99 v=4267 t=28.8 h=2 st=3 c=-771000 fc=6564000 cc=547 chg=
12-04 05:10:37.083     0     0 W healthd : battery l=99 v=4267 t=28.8 h=2 st=3 c=-771000 fc=6564000 cc=547 chg=
12-04 05:10:37.776   402   402 W HidlServiceManagement: Waited one second for android.hardware.keymaster@4.0::IKeymasterDevice/default
12-04 05:10:37.777   399   399 I hwservicemanager: Since android.hardware.keymaster@4.0::IKeymasterDevice/default is not registered, trying to start it as a lazy HAL.
12-04 05:10:37.777   402   402 I HidlServiceManagement: getService: Trying again for android.hardware.keymaster@4.0::IKeymasterDevice/default...
12-04 05:10:37.778   399   901 W libc    : Unable to set property "ctl.interface_start" to "android.hardware.keymaster@4.0::IKeymasterDevice/default": error code: 0x20
12-04 05:10:37.778   399   901 I hwservicemanager: Tried to start android.hardware.keymaster@4.0::IKeymasterDevice/default as a lazy service, but was unable to. Usually this happens when a service is not installed, but if the service is intended to be used as a lazy service, then it may be configured incorrectly.
12-04 05:10:37.778     0     0 E init    : Control message: Could not find 'android.hardware.keymaster@4.0::IKeymasterDevice/default' for ctl.interface_start from pid: 399 (/system/bin/hwservicemanager)
12-04 05:10:38.777   402   402 W HidlServiceManagement: Waited one second for android.hardware.keymaster@4.0::IKeymasterDevice/default
12-04 05:10:38.778   399   399 I hwservicemanager: Since android.hardware.keymaster@4.0::IKeymasterDevice/default is not registered, trying to start it as a lazy HAL.
12-04 05:10:38.778   402   402 I HidlServiceManagement: getService: Trying again for android.hardware.keymaster@4.0::IKeymasterDevice/default...
12-04 05:10:38.779   399   902 W libc    : Unable to set property "ctl.interface_start" to "android.hardware.keymaster@4.0::IKeymasterDevice/default": error code: 0x20
12-04 05:10:38.779   399   902 I hwservicemanager: Tried to start android.hardware.keymaster@4.0::IKeymasterDevice/default as a lazy service, but was unable to. Usually this happens when a service is not installed, but if the service is intended to be used as a lazy service, then it may be configured incorrectly.
12-04 05:10:38.778     0     0 E init    : Control message: Could not find 'android.hardware.keymaster@4.0::IKeymasterDevice/default' for ctl.interface_start from pid: 399 (/system/bin/hwservicemanager)
12-04 05:10:39.778   402   402 W HidlServiceManagement: Waited one second for android.hardware.keymaster@4.0::IKeymasterDevice/default
12-04 05:10:39.778   399   399 I hwservicemanager: Since android.hardware.keymaster@4.0::IKeymasterDevice/default is not registered, trying to start it as a lazy HAL.
12-04 05:10:39.779   402   402 I HidlServiceManagement: getService: Trying again for android.hardware.keymaster@4.0::IKeymasterDevice/default...
12-04 05:10:39.779   399   903 W libc    : Unable to set property "ctl.interface_start" to "android.hardware.keymaster@4.0::IKeymasterDevice/default": error code: 0x20
12-04 05:10:39.780   399   903 I hwservicemanager: Tried to start android.hardware.keymaster@4.0::IKeymasterDevice/default as a lazy service, but was unable to. Usually this happens when a service is not installed, but if the service is intended to be used as a lazy service, then it may be configured incorrectly.
12-04 05:10:39.779     0     0 E init    : Control message: Could not find 'android.hardware.keymaster@4.0::IKeymasterDevice/default' for ctl.interface_start from pid: 399 (/system/bin/hwservicemanager)
12-04 05:10:40.779   402   402 W HidlServiceManagement: Waited one second for android.hardware.keymaster@4.0::IKeymasterDevice/default
12-04 05:10:40.779   399   399 I hwservicemanager: Since android.hardware.keymaster@4.0::IKeymasterDevice/default is not registered, trying to start it as a lazy HAL.
12-04 05:10:40.780   402   402 I HidlServiceManagement: getService: Trying again for android.hardware.keymaster@4.0::IKeymasterDevice/default...
12-04 05:10:40.780   399   904 W libc    : Unable to set property "ctl.interface_start" to "android.hardware.keymaster@4.0::IKeymasterDevice/default": error code: 0x20
12-04 05:10:40.780   399   904 I hwservicemanager: Tried to start android.hardware.keymaster@4.0::IKeymasterDevice/default as a lazy service, but was unable to. Usually this happens when a service is not installed, but if the service is intended to be used as a lazy service, then it may be configured incorrectly.
12-04 05:10:40.780     0     0 E init    : Control message: Could not find 'android.hardware.keymaster@4.0::IKeymasterDevice/default' for ctl.interface_start from pid: 399 (/system/bin/hwservicemanager)
12-04 05:10:41.780   402   402 W HidlServiceManagement: Waited one second for android.hardware.keymaster@4.0::IKeymasterDevice/default
12-04 05:10:41.780   399   399 I hwservicemanager: Since android.hardware.keymaster@4.0::IKeymasterDevice/default is not registered, trying to start it as a lazy HAL.
12-04 05:10:41.780   402   402 I HidlServiceManagement: getService: Trying again for android.hardware.keymaster@4.0::IKeymasterDevice/default...
12-04 05:10:41.781   399   905 W libc    : Unable to set property "ctl.interface_start" to "android.hardware.keymaster@4.0::IKeymasterDevice/default": error code: 0x20
12-04 05:10:41.781   399   905 I hwservicemanager: Tried to start android.hardware.keymaster@4.0::IKeymasterDevice/default as a lazy service, but was unable to. Usually this happens when a service is not installed, but if the service is intended to be used as a lazy service, then it may be configured incorrectly.
12-04 05:10:41.781     0     0 E init    : Control message: Could not find 'android.hardware.keymaster@4.0::IKeymasterDevice/default' for ctl.interface_start from pid: 399 (/system/bin/hwservicemanager)
12-04 05:10:42.781   402   402 W HidlServiceManagement: Waited one second for android.hardware.keymaster@4.0::IKeymasterDevice/default
12-04 05:10:42.781   399   399 I hwservicemanager: Since android.hardware.keymaster@4.0::IKeymasterDevice/default is not registered, trying to start it as a lazy HAL.
12-04 05:10:42.781   402   402 I HidlServiceManagement: getService: Trying again for android.hardware.keymaster@4.0::IKeymasterDevice/default...
12-04 05:10:42.782   399   906 W libc    : Unable to set property "ctl.interface_start" to "android.hardware.keymaster@4.0::IKeymasterDevice/default": error code: 0x20
12-04 05:10:42.782     0     0 E init    : Control message: Could not find 'android.hardware.keymaster@4.0::IKeymasterDevice/default' for ctl.interface_start from pid: 399 (/system/bin/hwservicemanager)
12-04 05:10:42.782   399   906 I hwservicemanager: Tried to start android.hardware.keymaster@4.0::IKeymasterDevice/default as a lazy service, but was unable to. Usually this happens when a service is not installed, but if the service is intended to be used as a lazy service, then it may be configured incorrectly.
12-04 05:10:43.781   402   402 W HidlServiceManagement: Waited one second for android.hardware.keymaster@4.0::IKeymasterDevice/default
12-04 05:10:43.782   399   399 I hwservicemanager: Since android.hardware.keymaster@4.0::IKeymasterDevice/default is not registered, trying to start it as a lazy HAL.
12-04 05:10:43.782   402   402 I HidlServiceManagement: getService: Trying again for android.hardware.keymaster@4.0::IKeymasterDevice/default...
12-04 05:10:43.783   399   907 W libc    : Unable to set property "ctl.interface_start" to "android.hardware.keymaster@4.0::IKeymasterDevice/default": error code: 0x20
12-04 05:10:43.783   399   907 I hwservicemanager: Tried to start android.hardware.keymaster@4.0::IKeymasterDevice/default as a lazy service, but was unable to. Usually this happens when a service is not installed, but if the service is intended to be used as a lazy service, then it may be configured incorrectly.
12-04 05:10:43.783     0     0 E init    : Control message: Could not find 'android.hardware.keymaster@4.0::IKeymasterDevice/default' for ctl.interface_start from pid: 399 (/system/bin/hwservicemanager)
12-04 05:10:43.832     0     0 E         : bl_scale = 1024, bl_scale_sv = 65535, bl_lvl = 73
12-04 05:10:44.782   402   402 W HidlServiceManagement: Waited one second for android.hardware.keymaster@4.0::IKeymasterDevice/default
12-04 05:10:44.782   399   399 I hwservicemanager: Since android.hardware.keymaster@4.0::IKeymasterDevice/default is not registered, trying to start it as a lazy HAL.
12-04 05:10:44.783   402   402 I HidlServiceManagement: getService: Trying again for android.hardware.keymaster@4.0::IKeymasterDevice/default...
12-04 05:10:44.783   399   908 W libc    : Unable to set property "ctl.interface_start" to "android.hardware.keymaster@4.0::IKeymasterDevice/default": error code: 0x20
12-04 05:10:44.784   399   908 I hwservicemanager: Tried to start android.hardware.keymaster@4.0::IKeymasterDevice/default as a lazy service, but was unable to. Usually this happens when a service is not installed, but if the service is intended to be used as a lazy service, then it may be configured incorrectly.
12-04 05:10:44.783     0     0 E init    : Control message: Could not find 'android.hardware.keymaster@4.0::IKeymasterDevice/default' for ctl.interface_start from pid: 399 (/system/bin/hwservicemanager)
12-04 05:10:45.783   402   402 W HidlServiceManagement: Waited one second for android.hardware.keymaster@4.0::IKeymasterDevice/default
12-04 05:10:45.783   399   399 I hwservicemanager: Since android.hardware.keymaster@4.0::IKeymasterDevice/default is not registered, trying to start it as a lazy HAL.
12-04 05:10:45.784   402   402 I HidlServiceManagement: getService: Trying again for android.hardware.keymaster@4.0::IKeymasterDevice/default...
12-04 05:10:45.784   399   909 W libc    : Unable to set property "ctl.interface_start" to "android.hardware.keymaster@4.0::IKeymasterDevice/default": error code: 0x20
12-04 05:10:45.784   399   909 I hwservicemanager: Tried to start android.hardware.keymaster@4.0::IKeymasterDevice/default as a lazy service, but was unable to. Usually this happens when a service is not installed, but if the service is intended to be used as a lazy service, then it may be configured incorrectly.
12-04 05:10:45.784     0     0 E init    : Control message: Could not find 'android.hardware.keymaster@4.0::IKeymasterDevice/default' for ctl.interface_start from pid: 399 (/system/bin/hwservicemanager)
12-04 05:10:46.399     0     0 E         : bl_scale = 1024, bl_scale_sv = 65535, bl_lvl = 0
12-04 05:10:46.784   402   402 W HidlServiceManagement: Waited one second for android.hardware.keymaster@4.0::IKeymasterDevice/default
12-04 05:10:46.784   399   399 I hwservicemanager: Since android.hardware.keymaster@4.0::IKeymasterDevice/default is not registered, trying to start it as a lazy HAL.
12-04 05:10:46.784   402   402 I HidlServiceManagement: getService: Trying again for android.hardware.keymaster@4.0::IKeymasterDevice/default...
12-04 05:10:46.785   399   910 W libc    : Unable to set property "ctl.interface_start" to "android.hardware.keymaster@4.0::IKeymasterDevice/default": error code: 0x20
12-04 05:10:46.785   399   910 I hwservicemanager: Tried to start android.hardware.keymaster@4.0::IKeymasterDevice/default as a lazy service, but was unable to. Usually this happens when a service is not installed, but if the service is intended to be used as a lazy service, then it may be configured incorrectly.
12-04 05:10:46.785     0     0 E init    : Control message: Could not find 'android.hardware.keymaster@4.0::IKeymasterDevice/default' for ctl.interface_start from pid: 399 (/system/bin/hwservicemanager)
12-04 05:10:47.306     0     0 E wt_chg soc: qcom_wt_chg: wt_chg_main now = 217056 resume_time = 222056
12-04 05:10:47.314     0     0 E wt_chg soc: qcom_wt_chg: wtchg_float_charge_type_check vbus_online=0 real_type=0 float_recheck_cnt=0
12-04 05:10:47.314     0     0 E wt_chg soc: qcom_wt_chg: batt_protected_mode=0 batt_protected_mode_disable_charge=0 batt_protected_mode_disable_suspend=0
12-04 05:10:47.314     0     0 E chg_type: 0, vbus_online: 0, vbus_volt: 5000, chg_status: 2, batt_volt: 4296000, batt_current: -445000, temp: 288, health: 1, capacity: 99
12-04 05:10:47.314     0     0 E chg_temp: 317, usb_temp: 263, board_temp: 293, usb_online: 0, ac_online: 0, pd_active:0 typec_pr_role:3
12-04 05:10:47.314     0     0 I TCPC-TCPC: bat_update_work_func battery update soc = 99
12-04 05:10:47.314     0     0 I TCPC-TCPC: bat_update_work_func Battery Discharging
12-04 05:10:47.318     0     0 W healthd : battery l=99 v=4296 t=28.8 h=2 st=3 c=-445000 fc=6564000 cc=547 chg=
12-04 05:10:47.321     0     0 W healthd : battery l=99 v=4296 t=28.8 h=2 st=3 c=-445000 fc=6564000 cc=547 chg=
12-04 05:10:47.323     0     0 W healthd : battery l=99 v=4296 t=28.8 h=2 st=3 c=-445000 fc=6564000 cc=547 chg=
12-04 05:10:47.785   402   402 W HidlServiceManagement: Waited one second for android.hardware.keymaster@4.0::IKeymasterDevice/default
12-04 05:10:47.785   399   399 I hwservicemanager: Since android.hardware.keymaster@4.0::IKeymasterDevice/default is not registered, trying to start it as a lazy HAL.
12-04 05:10:47.785   402   402 I HidlServiceManagement: getService: Trying again for android.hardware.keymaster@4.0::IKeymasterDevice/default...
12-04 05:10:47.786   399   911 W libc    : Unable to set property "ctl.interface_start" to "android.hardware.keymaster@4.0::IKeymasterDevice/default": error code: 0x20
12-04 05:10:47.786     0     0 E init    : Control message: Could not find 'android.hardware.keymaster@4.0::IKeymasterDevice/default' for ctl.interface_start from pid: 399 (/system/bin/hwservicemanager)
12-04 05:10:47.786   399   911 I hwservicemanager: Tried to start android.hardware.keymaster@4.0::IKeymasterDevice/default as a lazy service, but was unable to. Usually this happens when a service is not installed, but if the service is intended to be used as a lazy service, then it may be configured incorrectly.
12-04 05:10:48.785   402   402 W HidlServiceManagement: Waited one second for android.hardware.keymaster@4.0::IKeymasterDevice/default
12-04 05:10:48.786   399   399 I hwservicemanager: Since android.hardware.keymaster@4.0::IKeymasterDevice/default is not registered, trying to start it as a lazy HAL.
12-04 05:10:48.786   402   402 I HidlServiceManagement: getService: Trying again for android.hardware.keymaster@4.0::IKeymasterDevice/default...
12-04 05:10:48.787   399   912 W libc    : Unable to set property "ctl.interface_start" to "android.hardware.keymaster@4.0::IKeymasterDevice/default": error code: 0x20
12-04 05:10:48.787   399   912 I hwservicemanager: Tried to start android.hardware.keymaster@4.0::IKeymasterDevice/default as a lazy service, but was unable to. Usually this happens when a service is not installed, but if the service is intended to be used as a lazy service, then it may be configured incorrectly.
12-04 05:10:48.787     0     0 E init    : Control message: Could not find 'android.hardware.keymaster@4.0::IKeymasterDevice/default' for ctl.interface_start from pid: 399 (/system/bin/hwservicemanager)
12-04 05:10:49.786   402   402 W HidlServiceManagement: Waited one second for android.hardware.keymaster@4.0::IKeymasterDevice/default
12-04 05:10:49.787   399   399 I hwservicemanager: Since android.hardware.keymaster@4.0::IKeymasterDevice/default is not registered, trying to start it as a lazy HAL.
12-04 05:10:49.787   402   402 I HidlServiceManagement: getService: Trying again for android.hardware.keymaster@4.0::IKeymasterDevice/default...
12-04 05:10:49.787   399   913 W libc    : Unable to set property "ctl.interface_start" to "android.hardware.keymaster@4.0::IKeymasterDevice/default": error code: 0x20
12-04 05:10:49.788   399   913 I hwservicemanager: Tried to start android.hardware.keymaster@4.0::IKeymasterDevice/default as a lazy service, but was unable to. Usually this happens when a service is not installed, but if the service is intended to be used as a lazy service, then it may be configured incorrectly.
12-04 05:10:49.787     0     0 E init    : Control message: Could not find 'android.hardware.keymaster@4.0::IKeymasterDevice/default' for ctl.interface_start from pid: 399 (/system/bin/hwservicemanager)
12-04 05:10:50.787   402   402 W HidlServiceManagement: Waited one second for android.hardware.keymaster@4.0::IKeymasterDevice/default
12-04 05:10:50.787   399   399 I hwservicemanager: Since android.hardware.keymaster@4.0::IKeymasterDevice/default is not registered, trying to start it as a lazy HAL.
12-04 05:10:50.788   402   402 I HidlServiceManagement: getService: Trying again for android.hardware.keymaster@4.0::IKeymasterDevice/default...
12-04 05:10:50.788   399   914 W libc    : Unable to set property "ctl.interface_start" to "android.hardware.keymaster@4.0::IKeymasterDevice/default": error code: 0x20
12-04 05:10:50.788   399   914 I hwservicemanager: Tried to start android.hardware.keymaster@4.0::IKeymasterDevice/default as a lazy service, but was unable to. Usually this happens when a service is not installed, but if the service is intended to be used as a lazy service, then it may be configured incorrectly.
12-04 05:10:50.788     0     0 E init    : Control message: Could not find 'android.hardware.keymaster@4.0::IKeymasterDevice/default' for ctl.interface_start from pid: 399 (/system/bin/hwservicemanager)
12-04 05:10:51.788   402   402 W HidlServiceManagement: Waited one second for android.hardware.keymaster@4.0::IKeymasterDevice/default
12-04 05:10:51.788   399   399 I hwservicemanager: Since android.hardware.keymaster@4.0::IKeymasterDevice/default is not registered, trying to start it as a lazy HAL.
12-04 05:10:51.788   402   402 I HidlServiceManagement: getService: Trying again for android.hardware.keymaster@4.0::IKeymasterDevice/default...
12-04 05:10:51.789   399   915 W libc    : Unable to set property "ctl.interface_start" to "android.hardware.keymaster@4.0::IKeymasterDevice/default": error code: 0x20
12-04 05:10:51.789   399   915 I hwservicemanager: Tried to start android.hardware.keymaster@4.0::IKeymasterDevice/default as a lazy service, but was unable to. Usually this happens when a service is not installed, but if the service is intended to be used as a lazy service, then it may be configured incorrectly.
12-04 05:10:51.789     0     0 E init    : Control message: Could not find 'android.hardware.keymaster@4.0::IKeymasterDevice/default' for ctl.interface_start from pid: 399 (/system/bin/hwservicemanager)
12-04 05:10:52.789   402   402 W HidlServiceManagement: Waited one second for android.hardware.keymaster@4.0::IKeymasterDevice/default
12-04 05:10:52.789   399   399 I hwservicemanager: Since android.hardware.keymaster@4.0::IKeymasterDevice/default is not registered, trying to start it as a lazy HAL.
12-04 05:10:52.789   402   402 I HidlServiceManagement: getService: Trying again for android.hardware.keymaster@4.0::IKeymasterDevice/default...
12-04 05:10:52.790   399   916 W libc    : Unable to set property "ctl.interface_start" to "android.hardware.keymaster@4.0::IKeymasterDevice/default": error code: 0x20
12-04 05:10:52.790   399   916 I hwservicemanager: Tried to start android.hardware.keymaster@4.0::IKeymasterDevice/default as a lazy service, but was unable to. Usually this happens when a service is not installed, but if the service is intended to be used as a lazy service, then it may be configured incorrectly.
12-04 05:10:52.790     0     0 E init    : Control message: Could not find 'android.hardware.keymaster@4.0::IKeymasterDevice/default' for ctl.interface_start from pid: 399 (/system/bin/hwservicemanager)
12-04 05:10:53.789   402   402 W HidlServiceManagement: Waited one second for android.hardware.keymaster@4.0::IKeymasterDevice/default
12-04 05:10:53.790   399   399 I hwservicemanager: Since android.hardware.keymaster@4.0::IKeymasterDevice/default is not registered, trying to start it as a lazy HAL.
12-04 05:10:53.790   402   402 I HidlServiceManagement: getService: Trying again for android.hardware.keymaster@4.0::IKeymasterDevice/default...
12-04 05:10:53.791   399   917 W libc    : Unable to set property "ctl.interface_start" to "android.hardware.keymaster@4.0::IKeymasterDevice/default": error code: 0x20
12-04 05:10:53.791   399   917 I hwservicemanager: Tried to start android.hardware.keymaster@4.0::IKeymasterDevice/default as a lazy service, but was unable to. Usually this happens when a service is not installed, but if the service is intended to be used as a lazy service, then it may be configured incorrectly.
12-04 05:10:53.791     0     0 E init    : Control message: Could not find 'android.hardware.keymaster@4.0::IKeymasterDevice/default' for ctl.interface_start from pid: 399 (/system/bin/hwservicemanager)
12-04 05:10:54.790   402   402 W HidlServiceManagement: Waited one second for android.hardware.keymaster@4.0::IKeymasterDevice/default
12-04 05:10:54.790   399   399 I hwservicemanager: Since android.hardware.keymaster@4.0::IKeymasterDevice/default is not registered, trying to start it as a lazy HAL.
12-04 05:10:54.791   402   402 I HidlServiceManagement: getService: Trying again for android.hardware.keymaster@4.0::IKeymasterDevice/default...
12-04 05:10:54.791   399   918 W libc    : Unable to set property "ctl.interface_start" to "android.hardware.keymaster@4.0::IKeymasterDevice/default": error code: 0x20
12-04 05:10:54.792   399   918 I hwservicemanager: Tried to start android.hardware.keymaster@4.0::IKeymasterDevice/default as a lazy service, but was unable to. Usually this happens when a service is not installed, but if the service is intended to be used as a lazy service, then it may be configured incorrectly.
12-04 05:10:54.791     0     0 E init    : Control message: Could not find 'android.hardware.keymaster@4.0::IKeymasterDevice/default' for ctl.interface_start from pid: 399 (/system/bin/hwservicemanager)
12-04 05:10:55.791   402   402 W HidlServiceManagement: Waited one second for android.hardware.keymaster@4.0::IKeymasterDevice/default
12-04 05:10:55.791   399   399 I hwservicemanager: Since android.hardware.keymaster@4.0::IKeymasterDevice/default is not registered, trying to start it as a lazy HAL.
12-04 05:10:55.791   402   402 I HidlServiceManagement: getService: Trying again for android.hardware.keymaster@4.0::IKeymasterDevice/default...
12-04 05:10:55.792   399   919 W libc    : Unable to set property "ctl.interface_start" to "android.hardware.keymaster@4.0::IKeymasterDevice/default": error code: 0x20
12-04 05:10:55.792   399   919 I hwservicemanager: Tried to start android.hardware.keymaster@4.0::IKeymasterDevice/default as a lazy service, but was unable to. Usually this happens when a service is not installed, but if the service is intended to be used as a lazy service, then it may be configured incorrectly.
12-04 05:10:55.792     0     0 E init    : Control message: Could not find 'android.hardware.keymaster@4.0::IKeymasterDevice/default' for ctl.interface_start from pid: 399 (/system/bin/hwservicemanager)
12-04 05:10:56.792   402   402 W HidlServiceManagement: Waited one second for android.hardware.keymaster@4.0::IKeymasterDevice/default
12-04 05:10:56.792   399   399 I hwservicemanager: Since android.hardware.keymaster@4.0::IKeymasterDevice/default is not registered, trying to start it as a lazy HAL.
12-04 05:10:56.792   402   402 I HidlServiceManagement: getService: Trying again for android.hardware.keymaster@4.0::IKeymasterDevice/default...
12-04 05:10:56.793   399   920 W libc    : Unable to set property "ctl.interface_start" to "android.hardware.keymaster@4.0::IKeymasterDevice/default": error code: 0x20
12-04 05:10:56.793   399   920 I hwservicemanager: Tried to start android.hardware.keymaster@4.0::IKeymasterDevice/default as a lazy service, but was unable to. Usually this happens when a service is not installed, but if the service is intended to be used as a lazy service, then it may be configured incorrectly.
12-04 05:10:56.793     0     0 E init    : Control message: Could not find 'android.hardware.keymaster@4.0::IKeymasterDevice/default' for ctl.interface_start from pid: 399 (/system/bin/hwservicemanager)
12-04 05:10:57.546     0     0 E wt_chg soc: qcom_wt_chg: wt_chg_main now = 227296 resume_time = 232296
12-04 05:10:57.554     0     0 E wt_chg soc: qcom_wt_chg: wtchg_float_charge_type_check vbus_online=0 real_type=0 float_recheck_cnt=0
12-04 05:10:57.554     0     0 E wt_chg soc: qcom_wt_chg: batt_protected_mode=0 batt_protected_mode_disable_charge=0 batt_protected_mode_disable_suspend=0
12-04 05:10:57.554     0     0 E chg_type: 0, vbus_online: 0, vbus_volt: 5000, chg_status: 2, batt_volt: 4300000, batt_current: -286000, temp: 288, health: 1, capacity: 99
12-04 05:10:57.554     0     0 E chg_temp: 317, usb_temp: 263, board_temp: 293, usb_online: 0, ac_online: 0, pd_active:0 typec_pr_role:3
12-04 05:10:57.554     0     0 I TCPC-TCPC: bat_update_work_func battery update soc = 99
12-04 05:10:57.554     0     0 I TCPC-TCPC: bat_update_work_func Battery Discharging
12-04 05:10:57.558     0     0 W healthd : battery l=99 v=4300 t=28.8 h=2 st=3 c=-286000 fc=6584000 cc=547 chg=
12-04 05:10:57.560     0     0 W healthd : battery l=99 v=4300 t=28.8 h=2 st=3 c=-286000 fc=6584000 cc=547 chg=
12-04 05:10:57.562     0     0 W healthd : battery l=99 v=4300 t=28.8 h=2 st=3 c=-286000 fc=6584000 cc=547 chg=
12-04 05:10:57.792   402   402 W HidlServiceManagement: Waited one second for android.hardware.keymaster@4.0::IKeymasterDevice/default
12-04 05:10:57.793   399   399 I hwservicemanager: Since android.hardware.keymaster@4.0::IKeymasterDevice/default is not registered, trying to start it as a lazy HAL.
12-04 05:10:57.793   402   402 I HidlServiceManagement: getService: Trying again for android.hardware.keymaster@4.0::IKeymasterDevice/default...
12-04 05:10:57.794   399   921 W libc    : Unable to set property "ctl.interface_start" to "android.hardware.keymaster@4.0::IKeymasterDevice/default": error code: 0x20
12-04 05:10:57.794   399   921 I hwservicemanager: Tried to start android.hardware.keymaster@4.0::IKeymasterDevice/default as a lazy service, but was unable to. Usually this happens when a service is not installed, but if the service is intended to be used as a lazy service, then it may be configured incorrectly.
12-04 05:10:57.794     0     0 E init    : Control message: Could not find 'android.hardware.keymaster@4.0::IKeymasterDevice/default' for ctl.interface_start from pid: 399 (/system/bin/hwservicemanager)
12-04 05:10:58.793   402   402 W HidlServiceManagement: Waited one second for android.hardware.keymaster@4.0::IKeymasterDevice/default
12-04 05:10:58.794   399   399 I hwservicemanager: Since android.hardware.keymaster@4.0::IKeymasterDevice/default is not registered, trying to start it as a lazy HAL.
12-04 05:10:58.794   402   402 I HidlServiceManagement: getService: Trying again for android.hardware.keymaster@4.0::IKeymasterDevice/default...
12-04 05:10:58.794   399   922 W libc    : Unable to set property "ctl.interface_start" to "android.hardware.keymaster@4.0::IKeymasterDevice/default": error code: 0x20
12-04 05:10:58.795   399   922 I hwservicemanager: Tried to start android.hardware.keymaster@4.0::IKeymasterDevice/default as a lazy service, but was unable to. Usually this happens when a service is not installed, but if the service is intended to be used as a lazy service, then it may be configured incorrectly.
12-04 05:10:58.794     0     0 E init    : Control message: Could not find 'android.hardware.keymaster@4.0::IKeymasterDevice/default' for ctl.interface_start from pid: 399 (/system/bin/hwservicemanager)
12-04 05:10:59.794   402   402 W HidlServiceManagement: Waited one second for android.hardware.keymaster@4.0::IKeymasterDevice/default
12-04 05:10:59.794   399   399 I hwservicemanager: Since android.hardware.keymaster@4.0::IKeymasterDevice/default is not registered, trying to start it as a lazy HAL.
12-04 05:10:59.795   402   402 I HidlServiceManagement: getService: Trying again for android.hardware.keymaster@4.0::IKeymasterDevice/default...
12-04 05:10:59.795   399   923 W libc    : Unable to set property "ctl.interface_start" to "android.hardware.keymaster@4.0::IKeymasterDevice/default": error code: 0x20
12-04 05:10:59.795   399   923 I hwservicemanager: Tried to start android.hardware.keymaster@4.0::IKeymasterDevice/default as a lazy service, but was unable to. Usually this happens when a service is not installed, but if the service is intended to be used as a lazy service, then it may be configured incorrectly.
12-04 05:10:59.795     0     0 E init    : Control message: Could not find 'android.hardware.keymaster@4.0::IKeymasterDevice/default' for ctl.interface_start from pid: 399 (/system/bin/hwservicemanager)
12-04 05:11:00.795   402   402 W HidlServiceManagement: Waited one second for android.hardware.keymaster@4.0::IKeymasterDevice/default
12-04 05:11:00.795   399   399 I hwservicemanager: Since android.hardware.keymaster@4.0::IKeymasterDevice/default is not registered, trying to start it as a lazy HAL.
12-04 05:11:00.795   402   402 I HidlServiceManagement: getService: Trying again for android.hardware.keymaster@4.0::IKeymasterDevice/default...
12-04 05:11:00.796   399   924 W libc    : Unable to set property "ctl.interface_start" to "android.hardware.keymaster@4.0::IKeymasterDevice/default": error code: 0x20
12-04 05:11:00.796   399   924 I hwservicemanager: Tried to start android.hardware.keymaster@4.0::IKeymasterDevice/default as a lazy service, but was unable to. Usually this happens when a service is not installed, but if the service is intended to be used as a lazy service, then it may be configured incorrectly.
12-04 05:11:00.796     0     0 E init    : Control message: Could not find 'android.hardware.keymaster@4.0::IKeymasterDevice/default' for ctl.interface_start from pid: 399 (/system/bin/hwservicemanager)
12-04 05:11:01.796   402   402 W HidlServiceManagement: Waited one second for android.hardware.keymaster@4.0::IKeymasterDevice/default
12-04 05:11:01.796   399   399 I hwservicemanager: Since android.hardware.keymaster@4.0::IKeymasterDevice/default is not registered, trying to start it as a lazy HAL.
12-04 05:11:01.796   402   402 I HidlServiceManagement: getService: Trying again for android.hardware.keymaster@4.0::IKeymasterDevice/default...
12-04 05:11:01.797   399   925 W libc    : Unable to set property "ctl.interface_start" to "android.hardware.keymaster@4.0::IKeymasterDevice/default": error code: 0x20
12-04 05:11:01.797   399   925 I hwservicemanager: Tried to start android.hardware.keymaster@4.0::IKeymasterDevice/default as a lazy service, but was unable to. Usually this happens when a service is not installed, but if the service is intended to be used as a lazy service, then it may be configured incorrectly.
12-04 05:11:01.797     0     0 E init    : Control message: Could not find 'android.hardware.keymaster@4.0::IKeymasterDevice/default' for ctl.interface_start from pid: 399 (/system/bin/hwservicemanager)
12-04 05:11:02.796   402   402 W HidlServiceManagement: Waited one second for android.hardware.keymaster@4.0::IKeymasterDevice/default
12-04 05:11:02.797   399   399 I hwservicemanager: Since android.hardware.keymaster@4.0::IKeymasterDevice/default is not registered, trying to start it as a lazy HAL.
12-04 05:11:02.797   402   402 I HidlServiceManagement: getService: Trying again for android.hardware.keymaster@4.0::IKeymasterDevice/default...
12-04 05:11:02.798   399   926 W libc    : Unable to set property "ctl.interface_start" to "android.hardware.keymaster@4.0::IKeymasterDevice/default": error code: 0x20
12-04 05:11:02.798   399   926 I hwservicemanager: Tried to start android.hardware.keymaster@4.0::IKeymasterDevice/default as a lazy service, but was unable to. Usually this happens when a service is not installed, but if the service is intended to be used as a lazy service, then it may be configured incorrectly.
12-04 05:11:02.798     0     0 E init    : Control message: Could not find 'android.hardware.keymaster@4.0::IKeymasterDevice/default' for ctl.interface_start from pid: 399 (/system/bin/hwservicemanager)
12-04 05:11:03.797   402   402 W HidlServiceManagement: Waited one second for android.hardware.keymaster@4.0::IKeymasterDevice/default
12-04 05:11:03.798   399   399 I hwservicemanager: Since android.hardware.keymaster@4.0::IKeymasterDevice/default is not registered, trying to start it as a lazy HAL.
12-04 05:11:03.798   402   402 I HidlServiceManagement: getService: Trying again for android.hardware.keymaster@4.0::IKeymasterDevice/default...
12-04 05:11:03.799   399   927 W libc    : Unable to set property "ctl.interface_start" to "android.hardware.keymaster@4.0::IKeymasterDevice/default": error code: 0x20
12-04 05:11:03.799   399   927 I hwservicemanager: Tried to start android.hardware.keymaster@4.0::IKeymasterDevice/default as a lazy service, but was unable to. Usually this happens when a service is not installed, but if the service is intended to be used as a lazy service, then it may be configured incorrectly.
12-04 05:11:03.798     0     0 E init    : Control message: Could not find 'android.hardware.keymaster@4.0::IKeymasterDevice/default' for ctl.interface_start from pid: 399 (/system/bin/hwservicemanager)
12-04 05:11:04.798   402   402 W HidlServiceManagement: Waited one second for android.hardware.keymaster@4.0::IKeymasterDevice/default
12-04 05:11:04.798   399   399 I hwservicemanager: Since android.hardware.keymaster@4.0::IKeymasterDevice/default is not registered, trying to start it as a lazy HAL.
12-04 05:11:04.799   402   402 I HidlServiceManagement: getService: Trying again for android.hardware.keymaster@4.0::IKeymasterDevice/default...
12-04 05:11:04.799   399   928 W libc    : Unable to set property "ctl.interface_start" to "android.hardware.keymaster@4.0::IKeymasterDevice/default": error code: 0x20
12-04 05:11:04.799   399   928 I hwservicemanager: Tried to start android.hardware.keymaster@4.0::IKeymasterDevice/default as a lazy service, but was unable to. Usually this happens when a service is not installed, but if the service is intended to be used as a lazy service, then it may be configured incorrectly.
12-04 05:11:04.799     0     0 E init    : Control message: Could not find 'android.hardware.keymaster@4.0::IKeymasterDevice/default' for ctl.interface_start from pid: 399 (/system/bin/hwservicemanager)
12-04 05:11:05.799   402   402 W HidlServiceManagement: Waited one second for android.hardware.keymaster@4.0::IKeymasterDevice/default
12-04 05:11:05.799   399   399 I hwservicemanager: Since android.hardware.keymaster@4.0::IKeymasterDevice/default is not registered, trying to start it as a lazy HAL.
12-04 05:11:05.800   402   402 I HidlServiceManagement: getService: Trying again for android.hardware.keymaster@4.0::IKeymasterDevice/default...
12-04 05:11:05.800   399   929 W libc    : Unable to set property "ctl.interface_start" to "android.hardware.keymaster@4.0::IKeymasterDevice/default": error code: 0x20
12-04 05:11:05.800   399   929 I hwservicemanager: Tried to start android.hardware.keymaster@4.0::IKeymasterDevice/default as a lazy service, but was unable to. Usually this happens when a service is not installed, but if the service is intended to be used as a lazy service, then it may be configured incorrectly.
12-04 05:11:05.800     0     0 E init    : Control message: Could not find 'android.hardware.keymaster@4.0::IKeymasterDevice/default' for ctl.interface_start from pid: 399 (/system/bin/hwservicemanager)
12-04 05:11:06.800   402   402 W HidlServiceManagement: Waited one second for android.hardware.keymaster@4.0::IKeymasterDevice/default
12-04 05:11:06.800   399   399 I hwservicemanager: Since android.hardware.keymaster@4.0::IKeymasterDevice/default is not registered, trying to start it as a lazy HAL.
12-04 05:11:06.800   402   402 I HidlServiceManagement: getService: Trying again for android.hardware.keymaster@4.0::IKeymasterDevice/default...
12-04 05:11:06.801   399   930 W libc    : Unable to set property "ctl.interface_start" to "android.hardware.keymaster@4.0::IKeymasterDevice/default": error code: 0x20
12-04 05:11:06.801   399   930 I hwservicemanager: Tried to start android.hardware.keymaster@4.0::IKeymasterDevice/default as a lazy service, but was unable to. Usually this happens when a service is not installed, but if the service is intended to be used as a lazy service, then it may be configured incorrectly.
12-04 05:11:06.801     0     0 E init    : Control message: Could not find 'android.hardware.keymaster@4.0::IKeymasterDevice/default' for ctl.interface_start from pid: 399 (/system/bin/hwservicemanager)
12-04 05:11:07.786     0     0 E wt_chg soc: qcom_wt_chg: wt_chg_main now = 237536 resume_time = 242536
12-04 05:11:07.794     0     0 E wt_chg soc: qcom_wt_chg: wtchg_float_charge_type_check vbus_online=0 real_type=0 float_recheck_cnt=0
12-04 05:11:07.794     0     0 E wt_chg soc: qcom_wt_chg: batt_protected_mode=0 batt_protected_mode_disable_charge=0 batt_protected_mode_disable_suspend=0
12-04 05:11:07.794     0     0 E chg_type: 0, vbus_online: 0, vbus_volt: 5000, chg_status: 2, batt_volt: 4300000, batt_current: -286000, temp: 288, health: 1, capacity: 99
12-04 05:11:07.794     0     0 E chg_temp: 317, usb_temp: 263, board_temp: 293, usb_online: 0, ac_online: 0, pd_active:0 typec_pr_role:3
12-04 05:11:07.794     0     0 I TCPC-TCPC: bat_update_work_func battery update soc = 99
12-04 05:11:07.794     0     0 I TCPC-TCPC: bat_update_work_func Battery Discharging
12-04 05:11:07.798     0     0 W healthd : battery l=99 v=4300 t=28.8 h=2 st=3 c=-286000 fc=6584000 cc=547 chg=
12-04 05:11:07.800   402   402 W HidlServiceManagement: Waited one second for android.hardware.keymaster@4.0::IKeymasterDevice/default
12-04 05:11:07.801   399   399 I hwservicemanager: Since android.hardware.keymaster@4.0::IKeymasterDevice/default is not registered, trying to start it as a lazy HAL.
12-04 05:11:07.801   402   402 I HidlServiceManagement: getService: Trying again for android.hardware.keymaster@4.0::IKeymasterDevice/default...
12-04 05:11:07.802   399   931 W libc    : Unable to set property "ctl.interface_start" to "android.hardware.keymaster@4.0::IKeymasterDevice/default": error code: 0x20
12-04 05:11:07.802   399   931 I hwservicemanager: Tried to start android.hardware.keymaster@4.0::IKeymasterDevice/default as a lazy service, but was unable to. Usually this happens when a service is not installed, but if the service is intended to be used as a lazy service, then it may be configured incorrectly.
12-04 05:11:07.800     0     0 W healthd : battery l=99 v=4300 t=28.8 h=2 st=3 c=-286000 fc=6584000 cc=547 chg=
12-04 05:11:07.802     0     0 E init    : Control message: Could not find 'android.hardware.keymaster@4.0::IKeymasterDevice/default' for ctl.interface_start from pid: 399 (/system/bin/hwservicemanager)
12-04 05:11:07.803     0     0 W healthd : battery l=99 v=4300 t=28.8 h=2 st=3 c=-286000 fc=6584000 cc=547 chg=
12-04 05:11:08.801   402   402 W HidlServiceManagement: Waited one second for android.hardware.keymaster@4.0::IKeymasterDevice/default
12-04 05:11:08.802   399   399 I hwservicemanager: Since android.hardware.keymaster@4.0::IKeymasterDevice/default is not registered, trying to start it as a lazy HAL.
12-04 05:11:08.802   402   402 I HidlServiceManagement: getService: Trying again for android.hardware.keymaster@4.0::IKeymasterDevice/default...
12-04 05:11:08.803   399   932 W libc    : Unable to set property "ctl.interface_start" to "android.hardware.keymaster@4.0::IKeymasterDevice/default": error code: 0x20
12-04 05:11:08.803   399   932 I hwservicemanager: Tried to start android.hardware.keymaster@4.0::IKeymasterDevice/default as a lazy service, but was unable to. Usually this happens when a service is not installed, but if the service is intended to be used as a lazy service, then it may be configured incorrectly.
12-04 05:11:08.802     0     0 E init    : Control message: Could not find 'android.hardware.keymaster@4.0::IKeymasterDevice/default' for ctl.interface_start from pid: 399 (/system/bin/hwservicemanager)
12-04 05:11:09.237     0     0 E         : bl_scale = 1024, bl_scale_sv = 65535, bl_lvl = 2954
12-04 05:11:09.802   402   402 W HidlServiceManagement: Waited one second for android.hardware.keymaster@4.0::IKeymasterDevice/default
12-04 05:11:09.802   399   399 I hwservicemanager: Since android.hardware.keymaster@4.0::IKeymasterDevice/default is not registered, trying to start it as a lazy HAL.
12-04 05:11:09.803   402   402 I HidlServiceManagement: getService: Trying again for android.hardware.keymaster@4.0::IKeymasterDevice/default...
12-04 05:11:09.804   399   933 W libc    : Unable to set property "ctl.interface_start" to "android.hardware.keymaster@4.0::IKeymasterDevice/default": error code: 0x20
12-04 05:11:09.804   399   933 I hwservicemanager: Tried to start android.hardware.keymaster@4.0::IKeymasterDevice/default as a lazy service, but was unable to. Usually this happens when a service is not installed, but if the service is intended to be used as a lazy service, then it may be configured incorrectly.
12-04 05:11:09.803     0     0 E init    : Control message: Could not find 'android.hardware.keymaster@4.0::IKeymasterDevice/default' for ctl.interface_start from pid: 399 (/system/bin/hwservicemanager)
12-04 05:11:10.803   402   402 W HidlServiceManagement: Waited one second for android.hardware.keymaster@4.0::IKeymasterDevice/default
12-04 05:11:10.803   399   399 I hwservicemanager: Since android.hardware.keymaster@4.0::IKeymasterDevice/default is not registered, trying to start it as a lazy HAL.
12-04 05:11:10.804   402   402 I HidlServiceManagement: getService: Trying again for android.hardware.keymaster@4.0::IKeymasterDevice/default...
12-04 05:11:10.804   399   934 W libc    : Unable to set property "ctl.interface_start" to "android.hardware.keymaster@4.0::IKeymasterDevice/default": error code: 0x20
12-04 05:11:10.804   399   934 I hwservicemanager: Tried to start android.hardware.keymaster@4.0::IKeymasterDevice/default as a lazy service, but was unable to. Usually this happens when a service is not installed, but if the service is intended to be used as a lazy service, then it may be configured incorrectly.
12-04 05:11:10.804     0     0 E init    : Control message: Could not find 'android.hardware.keymaster@4.0::IKeymasterDevice/default' for ctl.interface_start from pid: 399 (/system/bin/hwservicemanager)
12-04 05:11:11.804   402   402 W HidlServiceManagement: Waited one second for android.hardware.keymaster@4.0::IKeymasterDevice/default
12-04 05:11:11.804   399   399 I hwservicemanager: Since android.hardware.keymaster@4.0::IKeymasterDevice/default is not registered, trying to start it as a lazy HAL.
12-04 05:11:11.805   402   402 I HidlServiceManagement: getService: Trying again for android.hardware.keymaster@4.0::IKeymasterDevice/default...
12-04 05:11:11.805   399   935 W libc    : Unable to set property "ctl.interface_start" to "android.hardware.keymaster@4.0::IKeymasterDevice/default": error code: 0x20
12-04 05:11:11.805   399   935 I hwservicemanager: Tried to start android.hardware.keymaster@4.0::IKeymasterDevice/default as a lazy service, but was unable to. Usually this happens when a service is not installed, but if the service is intended to be used as a lazy service, then it may be configured incorrectly.
12-04 05:11:11.805     0     0 E init    : Control message: Could not find 'android.hardware.keymaster@4.0::IKeymasterDevice/default' for ctl.interface_start from pid: 399 (/system/bin/hwservicemanager)
12-04 05:11:12.805   402   402 W HidlServiceManagement: Waited one second for android.hardware.keymaster@4.0::IKeymasterDevice/default
12-04 05:11:12.805   399   399 I hwservicemanager: Since android.hardware.keymaster@4.0::IKeymasterDevice/default is not registered, trying to start it as a lazy HAL.
12-04 05:11:12.805   402   402 I HidlServiceManagement: getService: Trying again for android.hardware.keymaster@4.0::IKeymasterDevice/default...
12-04 05:11:12.806     0     0 E init    : Control message: Could not find 'android.hardware.keymaster@4.0::IKeymasterDevice/default' for ctl.interface_start from pid: 399 (/system/bin/hwservicemanager)
12-04 05:11:12.806   399   936 W libc    : Unable to set property "ctl.interface_start" to "android.hardware.keymaster@4.0::IKeymasterDevice/default": error code: 0x20
12-04 05:11:12.806   399   936 I hwservicemanager: Tried to start android.hardware.keymaster@4.0::IKeymasterDevice/default as a lazy service, but was unable to. Usually this happens when a service is not installed, but if the service is intended to be used as a lazy service, then it may be configured incorrectly.
12-04 05:11:13.806   402   402 W HidlServiceManagement: Waited one second for android.hardware.keymaster@4.0::IKeymasterDevice/default
12-04 05:11:13.806   399   399 I hwservicemanager: Since android.hardware.keymaster@4.0::IKeymasterDevice/default is not registered, trying to start it as a lazy HAL.
12-04 05:11:13.806   402   402 I HidlServiceManagement: getService: Trying again for android.hardware.keymaster@4.0::IKeymasterDevice/default...
12-04 05:11:13.807   399   937 W libc    : Unable to set property "ctl.interface_start" to "android.hardware.keymaster@4.0::IKeymasterDevice/default": error code: 0x20
12-04 05:11:13.807   399   937 I hwservicemanager: Tried to start android.hardware.keymaster@4.0::IKeymasterDevice/default as a lazy service, but was unable to. Usually this happens when a service is not installed, but if the service is intended to be used as a lazy service, then it may be configured incorrectly.
12-04 05:11:13.807     0     0 E init    : Control message: Could not find 'android.hardware.keymaster@4.0::IKeymasterDevice/default' for ctl.interface_start from pid: 399 (/system/bin/hwservicemanager)
12-04 05:11:14.806   402   402 W HidlServiceManagement: Waited one second for android.hardware.keymaster@4.0::IKeymasterDevice/default
12-04 05:11:14.807   399   399 I hwservicemanager: Since android.hardware.keymaster@4.0::IKeymasterDevice/default is not registered, trying to start it as a lazy HAL.
12-04 05:11:14.807   402   402 I HidlServiceManagement: getService: Trying again for android.hardware.keymaster@4.0::IKeymasterDevice/default...
12-04 05:11:14.808   399   938 W libc    : Unable to set property "ctl.interface_start" to "android.hardware.keymaster@4.0::IKeymasterDevice/default": error code: 0x20
12-04 05:11:14.808   399   938 I hwservicemanager: Tried to start android.hardware.keymaster@4.0::IKeymasterDevice/default as a lazy service, but was unable to. Usually this happens when a service is not installed, but if the service is intended to be used as a lazy service, then it may be configured incorrectly.
12-04 05:11:14.808     0     0 E init    : Control message: Could not find 'android.hardware.keymaster@4.0::IKeymasterDevice/default' for ctl.interface_start from pid: 399 (/system/bin/hwservicemanager)
12-04 05:11:15.807   402   402 W HidlServiceManagement: Waited one second for android.hardware.keymaster@4.0::IKeymasterDevice/default
12-04 05:11:15.808   399   399 I hwservicemanager: Since android.hardware.keymaster@4.0::IKeymasterDevice/default is not registered, trying to start it as a lazy HAL.
12-04 05:11:15.808   402   402 I HidlServiceManagement: getService: Trying again for android.hardware.keymaster@4.0::IKeymasterDevice/default...
12-04 05:11:15.809   399   939 W libc    : Unable to set property "ctl.interface_start" to "android.hardware.keymaster@4.0::IKeymasterDevice/default": error code: 0x20
12-04 05:11:15.809   399   939 I hwservicemanager: Tried to start android.hardware.keymaster@4.0::IKeymasterDevice/default as a lazy service, but was unable to. Usually this happens when a service is not installed, but if the service is intended to be used as a lazy service, then it may be configured incorrectly.
12-04 05:11:15.808     0     0 E init    : Control message: Could not find 'android.hardware.keymaster@4.0::IKeymasterDevice/default' for ctl.interface_start from pid: 399 (/system/bin/hwservicemanager)
12-04 05:11:16.808   402   402 W HidlServiceManagement: Waited one second for android.hardware.keymaster@4.0::IKeymasterDevice/default
12-04 05:11:16.808   399   399 I hwservicemanager: Since android.hardware.keymaster@4.0::IKeymasterDevice/default is not registered, trying to start it as a lazy HAL.
12-04 05:11:16.809   402   402 I HidlServiceManagement: getService: Trying again for android.hardware.keymaster@4.0::IKeymasterDevice/default...
12-04 05:11:16.809   399   940 W libc    : Unable to set property "ctl.interface_start" to "android.hardware.keymaster@4.0::IKeymasterDevice/default": error code: 0x20
12-04 05:11:16.810   399   940 I hwservicemanager: Tried to start android.hardware.keymaster@4.0::IKeymasterDevice/default as a lazy service, but was unable to. Usually this happens when a service is not installed, but if the service is intended to be used as a lazy service, then it may be configured incorrectly.
12-04 05:11:16.809     0     0 E init    : Control message: Could not find 'android.hardware.keymaster@4.0::IKeymasterDevice/default' for ctl.interface_start from pid: 399 (/system/bin/hwservicemanager)
12-04 05:11:17.809   402   402 W HidlServiceManagement: Waited one second for android.hardware.keymaster@4.0::IKeymasterDevice/default
12-04 05:11:17.809   399   399 I hwservicemanager: Since android.hardware.keymaster@4.0::IKeymasterDevice/default is not registered, trying to start it as a lazy HAL.
12-04 05:11:17.810   402   402 I HidlServiceManagement: getService: Trying again for android.hardware.keymaster@4.0::IKeymasterDevice/default...
12-04 05:11:17.811   399   941 W libc    : Unable to set property "ctl.interface_start" to "android.hardware.keymaster@4.0::IKeymasterDevice/default": error code: 0x20
12-04 05:11:17.811   399   941 I hwservicemanager: Tried to start android.hardware.keymaster@4.0::IKeymasterDevice/default as a lazy service, but was unable to. Usually this happens when a service is not installed, but if the service is intended to be used as a lazy service, then it may be configured incorrectly.
12-04 05:11:17.811     0     0 E init    : Control message: Could not find 'android.hardware.keymaster@4.0::IKeymasterDevice/default' for ctl.interface_start from pid: 399 (/system/bin/hwservicemanager)
12-04 05:11:18.026     0     0 E wt_chg soc: qcom_wt_chg: wt_chg_main now = 247776 resume_time = 252776
12-04 05:11:18.034     0     0 E wt_chg soc: qcom_wt_chg: wtchg_float_charge_type_check vbus_online=0 real_type=0 float_recheck_cnt=0
12-04 05:11:18.034     0     0 E wt_chg soc: qcom_wt_chg: batt_protected_mode=0 batt_protected_mode_disable_charge=0 batt_protected_mode_disable_suspend=0
12-04 05:11:18.034     0     0 E chg_type: 0, vbus_online: 0, vbus_volt: 4900, chg_status: 2, batt_volt: 4260000, batt_current: -861000, temp: 287, health: 1, capacity: 99
12-04 05:11:18.034     0     0 E chg_temp: 317, usb_temp: 263, board_temp: 293, usb_online: 0, ac_online: 0, pd_active:0 typec_pr_role:3
12-04 05:11:18.034     0     0 I TCPC-TCPC: bat_update_work_func battery update soc = 99
12-04 05:11:18.034     0     0 I TCPC-TCPC: bat_update_work_func Battery Discharging
12-04 05:11:18.039     0     0 W healthd : battery l=99 v=4260 t=28.7 h=2 st=3 c=-861000 fc=6564000 cc=547 chg=
12-04 05:11:18.042     0     0 W healthd : battery l=99 v=4260 t=28.7 h=2 st=3 c=-861000 fc=6564000 cc=547 chg=
12-04 05:11:18.044     0     0 W healthd : battery l=99 v=4260 t=28.7 h=2 st=3 c=-861000 fc=6564000 cc=547 chg=
12-04 05:11:18.810   402   402 W HidlServiceManagement: Waited one second for android.hardware.keymaster@4.0::IKeymasterDevice/default
12-04 05:11:18.810   399   399 I hwservicemanager: Since android.hardware.keymaster@4.0::IKeymasterDevice/default is not registered, trying to start it as a lazy HAL.
12-04 05:11:18.811   402   402 I HidlServiceManagement: getService: Trying again for android.hardware.keymaster@4.0::IKeymasterDevice/default...
12-04 05:11:18.811   399   942 W libc    : Unable to set property "ctl.interface_start" to "android.hardware.keymaster@4.0::IKeymasterDevice/default": error code: 0x20
12-04 05:11:18.811   399   942 I hwservicemanager: Tried to start android.hardware.keymaster@4.0::IKeymasterDevice/default as a lazy service, but was unable to. Usually this happens when a service is not installed, but if the service is intended to be used as a lazy service, then it may be configured incorrectly.
12-04 05:11:18.811     0     0 E init    : Control message: Could not find 'android.hardware.keymaster@4.0::IKeymasterDevice/default' for ctl.interface_start from pid: 399 (/system/bin/hwservicemanager)
12-04 05:11:19.811   402   402 W HidlServiceManagement: Waited one second for android.hardware.keymaster@4.0::IKeymasterDevice/default
12-04 05:11:19.811   399   399 I hwservicemanager: Since android.hardware.keymaster@4.0::IKeymasterDevice/default is not registered, trying to start it as a lazy HAL.
12-04 05:11:19.812   402   402 I HidlServiceManagement: getService: Trying again for android.hardware.keymaster@4.0::IKeymasterDevice/default...
12-04 05:11:19.812   399   943 W libc    : Unable to set property "ctl.interface_start" to "android.hardware.keymaster@4.0::IKeymasterDevice/default": error code: 0x20
12-04 05:11:19.812   399   943 I hwservicemanager: Tried to start android.hardware.keymaster@4.0::IKeymasterDevice/default as a lazy service, but was unable to. Usually this happens when a service is not installed, but if the service is intended to be used as a lazy service, then it may be configured incorrectly.
12-04 05:11:19.812     0     0 E init    : Control message: Could not find 'android.hardware.keymaster@4.0::IKeymasterDevice/default' for ctl.interface_start from pid: 399 (/system/bin/hwservicemanager)
12-04 05:11:20.812   402   402 W HidlServiceManagement: Waited one second for android.hardware.keymaster@4.0::IKeymasterDevice/default
12-04 05:11:20.812   399   399 I hwservicemanager: Since android.hardware.keymaster@4.0::IKeymasterDevice/default is not registered, trying to start it as a lazy HAL.
12-04 05:11:20.812   402   402 I HidlServiceManagement: getService: Trying again for android.hardware.keymaster@4.0::IKeymasterDevice/default...
12-04 05:11:20.813   399   944 W libc    : Unable to set property "ctl.interface_start" to "android.hardware.keymaster@4.0::IKeymasterDevice/default": error code: 0x20
12-04 05:11:20.813   399   944 I hwservicemanager: Tried to start android.hardware.keymaster@4.0::IKeymasterDevice/default as a lazy service, but was unable to. Usually this happens when a service is not installed, but if the service is intended to be used as a lazy service, then it may be configured incorrectly.
12-04 05:11:20.813     0     0 E init    : Control message: Could not find 'android.hardware.keymaster@4.0::IKeymasterDevice/default' for ctl.interface_start from pid: 399 (/system/bin/hwservicemanager)
12-04 05:11:21.813   402   402 W HidlServiceManagement: Waited one second for android.hardware.keymaster@4.0::IKeymasterDevice/default
12-04 05:11:21.813   399   399 I hwservicemanager: Since android.hardware.keymaster@4.0::IKeymasterDevice/default is not registered, trying to start it as a lazy HAL.
12-04 05:11:21.813   402   402 I HidlServiceManagement: getService: Trying again for android.hardware.keymaster@4.0::IKeymasterDevice/default...
12-04 05:11:21.815   399   945 W libc    : Unable to set property "ctl.interface_start" to "android.hardware.keymaster@4.0::IKeymasterDevice/default": error code: 0x20
12-04 05:11:21.815   399   945 I hwservicemanager: Tried to start android.hardware.keymaster@4.0::IKeymasterDevice/default as a lazy service, but was unable to. Usually this happens when a service is not installed, but if the service is intended to be used as a lazy service, then it may be configured incorrectly.
12-04 05:11:21.814     0     0 E init    : Control message: Could not find 'android.hardware.keymaster@4.0::IKeymasterDevice/default' for ctl.interface_start from pid: 399 (/system/bin/hwservicemanager)
12-04 05:11:22.814   402   402 W HidlServiceManagement: Waited one second for android.hardware.keymaster@4.0::IKeymasterDevice/default
12-04 05:11:22.814   399   399 I hwservicemanager: Since android.hardware.keymaster@4.0::IKeymasterDevice/default is not registered, trying to start it as a lazy HAL.
12-04 05:11:22.814   402   402 I HidlServiceManagement: getService: Trying again for android.hardware.keymaster@4.0::IKeymasterDevice/default...
12-04 05:11:22.815   399   946 W libc    : Unable to set property "ctl.interface_start" to "android.hardware.keymaster@4.0::IKeymasterDevice/default": error code: 0x20
12-04 05:11:22.815   399   946 I hwservicemanager: Tried to start android.hardware.keymaster@4.0::IKeymasterDevice/default as a lazy service, but was unable to. Usually this happens when a service is not installed, but if the service is intended to be used as a lazy service, then it may be configured incorrectly.
12-04 05:11:22.815     0     0 E init    : Control message: Could not find 'android.hardware.keymaster@4.0::IKeymasterDevice/default' for ctl.interface_start from pid: 399 (/system/bin/hwservicemanager)
12-04 05:11:23.814   402   402 W HidlServiceManagement: Waited one second for android.hardware.keymaster@4.0::IKeymasterDevice/default
12-04 05:11:23.815   399   399 I hwservicemanager: Since android.hardware.keymaster@4.0::IKeymasterDevice/default is not registered, trying to start it as a lazy HAL.
12-04 05:11:23.815   402   402 I HidlServiceManagement: getService: Trying again for android.hardware.keymaster@4.0::IKeymasterDevice/default...
12-04 05:11:23.816   399   947 W libc    : Unable to set property "ctl.interface_start" to "android.hardware.keymaster@4.0::IKeymasterDevice/default": error code: 0x20
12-04 05:11:23.816   399   947 I hwservicemanager: Tried to start android.hardware.keymaster@4.0::IKeymasterDevice/default as a lazy service, but was unable to. Usually this happens when a service is not installed, but if the service is intended to be used as a lazy service, then it may be configured incorrectly.
12-04 05:11:23.816     0     0 E init    : Control message: Could not find 'android.hardware.keymaster@4.0::IKeymasterDevice/default' for ctl.interface_start from pid: 399 (/system/bin/hwservicemanager)
12-04 05:11:24.815   402   402 W HidlServiceManagement: Waited one second for android.hardware.keymaster@4.0::IKeymasterDevice/default
12-04 05:11:24.816   399   399 I hwservicemanager: Since android.hardware.keymaster@4.0::IKeymasterDevice/default is not registered, trying to start it as a lazy HAL.
12-04 05:11:24.816   402   402 I HidlServiceManagement: getService: Trying again for android.hardware.keymaster@4.0::IKeymasterDevice/default...
12-04 05:11:24.817   399   948 W libc    : Unable to set property "ctl.interface_start" to "android.hardware.keymaster@4.0::IKeymasterDevice/default": error code: 0x20
12-04 05:11:24.817   399   948 I hwservicemanager: Tried to start android.hardware.keymaster@4.0::IKeymasterDevice/default as a lazy service, but was unable to. Usually this happens when a service is not installed, but if the service is intended to be used as a lazy service, then it may be configured incorrectly.
12-04 05:11:24.817     0     0 E init    : Control message: Could not find 'android.hardware.keymaster@4.0::IKeymasterDevice/default' for ctl.interface_start from pid: 399 (/system/bin/hwservicemanager)
12-04 05:11:25.816   402   402 W HidlServiceManagement: Waited one second for android.hardware.keymaster@4.0::IKeymasterDevice/default
12-04 05:11:25.816   399   399 I hwservicemanager: Since android.hardware.keymaster@4.0::IKeymasterDevice/default is not registered, trying to start it as a lazy HAL.
12-04 05:11:25.817   402   402 I HidlServiceManagement: getService: Trying again for android.hardware.keymaster@4.0::IKeymasterDevice/default...
12-04 05:11:25.817   399   949 W libc    : Unable to set property "ctl.interface_start" to "android.hardware.keymaster@4.0::IKeymasterDevice/default": error code: 0x20
12-04 05:11:25.818   399   949 I hwservicemanager: Tried to start android.hardware.keymaster@4.0::IKeymasterDevice/default as a lazy service, but was unable to. Usually this happens when a service is not installed, but if the service is intended to be used as a lazy service, then it may be configured incorrectly.
12-04 05:11:25.817     0     0 E init    : Control message: Could not find 'android.hardware.keymaster@4.0::IKeymasterDevice/default' for ctl.interface_start from pid: 399 (/system/bin/hwservicemanager)
12-04 05:11:26.817   402   402 W HidlServiceManagement: Waited one second for android.hardware.keymaster@4.0::IKeymasterDevice/default
12-04 05:11:26.817   399   399 I hwservicemanager: Since android.hardware.keymaster@4.0::IKeymasterDevice/default is not registered, trying to start it as a lazy HAL.
12-04 05:11:26.818   402   402 I HidlServiceManagement: getService: Trying again for android.hardware.keymaster@4.0::IKeymasterDevice/default...
12-04 05:11:26.818   399   950 W libc    : Unable to set property "ctl.interface_start" to "android.hardware.keymaster@4.0::IKeymasterDevice/default": error code: 0x20
12-04 05:11:26.819   399   950 I hwservicemanager: Tried to start android.hardware.keymaster@4.0::IKeymasterDevice/default as a lazy service, but was unable to. Usually this happens when a service is not installed, but if the service is intended to be used as a lazy service, then it may be configured incorrectly.
12-04 05:11:26.818     0     0 E init    : Control message: Could not find 'android.hardware.keymaster@4.0::IKeymasterDevice/default' for ctl.interface_start from pid: 399 (/system/bin/hwservicemanager)
12-04 05:11:27.818   402   402 W HidlServiceManagement: Waited one second for android.hardware.keymaster@4.0::IKeymasterDevice/default
12-04 05:11:27.818   399   399 I hwservicemanager: Since android.hardware.keymaster@4.0::IKeymasterDevice/default is not registered, trying to start it as a lazy HAL.
12-04 05:11:27.819   402   402 I HidlServiceManagement: getService: Trying again for android.hardware.keymaster@4.0::IKeymasterDevice/default...
12-04 05:11:27.819   399   951 W libc    : Unable to set property "ctl.interface_start" to "android.hardware.keymaster@4.0::IKeymasterDevice/default": error code: 0x20
12-04 05:11:27.819   399   951 I hwservicemanager: Tried to start android.hardware.keymaster@4.0::IKeymasterDevice/default as a lazy service, but was unable to. Usually this happens when a service is not installed, but if the service is intended to be used as a lazy service, then it may be configured incorrectly.
12-04 05:11:27.819     0     0 E init    : Control message: Could not find 'android.hardware.keymaster@4.0::IKeymasterDevice/default' for ctl.interface_start from pid: 399 (/system/bin/hwservicemanager)
12-04 05:11:28.266     0     0 E wt_chg soc: qcom_wt_chg: wt_chg_main now = 258016 resume_time = 263016
12-04 05:11:28.274     0     0 E wt_chg soc: qcom_wt_chg: wtchg_float_charge_type_check vbus_online=0 real_type=0 float_recheck_cnt=0
12-04 05:11:28.274     0     0 E wt_chg soc: qcom_wt_chg: batt_protected_mode=0 batt_protected_mode_disable_charge=0 batt_protected_mode_disable_suspend=0
12-04 05:11:28.274     0     0 E chg_type: 0, vbus_online: 0, vbus_volt: 5000, chg_status: 2, batt_volt: 4259000, batt_current: -848000, temp: 287, health: 1, capacity: 99
12-04 05:11:28.274     0     0 E chg_temp: 317, usb_temp: 263, board_temp: 293, usb_online: 0, ac_online: 0, pd_active:0 typec_pr_role:3
12-04 05:11:28.274     0     0 I TCPC-TCPC: bat_update_work_func battery update soc = 99
12-04 05:11:28.274     0     0 I TCPC-TCPC: bat_update_work_func Battery Discharging
12-04 05:11:28.278     0     0 W healthd : battery l=99 v=4259 t=28.7 h=2 st=3 c=-848000 fc=6564000 cc=547 chg=
12-04 05:11:28.281     0     0 W healthd : battery l=99 v=4259 t=28.7 h=2 st=3 c=-848000 fc=6564000 cc=547 chg=
12-04 05:11:28.283     0     0 W healthd : battery l=99 v=4259 t=28.7 h=2 st=3 c=-848000 fc=6564000 cc=547 chg=
12-04 05:11:28.819   402   402 W HidlServiceManagement: Waited one second for android.hardware.keymaster@4.0::IKeymasterDevice/default
12-04 05:11:28.819   399   399 I hwservicemanager: Since android.hardware.keymaster@4.0::IKeymasterDevice/default is not registered, trying to start it as a lazy HAL.
12-04 05:11:28.819   402   402 I HidlServiceManagement: getService: Trying again for android.hardware.keymaster@4.0::IKeymasterDevice/default...
12-04 05:11:28.820   399   952 W libc    : Unable to set property "ctl.interface_start" to "android.hardware.keymaster@4.0::IKeymasterDevice/default": error code: 0x20
12-04 05:11:28.820   399   952 I hwservicemanager: Tried to start android.hardware.keymaster@4.0::IKeymasterDevice/default as a lazy service, but was unable to. Usually this happens when a service is not installed, but if the service is intended to be used as a lazy service, then it may be configured incorrectly.
12-04 05:11:28.820     0     0 E init    : Control message: Could not find 'android.hardware.keymaster@4.0::IKeymasterDevice/default' for ctl.interface_start from pid: 399 (/system/bin/hwservicemanager)
12-04 05:11:29.820   402   402 W HidlServiceManagement: Waited one second for android.hardware.keymaster@4.0::IKeymasterDevice/default
12-04 05:11:29.820   399   399 I hwservicemanager: Since android.hardware.keymaster@4.0::IKeymasterDevice/default is not registered, trying to start it as a lazy HAL.
12-04 05:11:29.820   402   402 I HidlServiceManagement: getService: Trying again for android.hardware.keymaster@4.0::IKeymasterDevice/default...
12-04 05:11:29.821   399   953 W libc    : Unable to set property "ctl.interface_start" to "android.hardware.keymaster@4.0::IKeymasterDevice/default": error code: 0x20
12-04 05:11:29.821   399   953 I hwservicemanager: Tried to start android.hardware.keymaster@4.0::IKeymasterDevice/default as a lazy service, but was unable to. Usually this happens when a service is not installed, but if the service is intended to be used as a lazy service, then it may be configured incorrectly.
12-04 05:11:29.821     0     0 E init    : Control message: Could not find 'android.hardware.keymaster@4.0::IKeymasterDevice/default' for ctl.interface_start from pid: 399 (/system/bin/hwservicemanager)
12-04 05:11:30.820   402   402 W HidlServiceManagement: Waited one second for android.hardware.keymaster@4.0::IKeymasterDevice/default
12-04 05:11:30.821   399   399 I hwservicemanager: Since android.hardware.keymaster@4.0::IKeymasterDevice/default is not registered, trying to start it as a lazy HAL.
12-04 05:11:30.821   402   402 I HidlServiceManagement: getService: Trying again for android.hardware.keymaster@4.0::IKeymasterDevice/default...
12-04 05:11:30.822   399   954 W libc    : Unable to set property "ctl.interface_start" to "android.hardware.keymaster@4.0::IKeymasterDevice/default": error code: 0x20
12-04 05:11:30.822   399   954 I hwservicemanager: Tried to start android.hardware.keymaster@4.0::IKeymasterDevice/default as a lazy service, but was unable to. Usually this happens when a service is not installed, but if the service is intended to be used as a lazy service, then it may be configured incorrectly.
12-04 05:11:30.822     0     0 E init    : Control message: Could not find 'android.hardware.keymaster@4.0::IKeymasterDevice/default' for ctl.interface_start from pid: 399 (/system/bin/hwservicemanager)
12-04 05:11:31.821   402   402 W HidlServiceManagement: Waited one second for android.hardware.keymaster@4.0::IKeymasterDevice/default
12-04 05:11:31.822   399   399 I hwservicemanager: Since android.hardware.keymaster@4.0::IKeymasterDevice/default is not registered, trying to start it as a lazy HAL.
12-04 05:11:31.822   402   402 I HidlServiceManagement: getService: Trying again for android.hardware.keymaster@4.0::IKeymasterDevice/default...
12-04 05:11:31.823   399   955 W libc    : Unable to set property "ctl.interface_start" to "android.hardware.keymaster@4.0::IKeymasterDevice/default": error code: 0x20
12-04 05:11:31.823   399   955 I hwservicemanager: Tried to start android.hardware.keymaster@4.0::IKeymasterDevice/default as a lazy service, but was unable to. Usually this happens when a service is not installed, but if the service is intended to be used as a lazy service, then it may be configured incorrectly.
12-04 05:11:31.823     0     0 E init    : Control message: Could not find 'android.hardware.keymaster@4.0::IKeymasterDevice/default' for ctl.interface_start from pid: 399 (/system/bin/hwservicemanager)
12-04 05:11:32.822   402   402 W HidlServiceManagement: Waited one second for android.hardware.keymaster@4.0::IKeymasterDevice/default
12-04 05:11:32.823   399   399 I hwservicemanager: Since android.hardware.keymaster@4.0::IKeymasterDevice/default is not registered, trying to start it as a lazy HAL.
12-04 05:11:32.823   402   402 I HidlServiceManagement: getService: Trying again for android.hardware.keymaster@4.0::IKeymasterDevice/default...
12-04 05:11:32.823   399   956 W libc    : Unable to set property "ctl.interface_start" to "android.hardware.keymaster@4.0::IKeymasterDevice/default": error code: 0x20
12-04 05:11:32.824   399   956 I hwservicemanager: Tried to start android.hardware.keymaster@4.0::IKeymasterDevice/default as a lazy service, but was unable to. Usually this happens when a service is not installed, but if the service is intended to be used as a lazy service, then it may be configured incorrectly.
12-04 05:11:32.823     0     0 E init    : Control message: Could not find 'android.hardware.keymaster@4.0::IKeymasterDevice/default' for ctl.interface_start from pid: 399 (/system/bin/hwservicemanager)
12-04 05:11:33.823   402   402 W HidlServiceManagement: Waited one second for android.hardware.keymaster@4.0::IKeymasterDevice/default
12-04 05:11:33.823   399   399 I hwservicemanager: Since android.hardware.keymaster@4.0::IKeymasterDevice/default is not registered, trying to start it as a lazy HAL.
12-04 05:11:33.824   402   402 I HidlServiceManagement: getService: Trying again for android.hardware.keymaster@4.0::IKeymasterDevice/default...
12-04 05:11:33.824   399   957 W libc    : Unable to set property "ctl.interface_start" to "android.hardware.keymaster@4.0::IKeymasterDevice/default": error code: 0x20
12-04 05:11:33.824   399   957 I hwservicemanager: Tried to start android.hardware.keymaster@4.0::IKeymasterDevice/default as a lazy service, but was unable to. Usually this happens when a service is not installed, but if the service is intended to be used as a lazy service, then it may be configured incorrectly.
12-04 05:11:33.824     0     0 E init    : Control message: Could not find 'android.hardware.keymaster@4.0::IKeymasterDevice/default' for ctl.interface_start from pid: 399 (/system/bin/hwservicemanager)
12-04 05:11:34.824   402   402 W HidlServiceManagement: Waited one second for android.hardware.keymaster@4.0::IKeymasterDevice/default
12-04 05:11:34.824   399   399 I hwservicemanager: Since android.hardware.keymaster@4.0::IKeymasterDevice/default is not registered, trying to start it as a lazy HAL.
12-04 05:11:34.825   402   402 I HidlServiceManagement: getService: Trying again for android.hardware.keymaster@4.0::IKeymasterDevice/default...
12-04 05:11:34.825   399   958 W libc    : Unable to set property "ctl.interface_start" to "android.hardware.keymaster@4.0::IKeymasterDevice/default": error code: 0x20
12-04 05:11:34.825   399   958 I hwservicemanager: Tried to start android.hardware.keymaster@4.0::IKeymasterDevice/default as a lazy service, but was unable to. Usually this happens when a service is not installed, but if the service is intended to be used as a lazy service, then it may be configured incorrectly.
12-04 05:11:34.825     0     0 E init    : Control message: Could not find 'android.hardware.keymaster@4.0::IKeymasterDevice/default' for ctl.interface_start from pid: 399 (/system/bin/hwservicemanager)
12-04 05:11:35.825   402   402 W HidlServiceManagement: Waited one second for android.hardware.keymaster@4.0::IKeymasterDevice/default
12-04 05:11:35.825   399   399 I hwservicemanager: Since android.hardware.keymaster@4.0::IKeymasterDevice/default is not registered, trying to start it as a lazy HAL.
12-04 05:11:35.825   402   402 I HidlServiceManagement: getService: Trying again for android.hardware.keymaster@4.0::IKeymasterDevice/default...
12-04 05:11:35.826     0     0 E init    : Control message: Could not find 'android.hardware.keymaster@4.0::IKeymasterDevice/default' for ctl.interface_start from pid: 399 (/system/bin/hwservicemanager)
12-04 05:11:35.826   399   959 W libc    : Unable to set property "ctl.interface_start" to "android.hardware.keymaster@4.0::IKeymasterDevice/default": error code: 0x20
12-04 05:11:35.826   399   959 I hwservicemanager: Tried to start android.hardware.keymaster@4.0::IKeymasterDevice/default as a lazy service, but was unable to. Usually this happens when a service is not installed, but if the service is intended to be used as a lazy service, then it may be configured incorrectly.
12-04 05:11:36.826   402   402 W HidlServiceManagement: Waited one second for android.hardware.keymaster@4.0::IKeymasterDevice/default
12-04 05:11:36.826   399   399 I hwservicemanager: Since android.hardware.keymaster@4.0::IKeymasterDevice/default is not registered, trying to start it as a lazy HAL.
12-04 05:11:36.826   402   402 I HidlServiceManagement: getService: Trying again for android.hardware.keymaster@4.0::IKeymasterDevice/default...
12-04 05:11:36.827   399   960 W libc    : Unable to set property "ctl.interface_start" to "android.hardware.keymaster@4.0::IKeymasterDevice/default": error code: 0x20
12-04 05:11:36.827   399   960 I hwservicemanager: Tried to start android.hardware.keymaster@4.0::IKeymasterDevice/default as a lazy service, but was unable to. Usually this happens when a service is not installed, but if the service is intended to be used as a lazy service, then it may be configured incorrectly.
12-04 05:11:36.827     0     0 E init    : Control message: Could not find 'android.hardware.keymaster@4.0::IKeymasterDevice/default' for ctl.interface_start from pid: 399 (/system/bin/hwservicemanager)
12-04 05:11:37.826   402   402 W HidlServiceManagement: Waited one second for android.hardware.keymaster@4.0::IKeymasterDevice/default
12-04 05:11:37.827   399   399 I hwservicemanager: Since android.hardware.keymaster@4.0::IKeymasterDevice/default is not registered, trying to start it as a lazy HAL.
12-04 05:11:37.827   402   402 I HidlServiceManagement: getService: Trying again for android.hardware.keymaster@4.0::IKeymasterDevice/default...
12-04 05:11:37.828   399   961 W libc    : Unable to set property "ctl.interface_start" to "android.hardware.keymaster@4.0::IKeymasterDevice/default": error code: 0x20
12-04 05:11:37.828   399   961 I hwservicemanager: Tried to start android.hardware.keymaster@4.0::IKeymasterDevice/default as a lazy service, but was unable to. Usually this happens when a service is not installed, but if the service is intended to be used as a lazy service, then it may be configured incorrectly.
12-04 05:11:37.828     0     0 E init    : Control message: Could not find 'android.hardware.keymaster@4.0::IKeymasterDevice/default' for ctl.interface_start from pid: 399 (/system/bin/hwservicemanager)
12-04 05:11:38.506     0     0 E wt_chg soc: qcom_wt_chg: wt_chg_main now = 268256 resume_time = 273256
12-04 05:11:38.514     0     0 E wt_chg soc: qcom_wt_chg: wtchg_float_charge_type_check vbus_online=0 real_type=0 float_recheck_cnt=0
12-04 05:11:38.514     0     0 E wt_chg soc: qcom_wt_chg: batt_protected_mode=0 batt_protected_mode_disable_charge=0 batt_protected_mode_disable_suspend=0
12-04 05:11:38.514     0     0 E chg_type: 0, vbus_online: 0, vbus_volt: 5000, chg_status: 2, batt_volt: 4258000, batt_current: -859000, temp: 287, health: 1, capacity: 99
12-04 05:11:38.514     0     0 E chg_temp: 317, usb_temp: 263, board_temp: 293, usb_online: 0, ac_online: 0, pd_active:0 typec_pr_role:3
12-04 05:11:38.514     0     0 I TCPC-TCPC: bat_update_work_func battery update soc = 99
12-04 05:11:38.514     0     0 I TCPC-TCPC: bat_update_work_func Battery Discharging
12-04 05:11:38.519     0     0 W healthd : battery l=99 v=4258 t=28.7 h=2 st=3 c=-859000 fc=6564000 cc=547 chg=
12-04 05:11:38.521     0     0 W healthd : battery l=99 v=4258 t=28.7 h=2 st=3 c=-859000 fc=6564000 cc=547 chg=
12-04 05:11:38.524     0     0 W healthd : battery l=99 v=4258 t=28.7 h=2 st=3 c=-859000 fc=6564000 cc=547 chg=
12-04 05:11:38.827   402   402 W HidlServiceManagement: Waited one second for android.hardware.keymaster@4.0::IKeymasterDevice/default
12-04 05:11:38.828   399   399 I hwservicemanager: Since android.hardware.keymaster@4.0::IKeymasterDevice/default is not registered, trying to start it as a lazy HAL.
12-04 05:11:38.828   402   402 I HidlServiceManagement: getService: Trying again for android.hardware.keymaster@4.0::IKeymasterDevice/default...
12-04 05:11:38.829   399   962 W libc    : Unable to set property "ctl.interface_start" to "android.hardware.keymaster@4.0::IKeymasterDevice/default": error code: 0x20
12-04 05:11:38.829   399   962 I hwservicemanager: Tried to start android.hardware.keymaster@4.0::IKeymasterDevice/default as a lazy service, but was unable to. Usually this happens when a service is not installed, but if the service is intended to be used as a lazy service, then it may be configured incorrectly.
12-04 05:11:38.829     0     0 E init    : Control message: Could not find 'android.hardware.keymaster@4.0::IKeymasterDevice/default' for ctl.interface_start from pid: 399 (/system/bin/hwservicemanager)
12-04 05:11:39.828   402   402 W HidlServiceManagement: Waited one second for android.hardware.keymaster@4.0::IKeymasterDevice/default
12-04 05:11:39.828   399   399 I hwservicemanager: Since android.hardware.keymaster@4.0::IKeymasterDevice/default is not registered, trying to start it as a lazy HAL.
12-04 05:11:39.829   402   402 I HidlServiceManagement: getService: Trying again for android.hardware.keymaster@4.0::IKeymasterDevice/default...
12-04 05:11:39.829   399   963 W libc    : Unable to set property "ctl.interface_start" to "android.hardware.keymaster@4.0::IKeymasterDevice/default": error code: 0x20
12-04 05:11:39.830   399   963 I hwservicemanager: Tried to start android.hardware.keymaster@4.0::IKeymasterDevice/default as a lazy service, but was unable to. Usually this happens when a service is not installed, but if the service is intended to be used as a lazy service, then it may be configured incorrectly.
12-04 05:11:39.829     0     0 E init    : Control message: Could not find 'android.hardware.keymaster@4.0::IKeymasterDevice/default' for ctl.interface_start from pid: 399 (/system/bin/hwservicemanager)
12-04 05:11:40.829   402   402 W HidlServiceManagement: Waited one second for android.hardware.keymaster@4.0::IKeymasterDevice/default
12-04 05:11:40.829   399   399 I hwservicemanager: Since android.hardware.keymaster@4.0::IKeymasterDevice/default is not registered, trying to start it as a lazy HAL.
12-04 05:11:40.830   402   402 I HidlServiceManagement: getService: Trying again for android.hardware.keymaster@4.0::IKeymasterDevice/default...
12-04 05:11:40.830   399   964 W libc    : Unable to set property "ctl.interface_start" to "android.hardware.keymaster@4.0::IKeymasterDevice/default": error code: 0x20
12-04 05:11:40.831   399   964 I hwservicemanager: Tried to start android.hardware.keymaster@4.0::IKeymasterDevice/default as a lazy service, but was unable to. Usually this happens when a service is not installed, but if the service is intended to be used as a lazy service, then it may be configured incorrectly.
12-04 05:11:40.830     0     0 E init    : Control message: Could not find 'android.hardware.keymaster@4.0::IKeymasterDevice/default' for ctl.interface_start from pid: 399 (/system/bin/hwservicemanager)
12-04 05:11:41.830   402   402 W HidlServiceManagement: Waited one second for android.hardware.keymaster@4.0::IKeymasterDevice/default
12-04 05:11:41.830   399   399 I hwservicemanager: Since android.hardware.keymaster@4.0::IKeymasterDevice/default is not registered, trying to start it as a lazy HAL.
12-04 05:11:41.831   402   402 I HidlServiceManagement: getService: Trying again for android.hardware.keymaster@4.0::IKeymasterDevice/default...
12-04 05:11:41.831   399   965 W libc    : Unable to set property "ctl.interface_start" to "android.hardware.keymaster@4.0::IKeymasterDevice/default": error code: 0x20
12-04 05:11:41.831   399   965 I hwservicemanager: Tried to start android.hardware.keymaster@4.0::IKeymasterDevice/default as a lazy service, but was unable to. Usually this happens when a service is not installed, but if the service is intended to be used as a lazy service, then it may be configured incorrectly.
12-04 05:11:41.831     0     0 E init    : Control message: Could not find 'android.hardware.keymaster@4.0::IKeymasterDevice/default' for ctl.interface_start from pid: 399 (/system/bin/hwservicemanager)
12-04 05:11:42.831   402   402 W HidlServiceManagement: Waited one second for android.hardware.keymaster@4.0::IKeymasterDevice/default
12-04 05:11:42.831   399   399 I hwservicemanager: Since android.hardware.keymaster@4.0::IKeymasterDevice/default is not registered, trying to start it as a lazy HAL.
12-04 05:11:42.831   402   402 I HidlServiceManagement: getService: Trying again for android.hardware.keymaster@4.0::IKeymasterDevice/default...
12-04 05:11:42.832   399   966 W libc    : Unable to set property "ctl.interface_start" to "android.hardware.keymaster@4.0::IKeymasterDevice/default": error code: 0x20
12-04 05:11:42.832   399   966 I hwservicemanager: Tried to start android.hardware.keymaster@4.0::IKeymasterDevice/default as a lazy service, but was unable to. Usually this happens when a service is not installed, but if the service is intended to be used as a lazy service, then it may be configured incorrectly.
12-04 05:11:42.832     0     0 E init    : Control message: Could not find 'android.hardware.keymaster@4.0::IKeymasterDevice/default' for ctl.interface_start from pid: 399 (/system/bin/hwservicemanager)
12-04 05:11:43.832   402   402 W HidlServiceManagement: Waited one second for android.hardware.keymaster@4.0::IKeymasterDevice/default
12-04 05:11:43.833   399   399 I hwservicemanager: Since android.hardware.keymaster@4.0::IKeymasterDevice/default is not registered, trying to start it as a lazy HAL.
12-04 05:11:43.833   402   402 I HidlServiceManagement: getService: Trying again for android.hardware.keymaster@4.0::IKeymasterDevice/default...
12-04 05:11:43.834   399   967 W libc    : Unable to set property "ctl.interface_start" to "android.hardware.keymaster@4.0::IKeymasterDevice/default": error code: 0x20
12-04 05:11:43.834     0     0 E init    : Control message: Could not find 'android.hardware.keymaster@4.0::IKeymasterDevice/default' for ctl.interface_start from pid: 399 (/system/bin/hwservicemanager)
12-04 05:11:43.834   399   967 I hwservicemanager: Tried to start android.hardware.keymaster@4.0::IKeymasterDevice/default as a lazy service, but was unable to. Usually this happens when a service is not installed, but if the service is intended to be used as a lazy service, then it may be configured incorrectly.
12-04 05:11:44.833   402   402 W HidlServiceManagement: Waited one second for android.hardware.keymaster@4.0::IKeymasterDevice/default
12-04 05:11:44.833   399   399 I hwservicemanager: Since android.hardware.keymaster@4.0::IKeymasterDevice/default is not registered, trying to start it as a lazy HAL.
12-04 05:11:44.834   402   402 I HidlServiceManagement: getService: Trying again for android.hardware.keymaster@4.0::IKeymasterDevice/default...
12-04 05:11:44.834   399   968 W libc    : Unable to set property "ctl.interface_start" to "android.hardware.keymaster@4.0::IKeymasterDevice/default": error code: 0x20
12-04 05:11:44.835   399   968 I hwservicemanager: Tried to start android.hardware.keymaster@4.0::IKeymasterDevice/default as a lazy service, but was unable to. Usually this happens when a service is not installed, but if the service is intended to be used as a lazy service, then it may be configured incorrectly.
12-04 05:11:44.834     0     0 E init    : Control message: Could not find 'android.hardware.keymaster@4.0::IKeymasterDevice/default' for ctl.interface_start from pid: 399 (/system/bin/hwservicemanager)
12-04 05:11:45.834   402   402 W HidlServiceManagement: Waited one second for android.hardware.keymaster@4.0::IKeymasterDevice/default
12-04 05:11:45.834   399   399 I hwservicemanager: Since android.hardware.keymaster@4.0::IKeymasterDevice/default is not registered, trying to start it as a lazy HAL.
12-04 05:11:45.835   402   402 I HidlServiceManagement: getService: Trying again for android.hardware.keymaster@4.0::IKeymasterDevice/default...
12-04 05:11:45.835   399   969 W libc    : Unable to set property "ctl.interface_start" to "android.hardware.keymaster@4.0::IKeymasterDevice/default": error code: 0x20
12-04 05:11:45.835   399   969 I hwservicemanager: Tried to start android.hardware.keymaster@4.0::IKeymasterDevice/default as a lazy service, but was unable to. Usually this happens when a service is not installed, but if the service is intended to be used as a lazy service, then it may be configured incorrectly.
12-04 05:11:45.835     0     0 E init    : Control message: Could not find 'android.hardware.keymaster@4.0::IKeymasterDevice/default' for ctl.interface_start from pid: 399 (/system/bin/hwservicemanager)
12-04 05:11:46.835   402   402 W HidlServiceManagement: Waited one second for android.hardware.keymaster@4.0::IKeymasterDevice/default
12-04 05:11:46.835   399   399 I hwservicemanager: Since android.hardware.keymaster@4.0::IKeymasterDevice/default is not registered, trying to start it as a lazy HAL.
12-04 05:11:46.836   402   402 I HidlServiceManagement: getService: Trying again for android.hardware.keymaster@4.0::IKeymasterDevice/default...
12-04 05:11:46.836   399   970 W libc    : Unable to set property "ctl.interface_start" to "android.hardware.keymaster@4.0::IKeymasterDevice/default": error code: 0x20
12-04 05:11:46.836   399   970 I hwservicemanager: Tried to start android.hardware.keymaster@4.0::IKeymasterDevice/default as a lazy service, but was unable to. Usually this happens when a service is not installed, but if the service is intended to be used as a lazy service, then it may be configured incorrectly.
12-04 05:11:46.836     0     0 E init    : Control message: Could not find 'android.hardware.keymaster@4.0::IKeymasterDevice/default' for ctl.interface_start from pid: 399 (/system/bin/hwservicemanager)
12-04 05:11:47.836   402   402 W HidlServiceManagement: Waited one second for android.hardware.keymaster@4.0::IKeymasterDevice/default
12-04 05:11:47.836   399   399 I hwservicemanager: Since android.hardware.keymaster@4.0::IKeymasterDevice/default is not registered, trying to start it as a lazy HAL.
12-04 05:11:47.837   402   402 I HidlServiceManagement: getService: Trying again for android.hardware.keymaster@4.0::IKeymasterDevice/default...
12-04 05:11:47.837   399   971 W libc    : Unable to set property "ctl.interface_start" to "android.hardware.keymaster@4.0::IKeymasterDevice/default": error code: 0x20
12-04 05:11:47.837   399   971 I hwservicemanager: Tried to start android.hardware.keymaster@4.0::IKeymasterDevice/default as a lazy service, but was unable to. Usually this happens when a service is not installed, but if the service is intended to be used as a lazy service, then it may be configured incorrectly.
12-04 05:11:47.837     0     0 E init    : Control message: Could not find 'android.hardware.keymaster@4.0::IKeymasterDevice/default' for ctl.interface_start from pid: 399 (/system/bin/hwservicemanager)
12-04 05:11:48.746     0     0 E wt_chg soc: qcom_wt_chg: wt_chg_main now = 278496 resume_time = 283496
12-04 05:11:48.754     0     0 E wt_chg soc: qcom_wt_chg: wtchg_float_charge_type_check vbus_online=0 real_type=0 float_recheck_cnt=0
12-04 05:11:48.754     0     0 E wt_chg soc: qcom_wt_chg: batt_protected_mode=0 batt_protected_mode_disable_charge=0 batt_protected_mode_disable_suspend=0
12-04 05:11:48.754     0     0 E chg_type: 0, vbus_online: 0, vbus_volt: 5000, chg_status: 2, batt_volt: 4257000, batt_current: -858000, temp: 287, health: 1, capacity: 99
12-04 05:11:48.754     0     0 E chg_temp: 317, usb_temp: 263, board_temp: 293, usb_online: 0, ac_online: 0, pd_active:0 typec_pr_role:3
12-04 05:11:48.754     0     0 I TCPC-TCPC: bat_update_work_func battery update soc = 99
12-04 05:11:48.754     0     0 I TCPC-TCPC: bat_update_work_func Battery Discharging
12-04 05:11:48.758     0     0 W healthd : battery l=99 v=4257 t=28.7 h=2 st=3 c=-858000 fc=6564000 cc=547 chg=
12-04 05:11:48.761     0     0 W healthd : battery l=99 v=4257 t=28.7 h=2 st=3 c=-858000 fc=6564000 cc=547 chg=
12-04 05:11:48.763     0     0 W healthd : battery l=99 v=4257 t=28.7 h=2 st=3 c=-858000 fc=6564000 cc=547 chg=
12-04 05:11:48.837   402   402 W HidlServiceManagement: Waited one second for android.hardware.keymaster@4.0::IKeymasterDevice/default
12-04 05:11:48.837   399   399 I hwservicemanager: Since android.hardware.keymaster@4.0::IKeymasterDevice/default is not registered, trying to start it as a lazy HAL.
12-04 05:11:48.837   402   402 I HidlServiceManagement: getService: Trying again for android.hardware.keymaster@4.0::IKeymasterDevice/default...
12-04 05:11:48.838     0     0 E init    : Control message: Could not find 'android.hardware.keymaster@4.0::IKeymasterDevice/default' for ctl.interface_start from pid: 399 (/system/bin/hwservicemanager)
12-04 05:11:48.838   399   972 W libc    : Unable to set property "ctl.interface_start" to "android.hardware.keymaster@4.0::IKeymasterDevice/default": error code: 0x20
12-04 05:11:48.838   399   972 I hwservicemanager: Tried to start android.hardware.keymaster@4.0::IKeymasterDevice/default as a lazy service, but was unable to. Usually this happens when a service is not installed, but if the service is intended to be used as a lazy service, then it may be configured incorrectly.
12-04 05:11:49.838   402   402 W HidlServiceManagement: Waited one second for android.hardware.keymaster@4.0::IKeymasterDevice/default
12-04 05:11:49.838   399   399 I hwservicemanager: Since android.hardware.keymaster@4.0::IKeymasterDevice/default is not registered, trying to start it as a lazy HAL.
12-04 05:11:49.838   402   402 I HidlServiceManagement: getService: Trying again for android.hardware.keymaster@4.0::IKeymasterDevice/default...
12-04 05:11:49.839   399   973 W libc    : Unable to set property "ctl.interface_start" to "android.hardware.keymaster@4.0::IKeymasterDevice/default": error code: 0x20
12-04 05:11:49.839   399   973 I hwservicemanager: Tried to start android.hardware.keymaster@4.0::IKeymasterDevice/default as a lazy service, but was unable to. Usually this happens when a service is not installed, but if the service is intended to be used as a lazy service, then it may be configured incorrectly.
12-04 05:11:49.839     0     0 E init    : Control message: Could not find 'android.hardware.keymaster@4.0::IKeymasterDevice/default' for ctl.interface_start from pid: 399 (/system/bin/hwservicemanager)
12-04 05:11:50.838   402   402 W HidlServiceManagement: Waited one second for android.hardware.keymaster@4.0::IKeymasterDevice/default
12-04 05:11:50.839   399   399 I hwservicemanager: Since android.hardware.keymaster@4.0::IKeymasterDevice/default is not registered, trying to start it as a lazy HAL.
12-04 05:11:50.839   402   402 I HidlServiceManagement: getService: Trying again for android.hardware.keymaster@4.0::IKeymasterDevice/default...
12-04 05:11:50.840   399   974 W libc    : Unable to set property "ctl.interface_start" to "android.hardware.keymaster@4.0::IKeymasterDevice/default": error code: 0x20
12-04 05:11:50.840   399   974 I hwservicemanager: Tried to start android.hardware.keymaster@4.0::IKeymasterDevice/default as a lazy service, but was unable to. Usually this happens when a service is not installed, but if the service is intended to be used as a lazy service, then it may be configured incorrectly.
12-04 05:11:50.840     0     0 E init    : Control message: Could not find 'android.hardware.keymaster@4.0::IKeymasterDevice/default' for ctl.interface_start from pid: 399 (/system/bin/hwservicemanager)
12-04 05:11:51.839   402   402 W HidlServiceManagement: Waited one second for android.hardware.keymaster@4.0::IKeymasterDevice/default
12-04 05:11:51.840   399   399 I hwservicemanager: Since android.hardware.keymaster@4.0::IKeymasterDevice/default is not registered, trying to start it as a lazy HAL.
12-04 05:11:51.840   402   402 I HidlServiceManagement: getService: Trying again for android.hardware.keymaster@4.0::IKeymasterDevice/default...
12-04 05:11:51.841   399   975 W libc    : Unable to set property "ctl.interface_start" to "android.hardware.keymaster@4.0::IKeymasterDevice/default": error code: 0x20
12-04 05:11:51.841   399   975 I hwservicemanager: Tried to start android.hardware.keymaster@4.0::IKeymasterDevice/default as a lazy service, but was unable to. Usually this happens when a service is not installed, but if the service is intended to be used as a lazy service, then it may be configured incorrectly.
12-04 05:11:51.841     0     0 E init    : Control message: Could not find 'android.hardware.keymaster@4.0::IKeymasterDevice/default' for ctl.interface_start from pid: 399 (/system/bin/hwservicemanager)
12-04 05:11:52.840   402   402 W HidlServiceManagement: Waited one second for android.hardware.keymaster@4.0::IKeymasterDevice/default
12-04 05:11:52.841   399   399 I hwservicemanager: Since android.hardware.keymaster@4.0::IKeymasterDevice/default is not registered, trying to start it as a lazy HAL.
12-04 05:11:52.841   402   402 I HidlServiceManagement: getService: Trying again for android.hardware.keymaster@4.0::IKeymasterDevice/default...
12-04 05:11:52.842   399   976 W libc    : Unable to set property "ctl.interface_start" to "android.hardware.keymaster@4.0::IKeymasterDevice/default": error code: 0x20
12-04 05:11:52.842   399   976 I hwservicemanager: Tried to start android.hardware.keymaster@4.0::IKeymasterDevice/default as a lazy service, but was unable to. Usually this happens when a service is not installed, but if the service is intended to be used as a lazy service, then it may be configured incorrectly.
12-04 05:11:52.841     0     0 E init    : Control message: Could not find 'android.hardware.keymaster@4.0::IKeymasterDevice/default' for ctl.interface_start from pid: 399 (/system/bin/hwservicemanager)
12-04 05:11:53.841   402   402 W HidlServiceManagement: Waited one second for android.hardware.keymaster@4.0::IKeymasterDevice/default
12-04 05:11:53.841   399   399 I hwservicemanager: Since android.hardware.keymaster@4.0::IKeymasterDevice/default is not registered, trying to start it as a lazy HAL.
12-04 05:11:53.842   402   402 I HidlServiceManagement: getService: Trying again for android.hardware.keymaster@4.0::IKeymasterDevice/default...
12-04 05:11:53.843   399   977 W libc    : Unable to set property "ctl.interface_start" to "android.hardware.keymaster@4.0::IKeymasterDevice/default": error code: 0x20
12-04 05:11:53.843   399   977 I hwservicemanager: Tried to start android.hardware.keymaster@4.0::IKeymasterDevice/default as a lazy service, but was unable to. Usually this happens when a service is not installed, but if the service is intended to be used as a lazy service, then it may be configured incorrectly.
12-04 05:11:53.842     0     0 E init    : Control message: Could not find 'android.hardware.keymaster@4.0::IKeymasterDevice/default' for ctl.interface_start from pid: 399 (/system/bin/hwservicemanager)
12-04 05:11:54.842   402   402 W HidlServiceManagement: Waited one second for android.hardware.keymaster@4.0::IKeymasterDevice/default
12-04 05:11:54.842   399   399 I hwservicemanager: Since android.hardware.keymaster@4.0::IKeymasterDevice/default is not registered, trying to start it as a lazy HAL.
12-04 05:11:54.843   402   402 I HidlServiceManagement: getService: Trying again for android.hardware.keymaster@4.0::IKeymasterDevice/default...
12-04 05:11:54.843   399   978 W libc    : Unable to set property "ctl.interface_start" to "android.hardware.keymaster@4.0::IKeymasterDevice/default": error code: 0x20
12-04 05:11:54.844   399   978 I hwservicemanager: Tried to start android.hardware.keymaster@4.0::IKeymasterDevice/default as a lazy service, but was unable to. Usually this happens when a service is not installed, but if the service is intended to be used as a lazy service, then it may be configured incorrectly.
12-04 05:11:54.843     0     0 E init    : Control message: Could not find 'android.hardware.keymaster@4.0::IKeymasterDevice/default' for ctl.interface_start from pid: 399 (/system/bin/hwservicemanager)
12-04 05:11:55.843   402   402 W HidlServiceManagement: Waited one second for android.hardware.keymaster@4.0::IKeymasterDevice/default
12-04 05:11:55.843   399   399 I hwservicemanager: Since android.hardware.keymaster@4.0::IKeymasterDevice/default is not registered, trying to start it as a lazy HAL.
12-04 05:11:55.844   402   402 I HidlServiceManagement: getService: Trying again for android.hardware.keymaster@4.0::IKeymasterDevice/default...
12-04 05:11:55.845   399   979 W libc    : Unable to set property "ctl.interface_start" to "android.hardware.keymaster@4.0::IKeymasterDevice/default": error code: 0x20
12-04 05:11:55.845   399   979 I hwservicemanager: Tried to start android.hardware.keymaster@4.0::IKeymasterDevice/default as a lazy service, but was unable to. Usually this happens when a service is not installed, but if the service is intended to be used as a lazy service, then it may be configured incorrectly.
12-04 05:11:55.844     0     0 E init    : Control message: Could not find 'android.hardware.keymaster@4.0::IKeymasterDevice/default' for ctl.interface_start from pid: 399 (/system/bin/hwservicemanager)
12-04 05:11:56.844   402   402 W HidlServiceManagement: Waited one second for android.hardware.keymaster@4.0::IKeymasterDevice/default
12-04 05:11:56.845   399   399 I hwservicemanager: Since android.hardware.keymaster@4.0::IKeymasterDevice/default is not registered, trying to start it as a lazy HAL.
12-04 05:11:56.845   402   402 I HidlServiceManagement: getService: Trying again for android.hardware.keymaster@4.0::IKeymasterDevice/default...
12-04 05:11:56.846   399   980 W libc    : Unable to set property "ctl.interface_start" to "android.hardware.keymaster@4.0::IKeymasterDevice/default": error code: 0x20
12-04 05:11:56.846   399   980 I hwservicemanager: Tried to start android.hardware.keymaster@4.0::IKeymasterDevice/default as a lazy service, but was unable to. Usually this happens when a service is not installed, but if the service is intended to be used as a lazy service, then it may be configured incorrectly.
12-04 05:11:56.845     0     0 E init    : Control message: Could not find 'android.hardware.keymaster@4.0::IKeymasterDevice/default' for ctl.interface_start from pid: 399 (/system/bin/hwservicemanager)
12-04 05:11:57.845   402   402 W HidlServiceManagement: Waited one second for android.hardware.keymaster@4.0::IKeymasterDevice/default
12-04 05:11:57.845   399   399 I hwservicemanager: Since android.hardware.keymaster@4.0::IKeymasterDevice/default is not registered, trying to start it as a lazy HAL.
12-04 05:11:57.846   402   402 I HidlServiceManagement: getService: Trying again for android.hardware.keymaster@4.0::IKeymasterDevice/default...
12-04 05:11:57.846   399   981 W libc    : Unable to set property "ctl.interface_start" to "android.hardware.keymaster@4.0::IKeymasterDevice/default": error code: 0x20
12-04 05:11:57.847   399   981 I hwservicemanager: Tried to start android.hardware.keymaster@4.0::IKeymasterDevice/default as a lazy service, but was unable to. Usually this happens when a service is not installed, but if the service is intended to be used as a lazy service, then it may be configured incorrectly.
12-04 05:11:57.846     0     0 E init    : Control message: Could not find 'android.hardware.keymaster@4.0::IKeymasterDevice/default' for ctl.interface_start from pid: 399 (/system/bin/hwservicemanager)
12-04 05:11:58.846   402   402 W HidlServiceManagement: Waited one second for android.hardware.keymaster@4.0::IKeymasterDevice/default
12-04 05:11:58.846   399   399 I hwservicemanager: Since android.hardware.keymaster@4.0::IKeymasterDevice/default is not registered, trying to start it as a lazy HAL.
12-04 05:11:58.847   402   402 I HidlServiceManagement: getService: Trying again for android.hardware.keymaster@4.0::IKeymasterDevice/default...
12-04 05:11:58.848   399   982 W libc    : Unable to set property "ctl.interface_start" to "android.hardware.keymaster@4.0::IKeymasterDevice/default": error code: 0x20
12-04 05:11:58.848   399   982 I hwservicemanager: Tried to start android.hardware.keymaster@4.0::IKeymasterDevice/default as a lazy service, but was unable to. Usually this happens when a service is not installed, but if the service is intended to be used as a lazy service, then it may be configured incorrectly.
12-04 05:11:58.847     0     0 E init    : Control message: Could not find 'android.hardware.keymaster@4.0::IKeymasterDevice/default' for ctl.interface_start from pid: 399 (/system/bin/hwservicemanager)
12-04 05:11:58.986     0     0 E wt_chg soc: qcom_wt_chg: wt_chg_main now = 288736 resume_time = 293736
12-04 05:11:58.994     0     0 E wt_chg soc: qcom_wt_chg: wtchg_float_charge_type_check vbus_online=0 real_type=0 float_recheck_cnt=0
12-04 05:11:58.994     0     0 E wt_chg soc: qcom_wt_chg: batt_protected_mode=0 batt_protected_mode_disable_charge=0 batt_protected_mode_disable_suspend=0
12-04 05:11:58.994     0     0 E chg_type: 0, vbus_online: 0, vbus_volt: 5000, chg_status: 2, batt_volt: 4255000, batt_current: -877000, temp: 287, health: 1, capacity: 99
12-04 05:11:58.994     0     0 E chg_temp: 317, usb_temp: 263, board_temp: 293, usb_online: 0, ac_online: 0, pd_active:0 typec_pr_role:3
12-04 05:11:58.994     0     0 I TCPC-TCPC: bat_update_work_func battery update soc = 99
12-04 05:11:58.994     0     0 I TCPC-TCPC: bat_update_work_func Battery Discharging
12-04 05:11:58.998     0     0 W healthd : battery l=99 v=4255 t=28.7 h=2 st=3 c=-877000 fc=6564000 cc=547 chg=
12-04 05:11:59.001     0     0 W healthd : battery l=99 v=4255 t=28.7 h=2 st=3 c=-877000 fc=6564000 cc=547 chg=
12-04 05:11:59.003     0     0 W healthd : battery l=99 v=4255 t=28.7 h=2 st=3 c=-877000 fc=6564000 cc=547 chg=
12-04 05:11:59.847   402   402 W HidlServiceManagement: Waited one second for android.hardware.keymaster@4.0::IKeymasterDevice/default
12-04 05:11:59.847   399   399 I hwservicemanager: Since android.hardware.keymaster@4.0::IKeymasterDevice/default is not registered, trying to start it as a lazy HAL.
12-04 05:11:59.848   402   402 I HidlServiceManagement: getService: Trying again for android.hardware.keymaster@4.0::IKeymasterDevice/default...
12-04 05:11:59.849   399   983 W libc    : Unable to set property "ctl.interface_start" to "android.hardware.keymaster@4.0::IKeymasterDevice/default": error code: 0x20
12-04 05:11:59.849   399   983 I hwservicemanager: Tried to start android.hardware.keymaster@4.0::IKeymasterDevice/default as a lazy service, but was unable to. Usually this happens when a service is not installed, but if the service is intended to be used as a lazy service, then it may be configured incorrectly.
12-04 05:11:59.849     0     0 E init    : Control message: Could not find 'android.hardware.keymaster@4.0::IKeymasterDevice/default' for ctl.interface_start from pid: 399 (/system/bin/hwservicemanager)
12-04 05:12:00.848   402   402 W HidlServiceManagement: Waited one second for android.hardware.keymaster@4.0::IKeymasterDevice/default
12-04 05:12:00.849   399   399 I hwservicemanager: Since android.hardware.keymaster@4.0::IKeymasterDevice/default is not registered, trying to start it as a lazy HAL.
12-04 05:12:00.849   402   402 I HidlServiceManagement: getService: Trying again for android.hardware.keymaster@4.0::IKeymasterDevice/default...
12-04 05:12:00.849   399   984 W libc    : Unable to set property "ctl.interface_start" to "android.hardware.keymaster@4.0::IKeymasterDevice/default": error code: 0x20
12-04 05:12:00.849   399   984 I hwservicemanager: Tried to start android.hardware.keymaster@4.0::IKeymasterDevice/default as a lazy service, but was unable to. Usually this happens when a service is not installed, but if the service is intended to be used as a lazy service, then it may be configured incorrectly.
12-04 05:12:00.849     0     0 E init    : Control message: Could not find 'android.hardware.keymaster@4.0::IKeymasterDevice/default' for ctl.interface_start from pid: 399 (/system/bin/hwservicemanager)
12-04 05:12:01.849   402   402 W HidlServiceManagement: Waited one second for android.hardware.keymaster@4.0::IKeymasterDevice/default
12-04 05:12:01.850   399   399 I hwservicemanager: Since android.hardware.keymaster@4.0::IKeymasterDevice/default is not registered, trying to start it as a lazy HAL.
12-04 05:12:01.850   402   402 I HidlServiceManagement: getService: Trying again for android.hardware.keymaster@4.0::IKeymasterDevice/default...
12-04 05:12:01.851   399   985 W libc    : Unable to set property "ctl.interface_start" to "android.hardware.keymaster@4.0::IKeymasterDevice/default": error code: 0x20
12-04 05:12:01.851   399   985 I hwservicemanager: Tried to start android.hardware.keymaster@4.0::IKeymasterDevice/default as a lazy service, but was unable to. Usually this happens when a service is not installed, but if the service is intended to be used as a lazy service, then it may be configured incorrectly.
12-04 05:12:01.851     0     0 E init    : Control message: Could not find 'android.hardware.keymaster@4.0::IKeymasterDevice/default' for ctl.interface_start from pid: 399 (/system/bin/hwservicemanager)
12-04 05:12:02.850   402   402 W HidlServiceManagement: Waited one second for android.hardware.keymaster@4.0::IKeymasterDevice/default
12-04 05:12:02.851   399   399 I hwservicemanager: Since android.hardware.keymaster@4.0::IKeymasterDevice/default is not registered, trying to start it as a lazy HAL.
12-04 05:12:02.851   402   402 I HidlServiceManagement: getService: Trying again for android.hardware.keymaster@4.0::IKeymasterDevice/default...
12-04 05:12:02.852   399   986 W libc    : Unable to set property "ctl.interface_start" to "android.hardware.keymaster@4.0::IKeymasterDevice/default": error code: 0x20
12-04 05:12:02.852   399   986 I hwservicemanager: Tried to start android.hardware.keymaster@4.0::IKeymasterDevice/default as a lazy service, but was unable to. Usually this happens when a service is not installed, but if the service is intended to be used as a lazy service, then it may be configured incorrectly.
12-04 05:12:02.852     0     0 E init    : Control message: Could not find 'android.hardware.keymaster@4.0::IKeymasterDevice/default' for ctl.interface_start from pid: 399 (/system/bin/hwservicemanager)
12-04 05:12:03.851   402   402 W HidlServiceManagement: Waited one second for android.hardware.keymaster@4.0::IKeymasterDevice/default
12-04 05:12:03.852   399   399 I hwservicemanager: Since android.hardware.keymaster@4.0::IKeymasterDevice/default is not registered, trying to start it as a lazy HAL.
12-04 05:12:03.852   402   402 I HidlServiceManagement: getService: Trying again for android.hardware.keymaster@4.0::IKeymasterDevice/default...
12-04 05:12:03.853   399   987 W libc    : Unable to set property "ctl.interface_start" to "android.hardware.keymaster@4.0::IKeymasterDevice/default": error code: 0x20
12-04 05:12:03.853   399   987 I hwservicemanager: Tried to start android.hardware.keymaster@4.0::IKeymasterDevice/default as a lazy service, but was unable to. Usually this happens when a service is not installed, but if the service is intended to be used as a lazy service, then it may be configured incorrectly.
12-04 05:12:03.852     0     0 E init    : Control message: Could not find 'android.hardware.keymaster@4.0::IKeymasterDevice/default' for ctl.interface_start from pid: 399 (/system/bin/hwservicemanager)
12-04 05:12:04.852   402   402 W HidlServiceManagement: Waited one second for android.hardware.keymaster@4.0::IKeymasterDevice/default
12-04 05:12:04.852   399   399 I hwservicemanager: Since android.hardware.keymaster@4.0::IKeymasterDevice/default is not registered, trying to start it as a lazy HAL.
12-04 05:12:04.853   402   402 I HidlServiceManagement: getService: Trying again for android.hardware.keymaster@4.0::IKeymasterDevice/default...
12-04 05:12:04.853   399   988 W libc    : Unable to set property "ctl.interface_start" to "android.hardware.keymaster@4.0::IKeymasterDevice/default": error code: 0x20
12-04 05:12:04.854   399   988 I hwservicemanager: Tried to start android.hardware.keymaster@4.0::IKeymasterDevice/default as a lazy service, but was unable to. Usually this happens when a service is not installed, but if the service is intended to be used as a lazy service, then it may be configured incorrectly.
12-04 05:12:04.853     0     0 E init    : Control message: Could not find 'android.hardware.keymaster@4.0::IKeymasterDevice/default' for ctl.interface_start from pid: 399 (/system/bin/hwservicemanager)
12-04 05:12:05.853   402   402 W HidlServiceManagement: Waited one second for android.hardware.keymaster@4.0::IKeymasterDevice/default
12-04 05:12:05.853   399   399 I hwservicemanager: Since android.hardware.keymaster@4.0::IKeymasterDevice/default is not registered, trying to start it as a lazy HAL.
12-04 05:12:05.854   402   402 I HidlServiceManagement: getService: Trying again for android.hardware.keymaster@4.0::IKeymasterDevice/default...
12-04 05:12:05.854   399   989 W libc    : Unable to set property "ctl.interface_start" to "android.hardware.keymaster@4.0::IKeymasterDevice/default": error code: 0x20
12-04 05:12:05.855   399   989 I hwservicemanager: Tried to start android.hardware.keymaster@4.0::IKeymasterDevice/default as a lazy service, but was unable to. Usually this happens when a service is not installed, but if the service is intended to be used as a lazy service, then it may be configured incorrectly.
12-04 05:12:05.854     0     0 E init    : Control message: Could not find 'android.hardware.keymaster@4.0::IKeymasterDevice/default' for ctl.interface_start from pid: 399 (/system/bin/hwservicemanager)
12-04 05:12:06.854   402   402 W HidlServiceManagement: Waited one second for android.hardware.keymaster@4.0::IKeymasterDevice/default
12-04 05:12:06.854   399   399 I hwservicemanager: Since android.hardware.keymaster@4.0::IKeymasterDevice/default is not registered, trying to start it as a lazy HAL.
12-04 05:12:06.855   402   402 I HidlServiceManagement: getService: Trying again for android.hardware.keymaster@4.0::IKeymasterDevice/default...
12-04 05:12:06.856   399   990 W libc    : Unable to set property "ctl.interface_start" to "android.hardware.keymaster@4.0::IKeymasterDevice/default": error code: 0x20
12-04 05:12:06.856   399   990 I hwservicemanager: Tried to start android.hardware.keymaster@4.0::IKeymasterDevice/default as a lazy service, but was unable to. Usually this happens when a service is not installed, but if the service is intended to be used as a lazy service, then it may be configured incorrectly.
12-04 05:12:06.855     0     0 E init    : Control message: Could not find 'android.hardware.keymaster@4.0::IKeymasterDevice/default' for ctl.interface_start from pid: 399 (/system/bin/hwservicemanager)
12-04 05:12:07.855   402   402 W HidlServiceManagement: Waited one second for android.hardware.keymaster@4.0::IKeymasterDevice/default
12-04 05:12:07.855   399   399 I hwservicemanager: Since android.hardware.keymaster@4.0::IKeymasterDevice/default is not registered, trying to start it as a lazy HAL.
12-04 05:12:07.856   402   402 I HidlServiceManagement: getService: Trying again for android.hardware.keymaster@4.0::IKeymasterDevice/default...
12-04 05:12:07.857   399   991 W libc    : Unable to set property "ctl.interface_start" to "android.hardware.keymaster@4.0::IKeymasterDevice/default": error code: 0x20
12-04 05:12:07.857   399   991 I hwservicemanager: Tried to start android.hardware.keymaster@4.0::IKeymasterDevice/default as a lazy service, but was unable to. Usually this happens when a service is not installed, but if the service is intended to be used as a lazy service, then it may be configured incorrectly.
12-04 05:12:07.857     0     0 E init    : Control message: Could not find 'android.hardware.keymaster@4.0::IKeymasterDevice/default' for ctl.interface_start from pid: 399 (/system/bin/hwservicemanager)
12-04 05:12:08.856   402   402 W HidlServiceManagement: Waited one second for android.hardware.keymaster@4.0::IKeymasterDevice/default
12-04 05:12:08.857   399   399 I hwservicemanager: Since android.hardware.keymaster@4.0::IKeymasterDevice/default is not registered, trying to start it as a lazy HAL.
12-04 05:12:08.857   402   402 I HidlServiceManagement: getService: Trying again for android.hardware.keymaster@4.0::IKeymasterDevice/default...
12-04 05:12:08.858   399   992 W libc    : Unable to set property "ctl.interface_start" to "android.hardware.keymaster@4.0::IKeymasterDevice/default": error code: 0x20
12-04 05:12:08.858   399   992 I hwservicemanager: Tried to start android.hardware.keymaster@4.0::IKeymasterDevice/default as a lazy service, but was unable to. Usually this happens when a service is not installed, but if the service is intended to be used as a lazy service, then it may be configured incorrectly.
12-04 05:12:08.858     0     0 E init    : Control message: Could not find 'android.hardware.keymaster@4.0::IKeymasterDevice/default' for ctl.interface_start from pid: 399 (/system/bin/hwservicemanager)
12-04 05:12:09.226     0     0 E wt_chg soc: qcom_wt_chg: wt_chg_main now = 298976 resume_time = 303976
12-04 05:12:09.234     0     0 E wt_chg soc: qcom_wt_chg: wtchg_float_charge_type_check vbus_online=0 real_type=0 float_recheck_cnt=0
12-04 05:12:09.234     0     0 E wt_chg soc: qcom_wt_chg: batt_protected_mode=0 batt_protected_mode_disable_charge=0 batt_protected_mode_disable_suspend=0
12-04 05:12:09.234     0     0 E chg_type: 0, vbus_online: 0, vbus_volt: 5000, chg_status: 2, batt_volt: 4255000, batt_current: -854000, temp: 287, health: 1, capacity: 99
12-04 05:12:09.234     0     0 E chg_temp: 317, usb_temp: 263, board_temp: 293, usb_online: 0, ac_online: 0, pd_active:0 typec_pr_role:3
12-04 05:12:09.234     0     0 I TCPC-TCPC: bat_update_work_func battery update soc = 99
12-04 05:12:09.234     0     0 I TCPC-TCPC: bat_update_work_func Battery Discharging
12-04 05:12:09.239     0     0 W healthd : battery l=99 v=4255 t=28.7 h=2 st=3 c=-854000 fc=6564000 cc=547 chg=
12-04 05:12:09.241     0     0 W healthd : battery l=99 v=4255 t=28.7 h=2 st=3 c=-854000 fc=6564000 cc=547 chg=
12-04 05:12:09.243     0     0 W healthd : battery l=99 v=4255 t=28.7 h=2 st=3 c=-854000 fc=6564000 cc=547 chg=
12-04 05:12:09.857   402   402 W HidlServiceManagement: Waited one second for android.hardware.keymaster@4.0::IKeymasterDevice/default
12-04 05:12:09.858   399   399 I hwservicemanager: Since android.hardware.keymaster@4.0::IKeymasterDevice/default is not registered, trying to start it as a lazy HAL.
12-04 05:12:09.858   402   402 I HidlServiceManagement: getService: Trying again for android.hardware.keymaster@4.0::IKeymasterDevice/default...
12-04 05:12:09.859   399   993 W libc    : Unable to set property "ctl.interface_start" to "android.hardware.keymaster@4.0::IKeymasterDevice/default": error code: 0x20
12-04 05:12:09.859   399   993 I hwservicemanager: Tried to start android.hardware.keymaster@4.0::IKeymasterDevice/default as a lazy service, but was unable to. Usually this happens when a service is not installed, but if the service is intended to be used as a lazy service, then it may be configured incorrectly.
12-04 05:12:09.859     0     0 E init    : Control message: Could not find 'android.hardware.keymaster@4.0::IKeymasterDevice/default' for ctl.interface_start from pid: 399 (/system/bin/hwservicemanager)
12-04 05:12:10.858   402   402 W HidlServiceManagement: Waited one second for android.hardware.keymaster@4.0::IKeymasterDevice/default
12-04 05:12:10.859   399   399 I hwservicemanager: Since android.hardware.keymaster@4.0::IKeymasterDevice/default is not registered, trying to start it as a lazy HAL.
12-04 05:12:10.859   402   402 I HidlServiceManagement: getService: Trying again for android.hardware.keymaster@4.0::IKeymasterDevice/default...
12-04 05:12:10.860   399   994 W libc    : Unable to set property "ctl.interface_start" to "android.hardware.keymaster@4.0::IKeymasterDevice/default": error code: 0x20
12-04 05:12:10.860   399   994 I hwservicemanager: Tried to start android.hardware.keymaster@4.0::IKeymasterDevice/default as a lazy service, but was unable to. Usually this happens when a service is not installed, but if the service is intended to be used as a lazy service, then it may be configured incorrectly.
12-04 05:12:10.860     0     0 E init    : Control message: Could not find 'android.hardware.keymaster@4.0::IKeymasterDevice/default' for ctl.interface_start from pid: 399 (/system/bin/hwservicemanager)
12-04 05:12:11.859   402   402 W HidlServiceManagement: Waited one second for android.hardware.keymaster@4.0::IKeymasterDevice/default
12-04 05:12:11.860   399   399 I hwservicemanager: Since android.hardware.keymaster@4.0::IKeymasterDevice/default is not registered, trying to start it as a lazy HAL.
12-04 05:12:11.860   402   402 I HidlServiceManagement: getService: Trying again for android.hardware.keymaster@4.0::IKeymasterDevice/default...
12-04 05:12:11.861   399   995 W libc    : Unable to set property "ctl.interface_start" to "android.hardware.keymaster@4.0::IKeymasterDevice/default": error code: 0x20
12-04 05:12:11.861   399   995 I hwservicemanager: Tried to start android.hardware.keymaster@4.0::IKeymasterDevice/default as a lazy service, but was unable to. Usually this happens when a service is not installed, but if the service is intended to be used as a lazy service, then it may be configured incorrectly.
12-04 05:12:11.860     0     0 E init    : Control message: Could not find 'android.hardware.keymaster@4.0::IKeymasterDevice/default' for ctl.interface_start from pid: 399 (/system/bin/hwservicemanager)
12-04 05:12:12.860   402   402 W HidlServiceManagement: Waited one second for android.hardware.keymaster@4.0::IKeymasterDevice/default
12-04 05:12:12.860   399   399 I hwservicemanager: Since android.hardware.keymaster@4.0::IKeymasterDevice/default is not registered, trying to start it as a lazy HAL.
12-04 05:12:12.861   402   402 I HidlServiceManagement: getService: Trying again for android.hardware.keymaster@4.0::IKeymasterDevice/default...
12-04 05:12:12.861   399   996 W libc    : Unable to set property "ctl.interface_start" to "android.hardware.keymaster@4.0::IKeymasterDevice/default": error code: 0x20
12-04 05:12:12.862   399   996 I hwservicemanager: Tried to start android.hardware.keymaster@4.0::IKeymasterDevice/default as a lazy service, but was unable to. Usually this happens when a service is not installed, but if the service is intended to be used as a lazy service, then it may be configured incorrectly.
12-04 05:12:12.861     0     0 E init    : Control message: Could not find 'android.hardware.keymaster@4.0::IKeymasterDevice/default' for ctl.interface_start from pid: 399 (/system/bin/hwservicemanager)
12-04 05:12:13.861   402   402 W HidlServiceManagement: Waited one second for android.hardware.keymaster@4.0::IKeymasterDevice/default
12-04 05:12:13.861   399   399 I hwservicemanager: Since android.hardware.keymaster@4.0::IKeymasterDevice/default is not registered, trying to start it as a lazy HAL.
12-04 05:12:13.862   402   402 I HidlServiceManagement: getService: Trying again for android.hardware.keymaster@4.0::IKeymasterDevice/default...
12-04 05:12:13.862   399   997 W libc    : Unable to set property "ctl.interface_start" to "android.hardware.keymaster@4.0::IKeymasterDevice/default": error code: 0x20
12-04 05:12:13.863   399   997 I hwservicemanager: Tried to start android.hardware.keymaster@4.0::IKeymasterDevice/default as a lazy service, but was unable to. Usually this happens when a service is not installed, but if the service is intended to be used as a lazy service, then it may be configured incorrectly.
12-04 05:12:13.862     0     0 E init    : Control message: Could not find 'android.hardware.keymaster@4.0::IKeymasterDevice/default' for ctl.interface_start from pid: 399 (/system/bin/hwservicemanager)
12-04 05:12:14.862   402   402 W HidlServiceManagement: Waited one second for android.hardware.keymaster@4.0::IKeymasterDevice/default
12-04 05:12:14.862   399   399 I hwservicemanager: Since android.hardware.keymaster@4.0::IKeymasterDevice/default is not registered, trying to start it as a lazy HAL.
12-04 05:12:14.863   402   402 I HidlServiceManagement: getService: Trying again for android.hardware.keymaster@4.0::IKeymasterDevice/default...
12-04 05:12:14.863   399   998 W libc    : Unable to set property "ctl.interface_start" to "android.hardware.keymaster@4.0::IKeymasterDevice/default": error code: 0x20
12-04 05:12:14.863   399   998 I hwservicemanager: Tried to start android.hardware.keymaster@4.0::IKeymasterDevice/default as a lazy service, but was unable to. Usually this happens when a service is not installed, but if the service is intended to be used as a lazy service, then it may be configured incorrectly.
12-04 05:12:14.863     0     0 E init    : Control message: Could not find 'android.hardware.keymaster@4.0::IKeymasterDevice/default' for ctl.interface_start from pid: 399 (/system/bin/hwservicemanager)
12-04 05:12:15.863   402   402 W HidlServiceManagement: Waited one second for android.hardware.keymaster@4.0::IKeymasterDevice/default
12-04 05:12:15.863   399   399 I hwservicemanager: Since android.hardware.keymaster@4.0::IKeymasterDevice/default is not registered, trying to start it as a lazy HAL.
12-04 05:12:15.863   402   402 I HidlServiceManagement: getService: Trying again for android.hardware.keymaster@4.0::IKeymasterDevice/default...
12-04 05:12:15.864   399   999 W libc    : Unable to set property "ctl.interface_start" to "android.hardware.keymaster@4.0::IKeymasterDevice/default": error code: 0x20
12-04 05:12:15.864   399   999 I hwservicemanager: Tried to start android.hardware.keymaster@4.0::IKeymasterDevice/default as a lazy service, but was unable to. Usually this happens when a service is not installed, but if the service is intended to be used as a lazy service, then it may be configured incorrectly.
12-04 05:12:15.864     0     0 E init    : Control message: Could not find 'android.hardware.keymaster@4.0::IKeymasterDevice/default' for ctl.interface_start from pid: 399 (/system/bin/hwservicemanager)
12-04 05:12:16.864   402   402 W HidlServiceManagement: Waited one second for android.hardware.keymaster@4.0::IKeymasterDevice/default
12-04 05:12:16.864   399   399 I hwservicemanager: Since android.hardware.keymaster@4.0::IKeymasterDevice/default is not registered, trying to start it as a lazy HAL.
12-04 05:12:16.864   402   402 I HidlServiceManagement: getService: Trying again for android.hardware.keymaster@4.0::IKeymasterDevice/default...
12-04 05:12:16.865   399  1000 W libc    : Unable to set property "ctl.interface_start" to "android.hardware.keymaster@4.0::IKeymasterDevice/default": error code: 0x20
12-04 05:12:16.865   399  1000 I hwservicemanager: Tried to start android.hardware.keymaster@4.0::IKeymasterDevice/default as a lazy service, but was unable to. Usually this happens when a service is not installed, but if the service is intended to be used as a lazy service, then it may be configured incorrectly.
12-04 05:12:16.865     0     0 E init    : Control message: Could not find 'android.hardware.keymaster@4.0::IKeymasterDevice/default' for ctl.interface_start from pid: 399 (/system/bin/hwservicemanager)
12-04 05:12:17.865   402   402 W HidlServiceManagement: Waited one second for android.hardware.keymaster@4.0::IKeymasterDevice/default
12-04 05:12:17.865   399   399 I hwservicemanager: Since android.hardware.keymaster@4.0::IKeymasterDevice/default is not registered, trying to start it as a lazy HAL.
12-04 05:12:17.865   402   402 I HidlServiceManagement: getService: Trying again for android.hardware.keymaster@4.0::IKeymasterDevice/default...
12-04 05:12:17.866   399  1001 W libc    : Unable to set property "ctl.interface_start" to "android.hardware.keymaster@4.0::IKeymasterDevice/default": error code: 0x20
12-04 05:12:17.866     0     0 E init    : Control message: Could not find 'android.hardware.keymaster@4.0::IKeymasterDevice/default' for ctl.interface_start from pid: 399 (/system/bin/hwservicemanager)
12-04 05:12:17.866   399  1001 I hwservicemanager: Tried to start android.hardware.keymaster@4.0::IKeymasterDevice/default as a lazy service, but was unable to. Usually this happens when a service is not installed, but if the service is intended to be used as a lazy service, then it may be configured incorrectly.
12-04 05:12:18.865   402   402 W HidlServiceManagement: Waited one second for android.hardware.keymaster@4.0::IKeymasterDevice/default
12-04 05:12:18.866   399   399 I hwservicemanager: Since android.hardware.keymaster@4.0::IKeymasterDevice/default is not registered, trying to start it as a lazy HAL.
12-04 05:12:18.866   402   402 I HidlServiceManagement: getService: Trying again for android.hardware.keymaster@4.0::IKeymasterDevice/default...
12-04 05:12:18.867   399  1002 W libc    : Unable to set property "ctl.interface_start" to "android.hardware.keymaster@4.0::IKeymasterDevice/default": error code: 0x20
12-04 05:12:18.867   399  1002 I hwservicemanager: Tried to start android.hardware.keymaster@4.0::IKeymasterDevice/default as a lazy service, but was unable to. Usually this happens when a service is not installed, but if the service is intended to be used as a lazy service, then it may be configured incorrectly.
12-04 05:12:18.867     0     0 E init    : Control message: Could not find 'android.hardware.keymaster@4.0::IKeymasterDevice/default' for ctl.interface_start from pid: 399 (/system/bin/hwservicemanager)
12-04 05:12:19.466     0     0 E wt_chg soc: qcom_wt_chg: wt_chg_main now = 309216 resume_time = 314216
12-04 05:12:19.474     0     0 E wt_chg soc: qcom_wt_chg: wtchg_float_charge_type_check vbus_online=0 real_type=0 float_recheck_cnt=0
12-04 05:12:19.474     0     0 E wt_chg soc: qcom_wt_chg: batt_protected_mode=0 batt_protected_mode_disable_charge=0 batt_protected_mode_disable_suspend=0
12-04 05:12:19.474     0     0 E chg_type: 0, vbus_online: 0, vbus_volt: 5000, chg_status: 2, batt_volt: 4255000, batt_current: -850000, temp: 287, health: 1, capacity: 99
12-04 05:12:19.474     0     0 E chg_temp: 317, usb_temp: 263, board_temp: 293, usb_online: 0, ac_online: 0, pd_active:0 typec_pr_role:3
12-04 05:12:19.474     0     0 I TCPC-TCPC: bat_update_work_func battery update soc = 99
12-04 05:12:19.474     0     0 I TCPC-TCPC: bat_update_work_func Battery Discharging
12-04 05:12:19.477     0     0 W healthd : battery l=99 v=4255 t=28.7 h=2 st=3 c=-850000 fc=6564000 cc=547 chg=
12-04 05:12:19.480     0     0 W healthd : battery l=99 v=4255 t=28.7 h=2 st=3 c=-850000 fc=6564000 cc=547 chg=
12-04 05:12:19.482     0     0 W healthd : battery l=99 v=4255 t=28.7 h=2 st=3 c=-850000 fc=6564000 cc=547 chg=
12-04 05:12:19.866   402   402 W HidlServiceManagement: Waited one second for android.hardware.keymaster@4.0::IKeymasterDevice/default
12-04 05:12:19.867   399   399 I hwservicemanager: Since android.hardware.keymaster@4.0::IKeymasterDevice/default is not registered, trying to start it as a lazy HAL.
12-04 05:12:19.867   402   402 I HidlServiceManagement: getService: Trying again for android.hardware.keymaster@4.0::IKeymasterDevice/default...
12-04 05:12:19.868   399  1003 W libc    : Unable to set property "ctl.interface_start" to "android.hardware.keymaster@4.0::IKeymasterDevice/default": error code: 0x20
12-04 05:12:19.868   399  1003 I hwservicemanager: Tried to start android.hardware.keymaster@4.0::IKeymasterDevice/default as a lazy service, but was unable to. Usually this happens when a service is not installed, but if the service is intended to be used as a lazy service, then it may be configured incorrectly.
12-04 05:12:19.868     0     0 E init    : Control message: Could not find 'android.hardware.keymaster@4.0::IKeymasterDevice/default' for ctl.interface_start from pid: 399 (/system/bin/hwservicemanager)
12-04 05:12:20.867   402   402 W HidlServiceManagement: Waited one second for android.hardware.keymaster@4.0::IKeymasterDevice/default
12-04 05:12:20.868   399   399 I hwservicemanager: Since android.hardware.keymaster@4.0::IKeymasterDevice/default is not registered, trying to start it as a lazy HAL.
12-04 05:12:20.868   402   402 I HidlServiceManagement: getService: Trying again for android.hardware.keymaster@4.0::IKeymasterDevice/default...
12-04 05:12:20.869   399  1004 W libc    : Unable to set property "ctl.interface_start" to "android.hardware.keymaster@4.0::IKeymasterDevice/default": error code: 0x20
12-04 05:12:20.869   399  1004 I hwservicemanager: Tried to start android.hardware.keymaster@4.0::IKeymasterDevice/default as a lazy service, but was unable to. Usually this happens when a service is not installed, but if the service is intended to be used as a lazy service, then it may be configured incorrectly.
12-04 05:12:20.868     0     0 E init    : Control message: Could not find 'android.hardware.keymaster@4.0::IKeymasterDevice/default' for ctl.interface_start from pid: 399 (/system/bin/hwservicemanager)
12-04 05:12:21.868   402   402 W HidlServiceManagement: Waited one second for android.hardware.keymaster@4.0::IKeymasterDevice/default
12-04 05:12:21.868   399   399 I hwservicemanager: Since android.hardware.keymaster@4.0::IKeymasterDevice/default is not registered, trying to start it as a lazy HAL.
12-04 05:12:21.869   402   402 I HidlServiceManagement: getService: Trying again for android.hardware.keymaster@4.0::IKeymasterDevice/default...
12-04 05:12:21.869   399  1005 W libc    : Unable to set property "ctl.interface_start" to "android.hardware.keymaster@4.0::IKeymasterDevice/default": error code: 0x20
12-04 05:12:21.870   399  1005 I hwservicemanager: Tried to start android.hardware.keymaster@4.0::IKeymasterDevice/default as a lazy service, but was unable to. Usually this happens when a service is not installed, but if the service is intended to be used as a lazy service, then it may be configured incorrectly.
12-04 05:12:21.869     0     0 E init    : Control message: Could not find 'android.hardware.keymaster@4.0::IKeymasterDevice/default' for ctl.interface_start from pid: 399 (/system/bin/hwservicemanager)
12-04 05:12:22.869   402   402 W HidlServiceManagement: Waited one second for android.hardware.keymaster@4.0::IKeymasterDevice/default
12-04 05:12:22.869   399   399 I hwservicemanager: Since android.hardware.keymaster@4.0::IKeymasterDevice/default is not registered, trying to start it as a lazy HAL.
12-04 05:12:22.870   402   402 I HidlServiceManagement: getService: Trying again for android.hardware.keymaster@4.0::IKeymasterDevice/default...
12-04 05:12:22.870   399  1006 W libc    : Unable to set property "ctl.interface_start" to "android.hardware.keymaster@4.0::IKeymasterDevice/default": error code: 0x20
12-04 05:12:22.870   399  1006 I hwservicemanager: Tried to start android.hardware.keymaster@4.0::IKeymasterDevice/default as a lazy service, but was unable to. Usually this happens when a service is not installed, but if the service is intended to be used as a lazy service, then it may be configured incorrectly.
12-04 05:12:22.870     0     0 E init    : Control message: Could not find 'android.hardware.keymaster@4.0::IKeymasterDevice/default' for ctl.interface_start from pid: 399 (/system/bin/hwservicemanager)
12-04 05:12:23.870   402   402 W HidlServiceManagement: Waited one second for android.hardware.keymaster@4.0::IKeymasterDevice/default
12-04 05:12:23.870   399   399 I hwservicemanager: Since android.hardware.keymaster@4.0::IKeymasterDevice/default is not registered, trying to start it as a lazy HAL.
12-04 05:12:23.871   402   402 I HidlServiceManagement: getService: Trying again for android.hardware.keymaster@4.0::IKeymasterDevice/default...
12-04 05:12:23.871   399  1007 W libc    : Unable to set property "ctl.interface_start" to "android.hardware.keymaster@4.0::IKeymasterDevice/default": error code: 0x20
12-04 05:12:23.871   399  1007 I hwservicemanager: Tried to start android.hardware.keymaster@4.0::IKeymasterDevice/default as a lazy service, but was unable to. Usually this happens when a service is not installed, but if the service is intended to be used as a lazy service, then it may be configured incorrectly.
12-04 05:12:23.871     0     0 E init    : Control message: Could not find 'android.hardware.keymaster@4.0::IKeymasterDevice/default' for ctl.interface_start from pid: 399 (/system/bin/hwservicemanager)
12-04 05:12:24.871   402   402 W HidlServiceManagement: Waited one second for android.hardware.keymaster@4.0::IKeymasterDevice/default
12-04 05:12:24.871   399   399 I hwservicemanager: Since android.hardware.keymaster@4.0::IKeymasterDevice/default is not registered, trying to start it as a lazy HAL.
12-04 05:12:24.871   402   402 I HidlServiceManagement: getService: Trying again for android.hardware.keymaster@4.0::IKeymasterDevice/default...
12-04 05:12:24.872   399  1008 W libc    : Unable to set property "ctl.interface_start" to "android.hardware.keymaster@4.0::IKeymasterDevice/default": error code: 0x20
12-04 05:12:24.872   399  1008 I hwservicemanager: Tried to start android.hardware.keymaster@4.0::IKeymasterDevice/default as a lazy service, but was unable to. Usually this happens when a service is not installed, but if the service is intended to be used as a lazy service, then it may be configured incorrectly.
12-04 05:12:24.872     0     0 E init    : Control message: Could not find 'android.hardware.keymaster@4.0::IKeymasterDevice/default' for ctl.interface_start from pid: 399 (/system/bin/hwservicemanager)
12-04 05:12:25.872   402   402 W HidlServiceManagement: Waited one second for android.hardware.keymaster@4.0::IKeymasterDevice/default
12-04 05:12:25.872   399   399 I hwservicemanager: Since android.hardware.keymaster@4.0::IKeymasterDevice/default is not registered, trying to start it as a lazy HAL.
12-04 05:12:25.872   402   402 I HidlServiceManagement: getService: Trying again for android.hardware.keymaster@4.0::IKeymasterDevice/default...
12-04 05:12:25.873   399  1009 W libc    : Unable to set property "ctl.interface_start" to "android.hardware.keymaster@4.0::IKeymasterDevice/default": error code: 0x20
12-04 05:12:25.873   399  1009 I hwservicemanager: Tried to start android.hardware.keymaster@4.0::IKeymasterDevice/default as a lazy service, but was unable to. Usually this happens when a service is not installed, but if the service is intended to be used as a lazy service, then it may be configured incorrectly.
12-04 05:12:25.873     0     0 E init    : Control message: Could not find 'android.hardware.keymaster@4.0::IKeymasterDevice/default' for ctl.interface_start from pid: 399 (/system/bin/hwservicemanager)
12-04 05:12:26.634     0     0 E servloc : init_service_locator: init_service_locator: wait for locator service timed out
12-04 05:12:26.634     0     0 E servloc : pd_locator_work: Unable to connect to service locator!, rc = -62
12-04 05:12:26.634     0     0 E servloc : pd_locator_work: Unable to connect to service locator!, rc = -62
12-04 05:12:26.634     0     0 I audio_notifer_reg_service: service SSR_ADSP is in use
12-04 05:12:26.634     0     0 E servloc : pd_locator_work: Unable to connect to service locator!, rc = -62
12-04 05:12:26.634     0     0 W adsprpc : fastrpc_get_service_location_notify: PDR notifier locator for adsp is down for audio_pdr_adsprpc
12-04 05:12:26.634     0     0 E servloc : pd_locator_work: Unable to connect to service locator!, rc = -62
12-04 05:12:26.634     0     0 W adsprpc : fastrpc_get_service_location_notify: PDR notifier locator for adsp is down for sensors_pdr_adsprpc
12-04 05:12:26.634     0     0 E servloc : pd_locator_work: Unable to connect to service locator!, rc = -62
12-04 05:12:26.872   402   402 W HidlServiceManagement: Waited one second for android.hardware.keymaster@4.0::IKeymasterDevice/default
12-04 05:12:26.873   399   399 I hwservicemanager: Since android.hardware.keymaster@4.0::IKeymasterDevice/default is not registered, trying to start it as a lazy HAL.
12-04 05:12:26.873   402   402 I HidlServiceManagement: getService: Trying again for android.hardware.keymaster@4.0::IKeymasterDevice/default...
12-04 05:12:26.875   399  1010 W libc    : Unable to set property "ctl.interface_start" to "android.hardware.keymaster@4.0::IKeymasterDevice/default": error code: 0x20
12-04 05:12:26.875   399  1010 I hwservicemanager: Tried to start android.hardware.keymaster@4.0::IKeymasterDevice/default as a lazy service, but was unable to. Usually this happens when a service is not installed, but if the service is intended to be used as a lazy service, then it may be configured incorrectly.
12-04 05:12:26.874     0     0 E init    : Control message: Could not find 'android.hardware.keymaster@4.0::IKeymasterDevice/default' for ctl.interface_start from pid: 399 (/system/bin/hwservicemanager)
12-04 05:12:27.873   402   402 W HidlServiceManagement: Waited one second for android.hardware.keymaster@4.0::IKeymasterDevice/default
12-04 05:12:27.874   399   399 I hwservicemanager: Since android.hardware.keymaster@4.0::IKeymasterDevice/default is not registered, trying to start it as a lazy HAL.
12-04 05:12:27.874   402   402 I HidlServiceManagement: getService: Trying again for android.hardware.keymaster@4.0::IKeymasterDevice/default...
12-04 05:12:27.875   399  1011 W libc    : Unable to set property "ctl.interface_start" to "android.hardware.keymaster@4.0::IKeymasterDevice/default": error code: 0x20
12-04 05:12:27.875   399  1011 I hwservicemanager: Tried to start android.hardware.keymaster@4.0::IKeymasterDevice/default as a lazy service, but was unable to. Usually this happens when a service is not installed, but if the service is intended to be used as a lazy service, then it may be configured incorrectly.
12-04 05:12:27.875     0     0 E init    : Control message: Could not find 'android.hardware.keymaster@4.0::IKeymasterDevice/default' for ctl.interface_start from pid: 399 (/system/bin/hwservicemanager)
12-04 05:12:28.874   402   402 W HidlServiceManagement: Waited one second for android.hardware.keymaster@4.0::IKeymasterDevice/default
12-04 05:12:28.874   399   399 I hwservicemanager: Since android.hardware.keymaster@4.0::IKeymasterDevice/default is not registered, trying to start it as a lazy HAL.
12-04 05:12:28.875   402   402 I HidlServiceManagement: getService: Trying again for android.hardware.keymaster@4.0::IKeymasterDevice/default...
12-04 05:12:28.875   399  1012 W libc    : Unable to set property "ctl.interface_start" to "android.hardware.keymaster@4.0::IKeymasterDevice/default": error code: 0x20
12-04 05:12:28.876   399  1012 I hwservicemanager: Tried to start android.hardware.keymaster@4.0::IKeymasterDevice/default as a lazy service, but was unable to. Usually this happens when a service is not installed, but if the service is intended to be used as a lazy service, then it may be configured incorrectly.
12-04 05:12:28.875     0     0 E init    : Control message: Could not find 'android.hardware.keymaster@4.0::IKeymasterDevice/default' for ctl.interface_start from pid: 399 (/system/bin/hwservicemanager)
12-04 05:12:29.706     0     0 E wt_chg soc: qcom_wt_chg: wt_chg_main now = 319456 resume_time = 324456
12-04 05:12:29.714     0     0 E wt_chg soc: qcom_wt_chg: wtchg_float_charge_type_check vbus_online=0 real_type=0 float_recheck_cnt=0
12-04 05:12:29.714     0     0 E wt_chg soc: qcom_wt_chg: batt_protected_mode=0 batt_protected_mode_disable_charge=0 batt_protected_mode_disable_suspend=0
12-04 05:12:29.714     0     0 E chg_type: 0, vbus_online: 0, vbus_volt: 5000, chg_status: 2, batt_volt: 4253000, batt_current: -894000, temp: 287, health: 1, capacity: 99
12-04 05:12:29.714     0     0 E chg_temp: 317, usb_temp: 263, board_temp: 293, usb_online: 0, ac_online: 0, pd_active:0 typec_pr_role:3
12-04 05:12:29.714     0     0 I TCPC-TCPC: bat_update_work_func battery update soc = 99
12-04 05:12:29.714     0     0 I TCPC-TCPC: bat_update_work_func Battery Discharging
12-04 05:12:29.718     0     0 W healthd : battery l=99 v=4253 t=28.7 h=2 st=3 c=-894000 fc=6564000 cc=547 chg=
12-04 05:12:29.721     0     0 W healthd : battery l=99 v=4253 t=28.7 h=2 st=3 c=-894000 fc=6564000 cc=547 chg=
12-04 05:12:29.723     0     0 W healthd : battery l=99 v=4253 t=28.7 h=2 st=3 c=-894000 fc=6564000 cc=547 chg=
12-04 05:12:29.875   402   402 W HidlServiceManagement: Waited one second for android.hardware.keymaster@4.0::IKeymasterDevice/default
12-04 05:12:29.875   399   399 I hwservicemanager: Since android.hardware.keymaster@4.0::IKeymasterDevice/default is not registered, trying to start it as a lazy HAL.
12-04 05:12:29.876   402   402 I HidlServiceManagement: getService: Trying again for android.hardware.keymaster@4.0::IKeymasterDevice/default...
12-04 05:12:29.876   399  1013 W libc    : Unable to set property "ctl.interface_start" to "android.hardware.keymaster@4.0::IKeymasterDevice/default": error code: 0x20
12-04 05:12:29.876   399  1013 I hwservicemanager: Tried to start android.hardware.keymaster@4.0::IKeymasterDevice/default as a lazy service, but was unable to. Usually this happens when a service is not installed, but if the service is intended to be used as a lazy service, then it may be configured incorrectly.
12-04 05:12:29.876     0     0 E init    : Control message: Could not find 'android.hardware.keymaster@4.0::IKeymasterDevice/default' for ctl.interface_start from pid: 399 (/system/bin/hwservicemanager)
12-04 05:12:30.876   402   402 W HidlServiceManagement: Waited one second for android.hardware.keymaster@4.0::IKeymasterDevice/default
12-04 05:12:30.876   399   399 I hwservicemanager: Since android.hardware.keymaster@4.0::IKeymasterDevice/default is not registered, trying to start it as a lazy HAL.
12-04 05:12:30.877   402   402 I HidlServiceManagement: getService: Trying again for android.hardware.keymaster@4.0::IKeymasterDevice/default...
12-04 05:12:30.877   399  1014 W libc    : Unable to set property "ctl.interface_start" to "android.hardware.keymaster@4.0::IKeymasterDevice/default": error code: 0x20
12-04 05:12:30.877   399  1014 I hwservicemanager: Tried to start android.hardware.keymaster@4.0::IKeymasterDevice/default as a lazy service, but was unable to. Usually this happens when a service is not installed, but if the service is intended to be used as a lazy service, then it may be configured incorrectly.
12-04 05:12:30.877     0     0 E init    : Control message: Could not find 'android.hardware.keymaster@4.0::IKeymasterDevice/default' for ctl.interface_start from pid: 399 (/system/bin/hwservicemanager)
12-04 05:12:31.877   402   402 W HidlServiceManagement: Waited one second for android.hardware.keymaster@4.0::IKeymasterDevice/default
12-04 05:12:31.877   399   399 I hwservicemanager: Since android.hardware.keymaster@4.0::IKeymasterDevice/default is not registered, trying to start it as a lazy HAL.
12-04 05:12:31.878   402   402 I HidlServiceManagement: getService: Trying again for android.hardware.keymaster@4.0::IKeymasterDevice/default...
12-04 05:12:31.879   399  1015 W libc    : Unable to set property "ctl.interface_start" to "android.hardware.keymaster@4.0::IKeymasterDevice/default": error code: 0x20
12-04 05:12:31.879   399  1015 I hwservicemanager: Tried to start android.hardware.keymaster@4.0::IKeymasterDevice/default as a lazy service, but was unable to. Usually this happens when a service is not installed, but if the service is intended to be used as a lazy service, then it may be configured incorrectly.
12-04 05:12:31.879     0     0 E init    : Control message: Could not find 'android.hardware.keymaster@4.0::IKeymasterDevice/default' for ctl.interface_start from pid: 399 (/system/bin/hwservicemanager)
12-04 05:12:32.878   402   402 W HidlServiceManagement: Waited one second for android.hardware.keymaster@4.0::IKeymasterDevice/default
12-04 05:12:32.879   399   399 I hwservicemanager: Since android.hardware.keymaster@4.0::IKeymasterDevice/default is not registered, trying to start it as a lazy HAL.
12-04 05:12:32.880   402   402 I HidlServiceManagement: getService: Trying again for android.hardware.keymaster@4.0::IKeymasterDevice/default...
12-04 05:12:32.880   399  1016 W libc    : Unable to set property "ctl.interface_start" to "android.hardware.keymaster@4.0::IKeymasterDevice/default": error code: 0x20
12-04 05:12:32.880   399  1016 I hwservicemanager: Tried to start android.hardware.keymaster@4.0::IKeymasterDevice/default as a lazy service, but was unable to. Usually this happens when a service is not installed, but if the service is intended to be used as a lazy service, then it may be configured incorrectly.
12-04 05:12:32.880     0     0 E init    : Control message: Could not find 'android.hardware.keymaster@4.0::IKeymasterDevice/default' for ctl.interface_start from pid: 399 (/system/bin/hwservicemanager)
12-04 05:12:33.880   402   402 W HidlServiceManagement: Waited one second for android.hardware.keymaster@4.0::IKeymasterDevice/default
12-04 05:12:33.880   399   399 I hwservicemanager: Since android.hardware.keymaster@4.0::IKeymasterDevice/default is not registered, trying to start it as a lazy HAL.
12-04 05:12:33.880   402   402 I HidlServiceManagement: getService: Trying again for android.hardware.keymaster@4.0::IKeymasterDevice/default...
12-04 05:12:33.881   399  1017 W libc    : Unable to set property "ctl.interface_start" to "android.hardware.keymaster@4.0::IKeymasterDevice/default": error code: 0x20
12-04 05:12:33.881   399  1017 I hwservicemanager: Tried to start android.hardware.keymaster@4.0::IKeymasterDevice/default as a lazy service, but was unable to. Usually this happens when a service is not installed, but if the service is intended to be used as a lazy service, then it may be configured incorrectly.
12-04 05:12:33.881     0     0 E init    : Control message: Could not find 'android.hardware.keymaster@4.0::IKeymasterDevice/default' for ctl.interface_start from pid: 399 (/system/bin/hwservicemanager)
12-04 05:12:34.881   402   402 W HidlServiceManagement: Waited one second for android.hardware.keymaster@4.0::IKeymasterDevice/default
12-04 05:12:34.881   399   399 I hwservicemanager: Since android.hardware.keymaster@4.0::IKeymasterDevice/default is not registered, trying to start it as a lazy HAL.
12-04 05:12:34.881   402   402 I HidlServiceManagement: getService: Trying again for android.hardware.keymaster@4.0::IKeymasterDevice/default...
12-04 05:12:34.882     0     0 E init    : Control message: Could not find 'android.hardware.keymaster@4.0::IKeymasterDevice/default' for ctl.interface_start from pid: 399 (/system/bin/hwservicemanager)
12-04 05:12:34.882   399  1018 W libc    : Unable to set property "ctl.interface_start" to "android.hardware.keymaster@4.0::IKeymasterDevice/default": error code: 0x20
12-04 05:12:34.882   399  1018 I hwservicemanager: Tried to start android.hardware.keymaster@4.0::IKeymasterDevice/default as a lazy service, but was unable to. Usually this happens when a service is not installed, but if the service is intended to be used as a lazy service, then it may be configured incorrectly.
12-04 05:12:35.882   402   402 W HidlServiceManagement: Waited one second for android.hardware.keymaster@4.0::IKeymasterDevice/default
12-04 05:12:35.882   399   399 I hwservicemanager: Since android.hardware.keymaster@4.0::IKeymasterDevice/default is not registered, trying to start it as a lazy HAL.
12-04 05:12:35.882   402   402 I HidlServiceManagement: getService: Trying again for android.hardware.keymaster@4.0::IKeymasterDevice/default...
12-04 05:12:35.883   399  1019 W libc    : Unable to set property "ctl.interface_start" to "android.hardware.keymaster@4.0::IKeymasterDevice/default": error code: 0x20
12-04 05:12:35.883   399  1019 I hwservicemanager: Tried to start android.hardware.keymaster@4.0::IKeymasterDevice/default as a lazy service, but was unable to. Usually this happens when a service is not installed, but if the service is intended to be used as a lazy service, then it may be configured incorrectly.
12-04 05:12:35.883     0     0 E init    : Control message: Could not find 'android.hardware.keymaster@4.0::IKeymasterDevice/default' for ctl.interface_start from pid: 399 (/system/bin/hwservicemanager)
12-04 05:12:36.445     0     0 E         : bl_scale = 1024, bl_scale_sv = 65535, bl_lvl = 2969
12-04 05:12:36.501     0     0 E         : bl_scale = 1024, bl_scale_sv = 65535, bl_lvl = 3013
12-04 05:12:36.551     0     0 E         : bl_scale = 1024, bl_scale_sv = 65535, bl_lvl = 3043
12-04 05:12:36.584     0     0 E         : bl_scale = 1024, bl_scale_sv = 65535, bl_lvl = 3087
12-04 05:12:36.618     0     0 E         : bl_scale = 1024, bl_scale_sv = 65535, bl_lvl = 3117
12-04 05:12:36.634     0     0 E         : bl_scale = 1024, bl_scale_sv = 65535, bl_lvl = 3235
12-04 05:12:36.651     0     0 E         : bl_scale = 1024, bl_scale_sv = 65535, bl_lvl = 3338
12-04 05:12:36.668     0     0 E         : bl_scale = 1024, bl_scale_sv = 65535, bl_lvl = 3427
12-04 05:12:36.684     0     0 E         : bl_scale = 1024, bl_scale_sv = 65535, bl_lvl = 3456
12-04 05:12:36.718     0     0 E         : bl_scale = 1024, bl_scale_sv = 65535, bl_lvl = 3501
12-04 05:12:36.784     0     0 E         : bl_scale = 1024, bl_scale_sv = 65535, bl_lvl = 3530
12-04 05:12:36.818     0     0 E         : bl_scale = 1024, bl_scale_sv = 65535, bl_lvl = 3574
12-04 05:12:36.868     0     0 E         : bl_scale = 1024, bl_scale_sv = 65535, bl_lvl = 3648
12-04 05:12:36.882   402   402 W HidlServiceManagement: Waited one second for android.hardware.keymaster@4.0::IKeymasterDevice/default
12-04 05:12:36.883   399   399 I hwservicemanager: Since android.hardware.keymaster@4.0::IKeymasterDevice/default is not registered, trying to start it as a lazy HAL.
12-04 05:12:36.883   402   402 I HidlServiceManagement: getService: Trying again for android.hardware.keymaster@4.0::IKeymasterDevice/default...
12-04 05:12:36.884   399  1020 W libc    : Unable to set property "ctl.interface_start" to "android.hardware.keymaster@4.0::IKeymasterDevice/default": error code: 0x20
12-04 05:12:36.884   399  1020 I hwservicemanager: Tried to start android.hardware.keymaster@4.0::IKeymasterDevice/default as a lazy service, but was unable to. Usually this happens when a service is not installed, but if the service is intended to be used as a lazy service, then it may be configured incorrectly.
12-04 05:12:36.884     0     0 E init    : Control message: Could not find 'android.hardware.keymaster@4.0::IKeymasterDevice/default' for ctl.interface_start from pid: 399 (/system/bin/hwservicemanager)
12-04 05:12:36.884     0     0 E         : bl_scale = 1024, bl_scale_sv = 65535, bl_lvl = 3722
12-04 05:12:36.901     0     0 E         : bl_scale = 1024, bl_scale_sv = 65535, bl_lvl = 3767
12-04 05:12:37.618     0     0 E         : bl_scale = 1024, bl_scale_sv = 65535, bl_lvl = 3678
12-04 05:12:37.634     0     0 E         : bl_scale = 1024, bl_scale_sv = 65535, bl_lvl = 3574
12-04 05:12:37.651     0     0 E         : bl_scale = 1024, bl_scale_sv = 65535, bl_lvl = 3501
12-04 05:12:37.701     0     0 E         : bl_scale = 1024, bl_scale_sv = 65535, bl_lvl = 3456
12-04 05:12:37.718     0     0 E         : bl_scale = 1024, bl_scale_sv = 65535, bl_lvl = 3382
12-04 05:12:37.734     0     0 E         : bl_scale = 1024, bl_scale_sv = 65535, bl_lvl = 3264
12-04 05:12:37.751     0     0 E         : bl_scale = 1024, bl_scale_sv = 65535, bl_lvl = 3117
12-04 05:12:37.768     0     0 E         : bl_scale = 1024, bl_scale_sv = 65535, bl_lvl = 3087
12-04 05:12:37.784     0     0 E         : bl_scale = 1024, bl_scale_sv = 65535, bl_lvl = 3013
12-04 05:12:37.851     0     0 E         : bl_scale = 1024, bl_scale_sv = 65535, bl_lvl = 2924
12-04 05:12:37.868     0     0 E         : bl_scale = 1024, bl_scale_sv = 65535, bl_lvl = 2821
12-04 05:12:37.883   402   402 W HidlServiceManagement: Waited one second for android.hardware.keymaster@4.0::IKeymasterDevice/default
12-04 05:12:37.884   399   399 I hwservicemanager: Since android.hardware.keymaster@4.0::IKeymasterDevice/default is not registered, trying to start it as a lazy HAL.
12-04 05:12:37.884   402   402 I HidlServiceManagement: getService: Trying again for android.hardware.keymaster@4.0::IKeymasterDevice/default...
12-04 05:12:37.885   399  1021 W libc    : Unable to set property "ctl.interface_start" to "android.hardware.keymaster@4.0::IKeymasterDevice/default": error code: 0x20
12-04 05:12:37.885   399  1021 I hwservicemanager: Tried to start android.hardware.keymaster@4.0::IKeymasterDevice/default as a lazy service, but was unable to. Usually this happens when a service is not installed, but if the service is intended to be used as a lazy service, then it may be configured incorrectly.
12-04 05:12:37.884     0     0 E         : bl_scale = 1024, bl_scale_sv = 65535, bl_lvl = 2673
12-04 05:12:37.885     0     0 E init    : Control message: Could not find 'android.hardware.keymaster@4.0::IKeymasterDevice/default' for ctl.interface_start from pid: 399 (/system/bin/hwservicemanager)
12-04 05:12:37.901     0     0 E         : bl_scale = 1024, bl_scale_sv = 65535, bl_lvl = 2511
12-04 05:12:37.918     0     0 E         : bl_scale = 1024, bl_scale_sv = 65535, bl_lvl = 2437
12-04 05:12:37.934     0     0 E         : bl_scale = 1024, bl_scale_sv = 65535, bl_lvl = 2407
12-04 05:12:38.018     0     0 E         : bl_scale = 1024, bl_scale_sv = 65535, bl_lvl = 2334
12-04 05:12:38.034     0     0 E         : bl_scale = 1024, bl_scale_sv = 65535, bl_lvl = 2260
12-04 05:12:38.051     0     0 E         : bl_scale = 1024, bl_scale_sv = 65535, bl_lvl = 2171
12-04 05:12:38.068     0     0 E         : bl_scale = 1024, bl_scale_sv = 65535, bl_lvl = 2068
12-04 05:12:38.118     0     0 E         : bl_scale = 1024, bl_scale_sv = 65535, bl_lvl = 1949
12-04 05:12:38.134     0     0 E         : bl_scale = 1024, bl_scale_sv = 65535, bl_lvl = 1920
12-04 05:12:38.151     0     0 E         : bl_scale = 1024, bl_scale_sv = 65535, bl_lvl = 1831
12-04 05:12:38.168     0     0 E         : bl_scale = 1024, bl_scale_sv = 65535, bl_lvl = 1802
12-04 05:12:38.184     0     0 E         : bl_scale = 1024, bl_scale_sv = 65535, bl_lvl = 1757
12-04 05:12:38.201     0     0 E         : bl_scale = 1024, bl_scale_sv = 65535, bl_lvl = 1728
12-04 05:12:38.284     0     0 E         : bl_scale = 1024, bl_scale_sv = 65535, bl_lvl = 1684
12-04 05:12:38.301     0     0 E         : bl_scale = 1024, bl_scale_sv = 65535, bl_lvl = 1610
12-04 05:12:38.318     0     0 E         : bl_scale = 1024, bl_scale_sv = 65535, bl_lvl = 1580
12-04 05:12:38.401     0     0 E         : bl_scale = 1024, bl_scale_sv = 65535, bl_lvl = 1536
12-04 05:12:38.451     0     0 E         : bl_scale = 1024, bl_scale_sv = 65535, bl_lvl = 1506
12-04 05:12:38.551     0     0 E         : bl_scale = 1024, bl_scale_sv = 65535, bl_lvl = 1462
12-04 05:12:38.584     0     0 E         : bl_scale = 1024, bl_scale_sv = 65535, bl_lvl = 1418
12-04 05:12:38.601     0     0 E         : bl_scale = 1024, bl_scale_sv = 65535, bl_lvl = 1388
12-04 05:12:38.651     0     0 E         : bl_scale = 1024, bl_scale_sv = 65535, bl_lvl = 1344
12-04 05:12:38.701     0     0 E         : bl_scale = 1024, bl_scale_sv = 65535, bl_lvl = 1314
12-04 05:12:38.718     0     0 E         : bl_scale = 1024, bl_scale_sv = 65535, bl_lvl = 1270
12-04 05:12:38.734     0     0 E         : bl_scale = 1024, bl_scale_sv = 65535, bl_lvl = 1240
12-04 05:12:38.884   402   402 W HidlServiceManagement: Waited one second for android.hardware.keymaster@4.0::IKeymasterDevice/default
12-04 05:12:38.885   399   399 I hwservicemanager: Since android.hardware.keymaster@4.0::IKeymasterDevice/default is not registered, trying to start it as a lazy HAL.
12-04 05:12:38.885   402   402 I HidlServiceManagement: getService: Trying again for android.hardware.keymaster@4.0::IKeymasterDevice/default...
12-04 05:12:38.886   399  1022 W libc    : Unable to set property "ctl.interface_start" to "android.hardware.keymaster@4.0::IKeymasterDevice/default": error code: 0x20
12-04 05:12:38.886   399  1022 I hwservicemanager: Tried to start android.hardware.keymaster@4.0::IKeymasterDevice/default as a lazy service, but was unable to. Usually this happens when a service is not installed, but if the service is intended to be used as a lazy service, then it may be configured incorrectly.
12-04 05:12:38.885     0     0 E init    : Control message: Could not find 'android.hardware.keymaster@4.0::IKeymasterDevice/default' for ctl.interface_start from pid: 399 (/system/bin/hwservicemanager)
12-04 05:12:39.151     0     0 E         : bl_scale = 1024, bl_scale_sv = 65535, bl_lvl = 1196
12-04 05:12:39.184     0     0 E         : bl_scale = 1024, bl_scale_sv = 65535, bl_lvl = 1167
12-04 05:12:39.218     0     0 E         : bl_scale = 1024, bl_scale_sv = 65535, bl_lvl = 1122
12-04 05:12:39.501     0     0 E         : bl_scale = 1024, bl_scale_sv = 65535, bl_lvl = 1078
12-04 05:12:39.518     0     0 E         : bl_scale = 1024, bl_scale_sv = 65535, bl_lvl = 1048
12-04 05:12:39.885   402   402 W HidlServiceManagement: Waited one second for android.hardware.keymaster@4.0::IKeymasterDevice/default
12-04 05:12:39.885   399   399 I hwservicemanager: Since android.hardware.keymaster@4.0::IKeymasterDevice/default is not registered, trying to start it as a lazy HAL.
12-04 05:12:39.886   402   402 I HidlServiceManagement: getService: Trying again for android.hardware.keymaster@4.0::IKeymasterDevice/default...
12-04 05:12:39.886   399  1023 W libc    : Unable to set property "ctl.interface_start" to "android.hardware.keymaster@4.0::IKeymasterDevice/default": error code: 0x20
12-04 05:12:39.887   399  1023 I hwservicemanager: Tried to start android.hardware.keymaster@4.0::IKeymasterDevice/default as a lazy service, but was unable to. Usually this happens when a service is not installed, but if the service is intended to be used as a lazy service, then it may be configured incorrectly.
12-04 05:12:39.886     0     0 E init    : Control message: Could not find 'android.hardware.keymaster@4.0::IKeymasterDevice/default' for ctl.interface_start from pid: 399 (/system/bin/hwservicemanager)
12-04 05:12:39.946     0     0 E wt_chg soc: qcom_wt_chg: wt_chg_main now = 329696 resume_time = 334696
12-04 05:12:39.954     0     0 E wt_chg soc: qcom_wt_chg: wtchg_float_charge_type_check vbus_online=0 real_type=0 float_recheck_cnt=0
12-04 05:12:39.954     0     0 E wt_chg soc: qcom_wt_chg: batt_protected_mode=0 batt_protected_mode_disable_charge=0 batt_protected_mode_disable_suspend=0
12-04 05:12:39.954     0     0 E chg_type: 0, vbus_online: 0, vbus_volt: 5000, chg_status: 2, batt_volt: 4269000, batt_current: -747000, temp: 287, health: 1, capacity: 99
12-04 05:12:39.954     0     0 E chg_temp: 317, usb_temp: 263, board_temp: 293, usb_online: 0, ac_online: 0, pd_active:0 typec_pr_role:3
12-04 05:12:39.954     0     0 I TCPC-TCPC: bat_update_work_func battery update soc = 99
12-04 05:12:39.954     0     0 I TCPC-TCPC: bat_update_work_func Battery Discharging
12-04 05:12:39.959     0     0 W healthd : battery l=99 v=4269 t=28.7 h=2 st=3 c=-747000 fc=6564000 cc=547 chg=
12-04 05:12:39.961     0     0 W healthd : battery l=99 v=4269 t=28.7 h=2 st=3 c=-747000 fc=6564000 cc=547 chg=
12-04 05:12:39.964     0     0 W healthd : battery l=99 v=4269 t=28.7 h=2 st=3 c=-747000 fc=6564000 cc=547 chg=
12-04 05:12:40.365     0     0 E         : bl_scale = 1024, bl_scale_sv = 65535, bl_lvl = 1048
12-04 05:12:40.886   402   402 W HidlServiceManagement: Waited one second for android.hardware.keymaster@4.0::IKeymasterDevice/default
12-04 05:12:40.886   399   399 I hwservicemanager: Since android.hardware.keymaster@4.0::IKeymasterDevice/default is not registered, trying to start it as a lazy HAL.
12-04 05:12:40.887   402   402 I HidlServiceManagement: getService: Trying again for android.hardware.keymaster@4.0::IKeymasterDevice/default...
12-04 05:12:40.887   399  1024 W libc    : Unable to set property "ctl.interface_start" to "android.hardware.keymaster@4.0::IKeymasterDevice/default": error code: 0x20
12-04 05:12:40.888   399  1024 I hwservicemanager: Tried to start android.hardware.keymaster@4.0::IKeymasterDevice/default as a lazy service, but was unable to. Usually this happens when a service is not installed, but if the service is intended to be used as a lazy service, then it may be configured incorrectly.
12-04 05:12:40.887     0     0 E init    : Control message: Could not find 'android.hardware.keymaster@4.0::IKeymasterDevice/default' for ctl.interface_start from pid: 399 (/system/bin/hwservicemanager)
12-04 05:12:41.887   402   402 W HidlServiceManagement: Waited one second for android.hardware.keymaster@4.0::IKeymasterDevice/default
12-04 05:12:41.887   399   399 I hwservicemanager: Since android.hardware.keymaster@4.0::IKeymasterDevice/default is not registered, trying to start it as a lazy HAL.
12-04 05:12:41.888   402   402 I HidlServiceManagement: getService: Trying again for android.hardware.keymaster@4.0::IKeymasterDevice/default...
12-04 05:12:41.888   399  1025 W libc    : Unable to set property "ctl.interface_start" to "android.hardware.keymaster@4.0::IKeymasterDevice/default": error code: 0x20
12-04 05:12:41.888   399  1025 I hwservicemanager: Tried to start android.hardware.keymaster@4.0::IKeymasterDevice/default as a lazy service, but was unable to. Usually this happens when a service is not installed, but if the service is intended to be used as a lazy service, then it may be configured incorrectly.
12-04 05:12:41.888     0     0 E init    : Control message: Could not find 'android.hardware.keymaster@4.0::IKeymasterDevice/default' for ctl.interface_start from pid: 399 (/system/bin/hwservicemanager)
12-04 05:12:42.888   402   402 W HidlServiceManagement: Waited one second for android.hardware.keymaster@4.0::IKeymasterDevice/default
12-04 05:12:42.888   399   399 I hwservicemanager: Since android.hardware.keymaster@4.0::IKeymasterDevice/default is not registered, trying to start it as a lazy HAL.
12-04 05:12:42.889   402   402 I HidlServiceManagement: getService: Trying again for android.hardware.keymaster@4.0::IKeymasterDevice/default...
12-04 05:12:42.889   399  1026 W libc    : Unable to set property "ctl.interface_start" to "android.hardware.keymaster@4.0::IKeymasterDevice/default": error code: 0x20
12-04 05:12:42.889   399  1026 I hwservicemanager: Tried to start android.hardware.keymaster@4.0::IKeymasterDevice/default as a lazy service, but was unable to. Usually this happens when a service is not installed, but if the service is intended to be used as a lazy service, then it may be configured incorrectly.
12-04 05:12:42.889     0     0 E init    : Control message: Could not find 'android.hardware.keymaster@4.0::IKeymasterDevice/default' for ctl.interface_start from pid: 399 (/system/bin/hwservicemanager)
12-04 05:12:43.889   402   402 W HidlServiceManagement: Waited one second for android.hardware.keymaster@4.0::IKeymasterDevice/default
12-04 05:12:43.889   399   399 I hwservicemanager: Since android.hardware.keymaster@4.0::IKeymasterDevice/default is not registered, trying to start it as a lazy HAL.
12-04 05:12:43.889   402   402 I HidlServiceManagement: getService: Trying again for android.hardware.keymaster@4.0::IKeymasterDevice/default...
12-04 05:12:43.890   399  1027 W libc    : Unable to set property "ctl.interface_start" to "android.hardware.keymaster@4.0::IKeymasterDevice/default": error code: 0x20
12-04 05:12:43.890   399  1027 I hwservicemanager: Tried to start android.hardware.keymaster@4.0::IKeymasterDevice/default as a lazy service, but was unable to. Usually this happens when a service is not installed, but if the service is intended to be used as a lazy service, then it may be configured incorrectly.
12-04 05:12:43.890     0     0 E init    : Control message: Could not find 'android.hardware.keymaster@4.0::IKeymasterDevice/default' for ctl.interface_start from pid: 399 (/system/bin/hwservicemanager)
12-04 05:12:44.890   402   402 W HidlServiceManagement: Waited one second for android.hardware.keymaster@4.0::IKeymasterDevice/default
12-04 05:12:44.890   399   399 I hwservicemanager: Since android.hardware.keymaster@4.0::IKeymasterDevice/default is not registered, trying to start it as a lazy HAL.
12-04 05:12:44.890   402   402 I HidlServiceManagement: getService: Trying again for android.hardware.keymaster@4.0::IKeymasterDevice/default...
12-04 05:12:44.891   399  1028 W libc    : Unable to set property "ctl.interface_start" to "android.hardware.keymaster@4.0::IKeymasterDevice/default": error code: 0x20
12-04 05:12:44.891   399  1028 I hwservicemanager: Tried to start android.hardware.keymaster@4.0::IKeymasterDevice/default as a lazy service, but was unable to. Usually this happens when a service is not installed, but if the service is intended to be used as a lazy service, then it may be configured incorrectly.
12-04 05:12:44.891     0     0 E init    : Control message: Could not find 'android.hardware.keymaster@4.0::IKeymasterDevice/default' for ctl.interface_start from pid: 399 (/system/bin/hwservicemanager)
12-04 05:12:45.891   402   402 W HidlServiceManagement: Waited one second for android.hardware.keymaster@4.0::IKeymasterDevice/default
12-04 05:12:45.891   399   399 I hwservicemanager: Since android.hardware.keymaster@4.0::IKeymasterDevice/default is not registered, trying to start it as a lazy HAL.
12-04 05:12:45.891   402   402 I HidlServiceManagement: getService: Trying again for android.hardware.keymaster@4.0::IKeymasterDevice/default...
12-04 05:12:45.892   399  1029 W libc    : Unable to set property "ctl.interface_start" to "android.hardware.keymaster@4.0::IKeymasterDevice/default": error code: 0x20
12-04 05:12:45.892   399  1029 I hwservicemanager: Tried to start android.hardware.keymaster@4.0::IKeymasterDevice/default as a lazy service, but was unable to. Usually this happens when a service is not installed, but if the service is intended to be used as a lazy service, then it may be configured incorrectly.
12-04 05:12:45.892     0     0 E init    : Control message: Could not find 'android.hardware.keymaster@4.0::IKeymasterDevice/default' for ctl.interface_start from pid: 399 (/system/bin/hwservicemanager)
12-04 05:12:46.891   402   402 W HidlServiceManagement: Waited one second for android.hardware.keymaster@4.0::IKeymasterDevice/default
12-04 05:12:46.892   399   399 I hwservicemanager: Since android.hardware.keymaster@4.0::IKeymasterDevice/default is not registered, trying to start it as a lazy HAL.
12-04 05:12:46.892   402   402 I HidlServiceManagement: getService: Trying again for android.hardware.keymaster@4.0::IKeymasterDevice/default...
12-04 05:12:46.893   399  1030 W libc    : Unable to set property "ctl.interface_start" to "android.hardware.keymaster@4.0::IKeymasterDevice/default": error code: 0x20
12-04 05:12:46.893   399  1030 I hwservicemanager: Tried to start android.hardware.keymaster@4.0::IKeymasterDevice/default as a lazy service, but was unable to. Usually this happens when a service is not installed, but if the service is intended to be used as a lazy service, then it may be configured incorrectly.
12-04 05:12:46.893     0     0 E init    : Control message: Could not find 'android.hardware.keymaster@4.0::IKeymasterDevice/default' for ctl.interface_start from pid: 399 (/system/bin/hwservicemanager)
12-04 05:12:47.892   402   402 W HidlServiceManagement: Waited one second for android.hardware.keymaster@4.0::IKeymasterDevice/default
12-04 05:12:47.893   399   399 I hwservicemanager: Since android.hardware.keymaster@4.0::IKeymasterDevice/default is not registered, trying to start it as a lazy HAL.
12-04 05:12:47.893   402   402 I HidlServiceManagement: getService: Trying again for android.hardware.keymaster@4.0::IKeymasterDevice/default...
12-04 05:12:47.894   399  1031 W libc    : Unable to set property "ctl.interface_start" to "android.hardware.keymaster@4.0::IKeymasterDevice/default": error code: 0x20
12-04 05:12:47.894   399  1031 I hwservicemanager: Tried to start android.hardware.keymaster@4.0::IKeymasterDevice/default as a lazy service, but was unable to. Usually this happens when a service is not installed, but if the service is intended to be used as a lazy service, then it may be configured incorrectly.
12-04 05:12:47.894     0     0 E init    : Control message: Could not find 'android.hardware.keymaster@4.0::IKeymasterDevice/default' for ctl.interface_start from pid: 399 (/system/bin/hwservicemanager)
12-04 05:12:48.893   402   402 W HidlServiceManagement: Waited one second for android.hardware.keymaster@4.0::IKeymasterDevice/default
12-04 05:12:48.894   399   399 I hwservicemanager: Since android.hardware.keymaster@4.0::IKeymasterDevice/default is not registered, trying to start it as a lazy HAL.
12-04 05:12:48.894   402   402 I HidlServiceManagement: getService: Trying again for android.hardware.keymaster@4.0::IKeymasterDevice/default...
12-04 05:12:48.895   399  1032 W libc    : Unable to set property "ctl.interface_start" to "android.hardware.keymaster@4.0::IKeymasterDevice/default": error code: 0x20
12-04 05:12:48.895   399  1032 I hwservicemanager: Tried to start android.hardware.keymaster@4.0::IKeymasterDevice/default as a lazy service, but was unable to. Usually this happens when a service is not installed, but if the service is intended to be used as a lazy service, then it may be configured incorrectly.
12-04 05:12:48.895     0     0 E init    : Control message: Could not find 'android.hardware.keymaster@4.0::IKeymasterDevice/default' for ctl.interface_start from pid: 399 (/system/bin/hwservicemanager)
12-04 05:12:49.894   402   402 W HidlServiceManagement: Waited one second for android.hardware.keymaster@4.0::IKeymasterDevice/default
12-04 05:12:49.895   399   399 I hwservicemanager: Since android.hardware.keymaster@4.0::IKeymasterDevice/default is not registered, trying to start it as a lazy HAL.
12-04 05:12:49.895   402   402 I HidlServiceManagement: getService: Trying again for android.hardware.keymaster@4.0::IKeymasterDevice/default...
12-04 05:12:49.896   399  1033 W libc    : Unable to set property "ctl.interface_start" to "android.hardware.keymaster@4.0::IKeymasterDevice/default": error code: 0x20
12-04 05:12:49.896   399  1033 I hwservicemanager: Tried to start android.hardware.keymaster@4.0::IKeymasterDevice/default as a lazy service, but was unable to. Usually this happens when a service is not installed, but if the service is intended to be used as a lazy service, then it may be configured incorrectly.
12-04 05:12:49.895     0     0 E init    : Control message: Could not find 'android.hardware.keymaster@4.0::IKeymasterDevice/default' for ctl.interface_start from pid: 399 (/system/bin/hwservicemanager)
12-04 05:12:50.186     0     0 E wt_chg soc: qcom_wt_chg: wt_chg_main now = 339936 resume_time = 344936
12-04 05:12:50.194     0     0 E wt_chg soc: qcom_wt_chg: wtchg_float_charge_type_check vbus_online=0 real_type=0 float_recheck_cnt=0
12-04 05:12:50.194     0     0 E wt_chg soc: qcom_wt_chg: batt_protected_mode=0 batt_protected_mode_disable_charge=0 batt_protected_mode_disable_suspend=0
12-04 05:12:50.194     0     0 E chg_type: 0, vbus_online: 0, vbus_volt: 5000, chg_status: 2, batt_volt: 4276000, batt_current: -543000, temp: 288, health: 1, capacity: 99
12-04 05:12:50.194     0     0 E chg_temp: 317, usb_temp: 263, board_temp: 293, usb_online: 0, ac_online: 0, pd_active:0 typec_pr_role:3
12-04 05:12:50.194     0     0 I TCPC-TCPC: bat_update_work_func battery update soc = 99
12-04 05:12:50.194     0     0 I TCPC-TCPC: bat_update_work_func Battery Discharging
12-04 05:12:50.199     0     0 W healthd : battery l=99 v=4276 t=28.8 h=2 st=3 c=-543000 fc=6564000 cc=547 chg=
12-04 05:12:50.201     0     0 W healthd : battery l=99 v=4276 t=28.8 h=2 st=3 c=-543000 fc=6564000 cc=547 chg=
12-04 05:12:50.204     0     0 W healthd : battery l=99 v=4276 t=28.8 h=2 st=3 c=-543000 fc=6564000 cc=547 chg=
12-04 05:12:50.895   402   402 W HidlServiceManagement: Waited one second for android.hardware.keymaster@4.0::IKeymasterDevice/default
12-04 05:12:50.895   399   399 I hwservicemanager: Since android.hardware.keymaster@4.0::IKeymasterDevice/default is not registered, trying to start it as a lazy HAL.
12-04 05:12:50.896   402   402 I HidlServiceManagement: getService: Trying again for android.hardware.keymaster@4.0::IKeymasterDevice/default...
12-04 05:12:50.896   399  1034 W libc    : Unable to set property "ctl.interface_start" to "android.hardware.keymaster@4.0::IKeymasterDevice/default": error code: 0x20
12-04 05:12:50.897   399  1034 I hwservicemanager: Tried to start android.hardware.keymaster@4.0::IKeymasterDevice/default as a lazy service, but was unable to. Usually this happens when a service is not installed, but if the service is intended to be used as a lazy service, then it may be configured incorrectly.
12-04 05:12:50.896     0     0 E init    : Control message: Could not find 'android.hardware.keymaster@4.0::IKeymasterDevice/default' for ctl.interface_start from pid: 399 (/system/bin/hwservicemanager)
12-04 05:12:51.896   402   402 W HidlServiceManagement: Waited one second for android.hardware.keymaster@4.0::IKeymasterDevice/default
12-04 05:12:51.896   399   399 I hwservicemanager: Since android.hardware.keymaster@4.0::IKeymasterDevice/default is not registered, trying to start it as a lazy HAL.
12-04 05:12:51.897   402   402 I HidlServiceManagement: getService: Trying again for android.hardware.keymaster@4.0::IKeymasterDevice/default...
12-04 05:12:51.897   399  1035 W libc    : Unable to set property "ctl.interface_start" to "android.hardware.keymaster@4.0::IKeymasterDevice/default": error code: 0x20
12-04 05:12:51.898   399  1035 I hwservicemanager: Tried to start android.hardware.keymaster@4.0::IKeymasterDevice/default as a lazy service, but was unable to. Usually this happens when a service is not installed, but if the service is intended to be used as a lazy service, then it may be configured incorrectly.
12-04 05:12:51.897     0     0 E init    : Control message: Could not find 'android.hardware.keymaster@4.0::IKeymasterDevice/default' for ctl.interface_start from pid: 399 (/system/bin/hwservicemanager)
12-04 05:12:52.897   402   402 W HidlServiceManagement: Waited one second for android.hardware.keymaster@4.0::IKeymasterDevice/default
12-04 05:12:52.897   399   399 I hwservicemanager: Since android.hardware.keymaster@4.0::IKeymasterDevice/default is not registered, trying to start it as a lazy HAL.
12-04 05:12:52.898   402   402 I HidlServiceManagement: getService: Trying again for android.hardware.keymaster@4.0::IKeymasterDevice/default...
12-04 05:12:52.898   399  1036 W libc    : Unable to set property "ctl.interface_start" to "android.hardware.keymaster@4.0::IKeymasterDevice/default": error code: 0x20
12-04 05:12:52.898   399  1036 I hwservicemanager: Tried to start android.hardware.keymaster@4.0::IKeymasterDevice/default as a lazy service, but was unable to. Usually this happens when a service is not installed, but if the service is intended to be used as a lazy service, then it may be configured incorrectly.
12-04 05:12:52.898     0     0 E init    : Control message: Could not find 'android.hardware.keymaster@4.0::IKeymasterDevice/default' for ctl.interface_start from pid: 399 (/system/bin/hwservicemanager)
12-04 05:12:53.898   402   402 W HidlServiceManagement: Waited one second for android.hardware.keymaster@4.0::IKeymasterDevice/default
12-04 05:12:53.898   399   399 I hwservicemanager: Since android.hardware.keymaster@4.0::IKeymasterDevice/default is not registered, trying to start it as a lazy HAL.
12-04 05:12:53.898   402   402 I HidlServiceManagement: getService: Trying again for android.hardware.keymaster@4.0::IKeymasterDevice/default...
12-04 05:12:53.899   399  1037 W libc    : Unable to set property "ctl.interface_start" to "android.hardware.keymaster@4.0::IKeymasterDevice/default": error code: 0x20
12-04 05:12:53.899   399  1037 I hwservicemanager: Tried to start android.hardware.keymaster@4.0::IKeymasterDevice/default as a lazy service, but was unable to. Usually this happens when a service is not installed, but if the service is intended to be used as a lazy service, then it may be configured incorrectly.
12-04 05:12:53.899     0     0 E init    : Control message: Could not find 'android.hardware.keymaster@4.0::IKeymasterDevice/default' for ctl.interface_start from pid: 399 (/system/bin/hwservicemanager)
12-04 05:12:54.898   402   402 W HidlServiceManagement: Waited one second for android.hardware.keymaster@4.0::IKeymasterDevice/default
12-04 05:12:54.899   399   399 I hwservicemanager: Since android.hardware.keymaster@4.0::IKeymasterDevice/default is not registered, trying to start it as a lazy HAL.
12-04 05:12:54.899   402   402 I HidlServiceManagement: getService: Trying again for android.hardware.keymaster@4.0::IKeymasterDevice/default...
12-04 05:12:54.900   399  1038 W libc    : Unable to set property "ctl.interface_start" to "android.hardware.keymaster@4.0::IKeymasterDevice/default": error code: 0x20
12-04 05:12:54.900   399  1038 I hwservicemanager: Tried to start android.hardware.keymaster@4.0::IKeymasterDevice/default as a lazy service, but was unable to. Usually this happens when a service is not installed, but if the service is intended to be used as a lazy service, then it may be configured incorrectly.
12-04 05:12:54.900     0     0 E init    : Control message: Could not find 'android.hardware.keymaster@4.0::IKeymasterDevice/default' for ctl.interface_start from pid: 399 (/system/bin/hwservicemanager)
12-04 05:12:55.899   402   402 W HidlServiceManagement: Waited one second for android.hardware.keymaster@4.0::IKeymasterDevice/default
12-04 05:12:55.900   399   399 I hwservicemanager: Since android.hardware.keymaster@4.0::IKeymasterDevice/default is not registered, trying to start it as a lazy HAL.
12-04 05:12:55.900   402   402 I HidlServiceManagement: getService: Trying again for android.hardware.keymaster@4.0::IKeymasterDevice/default...
12-04 05:12:55.901   399  1039 W libc    : Unable to set property "ctl.interface_start" to "android.hardware.keymaster@4.0::IKeymasterDevice/default": error code: 0x20
12-04 05:12:55.901   399  1039 I hwservicemanager: Tried to start android.hardware.keymaster@4.0::IKeymasterDevice/default as a lazy service, but was unable to. Usually this happens when a service is not installed, but if the service is intended to be used as a lazy service, then it may be configured incorrectly.
12-04 05:12:55.901     0     0 E init    : Control message: Could not find 'android.hardware.keymaster@4.0::IKeymasterDevice/default' for ctl.interface_start from pid: 399 (/system/bin/hwservicemanager)
12-04 05:12:56.900   402   402 W HidlServiceManagement: Waited one second for android.hardware.keymaster@4.0::IKeymasterDevice/default
12-04 05:12:56.900   399   399 I hwservicemanager: Since android.hardware.keymaster@4.0::IKeymasterDevice/default is not registered, trying to start it as a lazy HAL.
12-04 05:12:56.901   402   402 I HidlServiceManagement: getService: Trying again for android.hardware.keymaster@4.0::IKeymasterDevice/default...
12-04 05:12:56.901   399  1040 W libc    : Unable to set property "ctl.interface_start" to "android.hardware.keymaster@4.0::IKeymasterDevice/default": error code: 0x20
12-04 05:12:56.902   399  1040 I hwservicemanager: Tried to start android.hardware.keymaster@4.0::IKeymasterDevice/default as a lazy service, but was unable to. Usually this happens when a service is not installed, but if the service is intended to be used as a lazy service, then it may be configured incorrectly.
12-04 05:12:56.901     0     0 E init    : Control message: Could not find 'android.hardware.keymaster@4.0::IKeymasterDevice/default' for ctl.interface_start from pid: 399 (/system/bin/hwservicemanager)
12-04 05:12:57.901   402   402 W HidlServiceManagement: Waited one second for android.hardware.keymaster@4.0::IKeymasterDevice/default
12-04 05:12:57.901   399   399 I hwservicemanager: Since android.hardware.keymaster@4.0::IKeymasterDevice/default is not registered, trying to start it as a lazy HAL.
12-04 05:12:57.902   402   402 I HidlServiceManagement: getService: Trying again for android.hardware.keymaster@4.0::IKeymasterDevice/default...
12-04 05:12:57.903   399  1041 W libc    : Unable to set property "ctl.interface_start" to "android.hardware.keymaster@4.0::IKeymasterDevice/default": error code: 0x20
12-04 05:12:57.903   399  1041 I hwservicemanager: Tried to start android.hardware.keymaster@4.0::IKeymasterDevice/default as a lazy service, but was unable to. Usually this happens when a service is not installed, but if the service is intended to be used as a lazy service, then it may be configured incorrectly.
12-04 05:12:57.903     0     0 E init    : Control message: Could not find 'android.hardware.keymaster@4.0::IKeymasterDevice/default' for ctl.interface_start from pid: 399 (/system/bin/hwservicemanager)
12-04 05:12:58.902   402   402 W HidlServiceManagement: Waited one second for android.hardware.keymaster@4.0::IKeymasterDevice/default
12-04 05:12:58.903   399   399 I hwservicemanager: Since android.hardware.keymaster@4.0::IKeymasterDevice/default is not registered, trying to start it as a lazy HAL.
12-04 05:12:58.903   402   402 I HidlServiceManagement: getService: Trying again for android.hardware.keymaster@4.0::IKeymasterDevice/default...
12-04 05:12:58.903   399  1042 W libc    : Unable to set property "ctl.interface_start" to "android.hardware.keymaster@4.0::IKeymasterDevice/default": error code: 0x20
12-04 05:12:58.904   399  1042 I hwservicemanager: Tried to start android.hardware.keymaster@4.0::IKeymasterDevice/default as a lazy service, but was unable to. Usually this happens when a service is not installed, but if the service is intended to be used as a lazy service, then it may be configured incorrectly.
12-04 05:12:58.903     0     0 E init    : Control message: Could not find 'android.hardware.keymaster@4.0::IKeymasterDevice/default' for ctl.interface_start from pid: 399 (/system/bin/hwservicemanager)
12-04 05:12:59.903   402   402 W HidlServiceManagement: Waited one second for android.hardware.keymaster@4.0::IKeymasterDevice/default
12-04 05:12:59.904   399   399 I hwservicemanager: Since android.hardware.keymaster@4.0::IKeymasterDevice/default is not registered, trying to start it as a lazy HAL.
12-04 05:12:59.904   402   402 I HidlServiceManagement: getService: Trying again for android.hardware.keymaster@4.0::IKeymasterDevice/default...
12-04 05:12:59.905   399  1043 W libc    : Unable to set property "ctl.interface_start" to "android.hardware.keymaster@4.0::IKeymasterDevice/default": error code: 0x20
12-04 05:12:59.905   399  1043 I hwservicemanager: Tried to start android.hardware.keymaster@4.0::IKeymasterDevice/default as a lazy service, but was unable to. Usually this happens when a service is not installed, but if the service is intended to be used as a lazy service, then it may be configured incorrectly.
12-04 05:12:59.905     0     0 E init    : Control message: Could not find 'android.hardware.keymaster@4.0::IKeymasterDevice/default' for ctl.interface_start from pid: 399 (/system/bin/hwservicemanager)
12-04 05:13:00.426     0     0 E wt_chg soc: qcom_wt_chg: wt_chg_main now = 350176 resume_time = 355176
12-04 05:13:00.434     0     0 E wt_chg soc: qcom_wt_chg: wtchg_float_charge_type_check vbus_online=0 real_type=0 float_recheck_cnt=0
12-04 05:13:00.434     0     0 E wt_chg soc: qcom_wt_chg: batt_protected_mode=0 batt_protected_mode_disable_charge=0 batt_protected_mode_disable_suspend=0
12-04 05:13:00.434     0     0 E chg_type: 0, vbus_online: 0, vbus_volt: 5000, chg_status: 2, batt_volt: 4275000, batt_current: -556000, temp: 288, health: 1, capacity: 99
12-04 05:13:00.434     0     0 E chg_temp: 317, usb_temp: 263, board_temp: 293, usb_online: 0, ac_online: 0, pd_active:0 typec_pr_role:3
12-04 05:13:00.434     0     0 I TCPC-TCPC: bat_update_work_func battery update soc = 99
12-04 05:13:00.434     0     0 I TCPC-TCPC: bat_update_work_func Battery Discharging
12-04 05:13:00.439     0     0 W healthd : battery l=99 v=4275 t=28.8 h=2 st=3 c=-556000 fc=6564000 cc=547 chg=
12-04 05:13:00.441     0     0 W healthd : battery l=99 v=4275 t=28.8 h=2 st=3 c=-556000 fc=6564000 cc=547 chg=
12-04 05:13:00.443     0     0 W healthd : battery l=99 v=4275 t=28.8 h=2 st=3 c=-556000 fc=6564000 cc=547 chg=
12-04 05:13:00.904   402   402 W HidlServiceManagement: Waited one second for android.hardware.keymaster@4.0::IKeymasterDevice/default
12-04 05:13:00.905   399   399 I hwservicemanager: Since android.hardware.keymaster@4.0::IKeymasterDevice/default is not registered, trying to start it as a lazy HAL.
12-04 05:13:00.905   402   402 I HidlServiceManagement: getService: Trying again for android.hardware.keymaster@4.0::IKeymasterDevice/default...
12-04 05:13:00.906   399  1044 W libc    : Unable to set property "ctl.interface_start" to "android.hardware.keymaster@4.0::IKeymasterDevice/default": error code: 0x20
12-04 05:13:00.906   399  1044 I hwservicemanager: Tried to start android.hardware.keymaster@4.0::IKeymasterDevice/default as a lazy service, but was unable to. Usually this happens when a service is not installed, but if the service is intended to be used as a lazy service, then it may be configured incorrectly.
12-04 05:13:00.906     0     0 E init    : Control message: Could not find 'android.hardware.keymaster@4.0::IKeymasterDevice/default' for ctl.interface_start from pid: 399 (/system/bin/hwservicemanager)
12-04 05:13:01.905   402   402 W HidlServiceManagement: Waited one second for android.hardware.keymaster@4.0::IKeymasterDevice/default
12-04 05:13:01.906   399   399 I hwservicemanager: Since android.hardware.keymaster@4.0::IKeymasterDevice/default is not registered, trying to start it as a lazy HAL.
12-04 05:13:01.906   402   402 I HidlServiceManagement: getService: Trying again for android.hardware.keymaster@4.0::IKeymasterDevice/default...
12-04 05:13:01.907   399  1045 W libc    : Unable to set property "ctl.interface_start" to "android.hardware.keymaster@4.0::IKeymasterDevice/default": error code: 0x20
12-04 05:13:01.907   399  1045 I hwservicemanager: Tried to start android.hardware.keymaster@4.0::IKeymasterDevice/default as a lazy service, but was unable to. Usually this happens when a service is not installed, but if the service is intended to be used as a lazy service, then it may be configured incorrectly.
12-04 05:13:01.907     0     0 E init    : Control message: Could not find 'android.hardware.keymaster@4.0::IKeymasterDevice/default' for ctl.interface_start from pid: 399 (/system/bin/hwservicemanager)
12-04 05:13:02.906   402   402 W HidlServiceManagement: Waited one second for android.hardware.keymaster@4.0::IKeymasterDevice/default
12-04 05:13:02.906   399   399 I hwservicemanager: Since android.hardware.keymaster@4.0::IKeymasterDevice/default is not registered, trying to start it as a lazy HAL.
12-04 05:13:02.907   402   402 I HidlServiceManagement: getService: Trying again for android.hardware.keymaster@4.0::IKeymasterDevice/default...
12-04 05:13:02.908   399  1046 W libc    : Unable to set property "ctl.interface_start" to "android.hardware.keymaster@4.0::IKeymasterDevice/default": error code: 0x20
12-04 05:13:02.908   399  1046 I hwservicemanager: Tried to start android.hardware.keymaster@4.0::IKeymasterDevice/default as a lazy service, but was unable to. Usually this happens when a service is not installed, but if the service is intended to be used as a lazy service, then it may be configured incorrectly.
12-04 05:13:02.908     0     0 E init    : Control message: Could not find 'android.hardware.keymaster@4.0::IKeymasterDevice/default' for ctl.interface_start from pid: 399 (/system/bin/hwservicemanager)
12-04 05:13:03.907   402   402 W HidlServiceManagement: Waited one second for android.hardware.keymaster@4.0::IKeymasterDevice/default
12-04 05:13:03.907   399   399 I hwservicemanager: Since android.hardware.keymaster@4.0::IKeymasterDevice/default is not registered, trying to start it as a lazy HAL.
12-04 05:13:03.908   402   402 I HidlServiceManagement: getService: Trying again for android.hardware.keymaster@4.0::IKeymasterDevice/default...
12-04 05:13:03.908   399  1047 W libc    : Unable to set property "ctl.interface_start" to "android.hardware.keymaster@4.0::IKeymasterDevice/default": error code: 0x20
12-04 05:13:03.909   399  1047 I hwservicemanager: Tried to start android.hardware.keymaster@4.0::IKeymasterDevice/default as a lazy service, but was unable to. Usually this happens when a service is not installed, but if the service is intended to be used as a lazy service, then it may be configured incorrectly.
12-04 05:13:03.908     0     0 E init    : Control message: Could not find 'android.hardware.keymaster@4.0::IKeymasterDevice/default' for ctl.interface_start from pid: 399 (/system/bin/hwservicemanager)
12-04 05:13:04.908   402   402 W HidlServiceManagement: Waited one second for android.hardware.keymaster@4.0::IKeymasterDevice/default
12-04 05:13:04.908   399   399 I hwservicemanager: Since android.hardware.keymaster@4.0::IKeymasterDevice/default is not registered, trying to start it as a lazy HAL.
12-04 05:13:04.909   402   402 I HidlServiceManagement: getService: Trying again for android.hardware.keymaster@4.0::IKeymasterDevice/default...
12-04 05:13:04.909   399  1048 W libc    : Unable to set property "ctl.interface_start" to "android.hardware.keymaster@4.0::IKeymasterDevice/default": error code: 0x20
12-04 05:13:04.909   399  1048 I hwservicemanager: Tried to start android.hardware.keymaster@4.0::IKeymasterDevice/default as a lazy service, but was unable to. Usually this happens when a service is not installed, but if the service is intended to be used as a lazy service, then it may be configured incorrectly.
12-04 05:13:04.909     0     0 E init    : Control message: Could not find 'android.hardware.keymaster@4.0::IKeymasterDevice/default' for ctl.interface_start from pid: 399 (/system/bin/hwservicemanager)
12-04 05:13:05.909   402   402 W HidlServiceManagement: Waited one second for android.hardware.keymaster@4.0::IKeymasterDevice/default
12-04 05:13:05.909   399   399 I hwservicemanager: Since android.hardware.keymaster@4.0::IKeymasterDevice/default is not registered, trying to start it as a lazy HAL.
12-04 05:13:05.910   402   402 I HidlServiceManagement: getService: Trying again for android.hardware.keymaster@4.0::IKeymasterDevice/default...
12-04 05:13:05.910   399  1049 W libc    : Unable to set property "ctl.interface_start" to "android.hardware.keymaster@4.0::IKeymasterDevice/default": error code: 0x20
12-04 05:13:05.911   399  1049 I hwservicemanager: Tried to start android.hardware.keymaster@4.0::IKeymasterDevice/default as a lazy service, but was unable to. Usually this happens when a service is not installed, but if the service is intended to be used as a lazy service, then it may be configured incorrectly.
12-04 05:13:05.910     0     0 E init    : Control message: Could not find 'android.hardware.keymaster@4.0::IKeymasterDevice/default' for ctl.interface_start from pid: 399 (/system/bin/hwservicemanager)
12-04 05:13:06.910   402   402 W HidlServiceManagement: Waited one second for android.hardware.keymaster@4.0::IKeymasterDevice/default
12-04 05:13:06.910   399   399 I hwservicemanager: Since android.hardware.keymaster@4.0::IKeymasterDevice/default is not registered, trying to start it as a lazy HAL.
12-04 05:13:06.911   402   402 I HidlServiceManagement: getService: Trying again for android.hardware.keymaster@4.0::IKeymasterDevice/default...
12-04 05:13:06.911   399  1050 W libc    : Unable to set property "ctl.interface_start" to "android.hardware.keymaster@4.0::IKeymasterDevice/default": error code: 0x20
12-04 05:13:06.911   399  1050 I hwservicemanager: Tried to start android.hardware.keymaster@4.0::IKeymasterDevice/default as a lazy service, but was unable to. Usually this happens when a service is not installed, but if the service is intended to be used as a lazy service, then it may be configured incorrectly.
12-04 05:13:06.911     0     0 E init    : Control message: Could not find 'android.hardware.keymaster@4.0::IKeymasterDevice/default' for ctl.interface_start from pid: 399 (/system/bin/hwservicemanager)
12-04 05:13:07.911   402   402 W HidlServiceManagement: Waited one second for android.hardware.keymaster@4.0::IKeymasterDevice/default
12-04 05:13:07.911   399   399 I hwservicemanager: Since android.hardware.keymaster@4.0::IKeymasterDevice/default is not registered, trying to start it as a lazy HAL.
12-04 05:13:07.911   402   402 I HidlServiceManagement: getService: Trying again for android.hardware.keymaster@4.0::IKeymasterDevice/default...
12-04 05:13:07.912   399  1051 W libc    : Unable to set property "ctl.interface_start" to "android.hardware.keymaster@4.0::IKeymasterDevice/default": error code: 0x20
12-04 05:13:07.912   399  1051 I hwservicemanager: Tried to start android.hardware.keymaster@4.0::IKeymasterDevice/default as a lazy service, but was unable to. Usually this happens when a service is not installed, but if the service is intended to be used as a lazy service, then it may be configured incorrectly.
12-04 05:13:07.912     0     0 E init    : Control message: Could not find 'android.hardware.keymaster@4.0::IKeymasterDevice/default' for ctl.interface_start from pid: 399 (/system/bin/hwservicemanager)
12-04 05:13:08.912   402   402 W HidlServiceManagement: Waited one second for android.hardware.keymaster@4.0::IKeymasterDevice/default
12-04 05:13:08.912   399   399 I hwservicemanager: Since android.hardware.keymaster@4.0::IKeymasterDevice/default is not registered, trying to start it as a lazy HAL.
12-04 05:13:08.912   402   402 I HidlServiceManagement: getService: Trying again for android.hardware.keymaster@4.0::IKeymasterDevice/default...
12-04 05:13:08.913   399  1052 W libc    : Unable to set property "ctl.interface_start" to "android.hardware.keymaster@4.0::IKeymasterDevice/default": error code: 0x20
12-04 05:13:08.913   399  1052 I hwservicemanager: Tried to start android.hardware.keymaster@4.0::IKeymasterDevice/default as a lazy service, but was unable to. Usually this happens when a service is not installed, but if the service is intended to be used as a lazy service, then it may be configured incorrectly.
12-04 05:13:08.913     0     0 E init    : Control message: Could not find 'android.hardware.keymaster@4.0::IKeymasterDevice/default' for ctl.interface_start from pid: 399 (/system/bin/hwservicemanager)
12-04 05:13:09.912   402   402 W HidlServiceManagement: Waited one second for android.hardware.keymaster@4.0::IKeymasterDevice/default
12-04 05:13:09.913   399   399 I hwservicemanager: Since android.hardware.keymaster@4.0::IKeymasterDevice/default is not registered, trying to start it as a lazy HAL.
12-04 05:13:09.913   402   402 I HidlServiceManagement: getService: Trying again for android.hardware.keymaster@4.0::IKeymasterDevice/default...
12-04 05:13:09.914   399  1053 W libc    : Unable to set property "ctl.interface_start" to "android.hardware.keymaster@4.0::IKeymasterDevice/default": error code: 0x20
12-04 05:13:09.914     0     0 E init    : Control message: Could not find 'android.hardware.keymaster@4.0::IKeymasterDevice/default' for ctl.interface_start from pid: 399 (/system/bin/hwservicemanager)
12-04 05:13:09.914   399  1053 I hwservicemanager: Tried to start android.hardware.keymaster@4.0::IKeymasterDevice/default as a lazy service, but was unable to. Usually this happens when a service is not installed, but if the service is intended to be used as a lazy service, then it may be configured incorrectly.
12-04 05:13:10.666     0     0 E wt_chg soc: qcom_wt_chg: wt_chg_main now = 360416 resume_time = 365416
12-04 05:13:10.674     0     0 E wt_chg soc: qcom_wt_chg: wtchg_float_charge_type_check vbus_online=0 real_type=0 float_recheck_cnt=0
12-04 05:13:10.674     0     0 E wt_chg soc: qcom_wt_chg: batt_protected_mode=0 batt_protected_mode_disable_charge=0 batt_protected_mode_disable_suspend=0
12-04 05:13:10.674     0     0 E chg_type: 0, vbus_online: 0, vbus_volt: 5000, chg_status: 2, batt_volt: 4273000, batt_current: -559000, temp: 287, health: 1, capacity: 99
12-04 05:13:10.674     0     0 E chg_temp: 317, usb_temp: 263, board_temp: 293, usb_online: 0, ac_online: 0, pd_active:0 typec_pr_role:3
12-04 05:13:10.674     0     0 I TCPC-TCPC: bat_update_work_func battery update soc = 99
12-04 05:13:10.674     0     0 I TCPC-TCPC: bat_update_work_func Battery Discharging
12-04 05:13:10.677     0     0 W healthd : battery l=99 v=4273 t=28.7 h=2 st=3 c=-559000 fc=6564000 cc=547 chg=
12-04 05:13:10.680     0     0 W healthd : battery l=99 v=4273 t=28.7 h=2 st=3 c=-559000 fc=6564000 cc=547 chg=
12-04 05:13:10.682     0     0 W healthd : battery l=99 v=4273 t=28.7 h=2 st=3 c=-559000 fc=6564000 cc=547 chg=
12-04 05:13:10.913   402   402 W HidlServiceManagement: Waited one second for android.hardware.keymaster@4.0::IKeymasterDevice/default
12-04 05:13:10.914   399   399 I hwservicemanager: Since android.hardware.keymaster@4.0::IKeymasterDevice/default is not registered, trying to start it as a lazy HAL.
12-04 05:13:10.914   402   402 I HidlServiceManagement: getService: Trying again for android.hardware.keymaster@4.0::IKeymasterDevice/default...
12-04 05:13:10.915   399  1054 W libc    : Unable to set property "ctl.interface_start" to "android.hardware.keymaster@4.0::IKeymasterDevice/default": error code: 0x20
12-04 05:13:10.915   399  1054 I hwservicemanager: Tried to start android.hardware.keymaster@4.0::IKeymasterDevice/default as a lazy service, but was unable to. Usually this happens when a service is not installed, but if the service is intended to be used as a lazy service, then it may be configured incorrectly.
12-04 05:13:10.915     0     0 E init    : Control message: Could not find 'android.hardware.keymaster@4.0::IKeymasterDevice/default' for ctl.interface_start from pid: 399 (/system/bin/hwservicemanager)
12-04 05:13:11.914   402   402 W HidlServiceManagement: Waited one second for android.hardware.keymaster@4.0::IKeymasterDevice/default
12-04 05:13:11.915   399   399 I hwservicemanager: Since android.hardware.keymaster@4.0::IKeymasterDevice/default is not registered, trying to start it as a lazy HAL.
12-04 05:13:11.915   402   402 I HidlServiceManagement: getService: Trying again for android.hardware.keymaster@4.0::IKeymasterDevice/default...
12-04 05:13:11.916   399  1055 W libc    : Unable to set property "ctl.interface_start" to "android.hardware.keymaster@4.0::IKeymasterDevice/default": error code: 0x20
12-04 05:13:11.916   399  1055 I hwservicemanager: Tried to start android.hardware.keymaster@4.0::IKeymasterDevice/default as a lazy service, but was unable to. Usually this happens when a service is not installed, but if the service is intended to be used as a lazy service, then it may be configured incorrectly.
12-04 05:13:11.916     0     0 E init    : Control message: Could not find 'android.hardware.keymaster@4.0::IKeymasterDevice/default' for ctl.interface_start from pid: 399 (/system/bin/hwservicemanager)
12-04 05:13:12.915   402   402 W HidlServiceManagement: Waited one second for android.hardware.keymaster@4.0::IKeymasterDevice/default
12-04 05:13:12.916   399   399 I hwservicemanager: Since android.hardware.keymaster@4.0::IKeymasterDevice/default is not registered, trying to start it as a lazy HAL.
12-04 05:13:12.916   402   402 I HidlServiceManagement: getService: Trying again for android.hardware.keymaster@4.0::IKeymasterDevice/default...
12-04 05:13:12.917   399  1056 W libc    : Unable to set property "ctl.interface_start" to "android.hardware.keymaster@4.0::IKeymasterDevice/default": error code: 0x20
12-04 05:13:12.917   399  1056 I hwservicemanager: Tried to start android.hardware.keymaster@4.0::IKeymasterDevice/default as a lazy service, but was unable to. Usually this happens when a service is not installed, but if the service is intended to be used as a lazy service, then it may be configured incorrectly.
12-04 05:13:12.916     0     0 E init    : Control message: Could not find 'android.hardware.keymaster@4.0::IKeymasterDevice/default' for ctl.interface_start from pid: 399 (/system/bin/hwservicemanager)
12-04 05:13:13.916   402   402 W HidlServiceManagement: Waited one second for android.hardware.keymaster@4.0::IKeymasterDevice/default
12-04 05:13:13.916   399   399 I hwservicemanager: Since android.hardware.keymaster@4.0::IKeymasterDevice/default is not registered, trying to start it as a lazy HAL.
12-04 05:13:13.917   402   402 I HidlServiceManagement: getService: Trying again for android.hardware.keymaster@4.0::IKeymasterDevice/default...
12-04 05:13:13.918   399  1057 W libc    : Unable to set property "ctl.interface_start" to "android.hardware.keymaster@4.0::IKeymasterDevice/default": error code: 0x20
12-04 05:13:13.918   399  1057 I hwservicemanager: Tried to start android.hardware.keymaster@4.0::IKeymasterDevice/default as a lazy service, but was unable to. Usually this happens when a service is not installed, but if the service is intended to be used as a lazy service, then it may be configured incorrectly.
12-04 05:13:13.917     0     0 E init    : Control message: Could not find 'android.hardware.keymaster@4.0::IKeymasterDevice/default' for ctl.interface_start from pid: 399 (/system/bin/hwservicemanager)
12-04 05:13:14.917   402   402 W HidlServiceManagement: Waited one second for android.hardware.keymaster@4.0::IKeymasterDevice/default
12-04 05:13:14.917   399   399 I hwservicemanager: Since android.hardware.keymaster@4.0::IKeymasterDevice/default is not registered, trying to start it as a lazy HAL.
12-04 05:13:14.918   402   402 I HidlServiceManagement: getService: Trying again for android.hardware.keymaster@4.0::IKeymasterDevice/default...
12-04 05:13:14.918   399  1058 W libc    : Unable to set property "ctl.interface_start" to "android.hardware.keymaster@4.0::IKeymasterDevice/default": error code: 0x20
12-04 05:13:14.919   399  1058 I hwservicemanager: Tried to start android.hardware.keymaster@4.0::IKeymasterDevice/default as a lazy service, but was unable to. Usually this happens when a service is not installed, but if the service is intended to be used as a lazy service, then it may be configured incorrectly.
12-04 05:13:14.918     0     0 E init    : Control message: Could not find 'android.hardware.keymaster@4.0::IKeymasterDevice/default' for ctl.interface_start from pid: 399 (/system/bin/hwservicemanager)
12-04 05:13:15.918   402   402 W HidlServiceManagement: Waited one second for android.hardware.keymaster@4.0::IKeymasterDevice/default
12-04 05:13:15.918   399   399 I hwservicemanager: Since android.hardware.keymaster@4.0::IKeymasterDevice/default is not registered, trying to start it as a lazy HAL.
12-04 05:13:15.919   402   402 I HidlServiceManagement: getService: Trying again for android.hardware.keymaster@4.0::IKeymasterDevice/default...
12-04 05:13:15.919   399  1059 W libc    : Unable to set property "ctl.interface_start" to "android.hardware.keymaster@4.0::IKeymasterDevice/default": error code: 0x20
12-04 05:13:15.920   399  1059 I hwservicemanager: Tried to start android.hardware.keymaster@4.0::IKeymasterDevice/default as a lazy service, but was unable to. Usually this happens when a service is not installed, but if the service is intended to be used as a lazy service, then it may be configured incorrectly.
12-04 05:13:15.919     0     0 E init    : Control message: Could not find 'android.hardware.keymaster@4.0::IKeymasterDevice/default' for ctl.interface_start from pid: 399 (/system/bin/hwservicemanager)
12-04 05:13:16.919   402   402 W HidlServiceManagement: Waited one second for android.hardware.keymaster@4.0::IKeymasterDevice/default
12-04 05:13:16.919   399   399 I hwservicemanager: Since android.hardware.keymaster@4.0::IKeymasterDevice/default is not registered, trying to start it as a lazy HAL.
12-04 05:13:16.920   402   402 I HidlServiceManagement: getService: Trying again for android.hardware.keymaster@4.0::IKeymasterDevice/default...
12-04 05:13:16.920   399  1060 W libc    : Unable to set property "ctl.interface_start" to "android.hardware.keymaster@4.0::IKeymasterDevice/default": error code: 0x20
12-04 05:13:16.920   399  1060 I hwservicemanager: Tried to start android.hardware.keymaster@4.0::IKeymasterDevice/default as a lazy service, but was unable to. Usually this happens when a service is not installed, but if the service is intended to be used as a lazy service, then it may be configured incorrectly.
12-04 05:13:16.920     0     0 E init    : Control message: Could not find 'android.hardware.keymaster@4.0::IKeymasterDevice/default' for ctl.interface_start from pid: 399 (/system/bin/hwservicemanager)
12-04 05:13:17.095     0     0 I logd    : logdr: UID=0 GID=0 PID=1062 n tail=0 logMask=99 pid=0 start=0ns deadline=0ns
